"run_id","p","method","year","health_systems_costs_by_run","monetized_dalys_averted_by_run","cash_flow_by_run","investment_by_run"
1,"Absolute All AL disp","dalys_monetized_1",2000,0,0,-26798482.7252633,26798482.7252633
1,"Absolute All AL disp","dalys_monetized_1",2001,0,0,-44971604.9464951,44971604.9464951
1,"Absolute All AL disp","dalys_monetized_1",2002,0,0,-29197993.3498014,29197993.3498014
1,"Absolute All AL disp","dalys_monetized_1",2003,0,0,-55058570.8367679,55058570.8367679
1,"Absolute All AL disp","dalys_monetized_1",2004,0,0,-68448230.7639059,68448230.7639059
1,"Absolute All AL disp","dalys_monetized_1",2005,0,0,-102358034.746129,102358034.746129
1,"Absolute All AL disp","dalys_monetized_1",2006,0,0,-63741152.1534097,63741152.1534097
1,"Absolute All AL disp","dalys_monetized_1",2007,0,0,-156061650.005058,156061650.005058
1,"Absolute All AL disp","dalys_monetized_1",2008,0,0,-104671769.084416,104671769.084416
1,"Absolute All AL disp","dalys_monetized_1",2009,0,0,-76188062.9033656,76188062.9033656
1,"Absolute All AL disp","dalys_monetized_1",2010,0,0,-103364593.393778,103364593.393778
1,"Absolute All AL disp","dalys_monetized_1",2011,1482178200.73959,56132954075.2117,54536635392.486,114140481.986052
1,"Absolute All AL disp","dalys_monetized_1",2012,1229136942.30735,68223241991.7724,66903110635.2412,90994414.2238533
1,"Absolute All AL disp","dalys_monetized_1",2013,1217730427.93397,49938770800.1225,48626182758.4662,94857613.7222628
1,"Absolute All AL disp","dalys_monetized_1",2014,1202575945.7656,182988058916.635,181674130643.593,111352327.276237
1,"Absolute All AL disp","dalys_monetized_1",2015,999496074.117704,179489261290.882,178370377527.794,119387688.97028
1,"Absolute All AL disp","dalys_monetized_1",2016,1006498541.63613,182586948626.31,181482429898.707,98020185.9664466
1,"Absolute All AL disp","dalys_monetized_1",2017,1793309023.84194,259395579630.837,257507911561.426,94359045.5684168
1,"Absolute All AL disp","dalys_monetized_1",2018,1737047135.97533,260460163048.061,258642461060.091,80654851.9945019
1,"Absolute All AL disp","dalys_monetized_1",2019,1644684634.15987,230134083349.161,228405252481.687,84146233.3138799
1,"Absolute All AL disp","dalys_monetized_1",2020,2975845812.15373,325213628988.768,322140153034.279,97630142.335856
1,"Absolute All AL disp","dalys_monetized_1",2021,2577150607.76516,362730251317.391,360062430745.693,90669963.93291
1,"Absolute All AL disp","dalys_monetized_1",2022,0,397598834165.828,397525654061.828,73180104
1,"Absolute Coartem disp only","dalys_monetized_1",2000,0,0,-26798482.7252633,26798482.7252633
1,"Absolute Coartem disp only","dalys_monetized_1",2001,0,0,-44971604.9464951,44971604.9464951
1,"Absolute Coartem disp only","dalys_monetized_1",2002,0,0,-29197993.3498014,29197993.3498014
1,"Absolute Coartem disp only","dalys_monetized_1",2003,0,0,-55058570.8367679,55058570.8367679
1,"Absolute Coartem disp only","dalys_monetized_1",2004,0,0,-68448230.7639059,68448230.7639059
1,"Absolute Coartem disp only","dalys_monetized_1",2005,0,0,-102358034.746129,102358034.746129
1,"Absolute Coartem disp only","dalys_monetized_1",2006,0,0,-63741152.1534097,63741152.1534097
1,"Absolute Coartem disp only","dalys_monetized_1",2007,0,0,-156061650.005058,156061650.005058
1,"Absolute Coartem disp only","dalys_monetized_1",2008,0,0,-104671769.084416,104671769.084416
1,"Absolute Coartem disp only","dalys_monetized_1",2009,0,0,-76188062.9033656,76188062.9033656
1,"Absolute Coartem disp only","dalys_monetized_1",2010,0,0,-103364593.393778,103364593.393778
1,"Absolute Coartem disp only","dalys_monetized_1",2011,1458642530.48459,56132954075.2117,54560171062.741,114140481.986052
1,"Absolute Coartem disp only","dalys_monetized_1",2012,973237420.190604,68223241991.7724,67159010157.358,90994414.2238533
1,"Absolute Coartem disp only","dalys_monetized_1",2013,871330421.821895,48188145089.8207,47221957054.2766,94857613.7222628
1,"Absolute Coartem disp only","dalys_monetized_1",2014,1037348656.88562,175409644145.079,174260943160.917,111352327.276237
1,"Absolute Coartem disp only","dalys_monetized_1",2015,971470173.822815,168956207677.501,167865349814.708,119387688.97028
1,"Absolute Coartem disp only","dalys_monetized_1",2016,1181652717.90765,182586948626.31,181307275722.435,98020185.9664466
1,"Absolute Coartem disp only","dalys_monetized_1",2017,1471890658.238,245167498012.885,243601248309.079,94359045.5684168
1,"Absolute Coartem disp only","dalys_monetized_1",2018,1512218238.02568,247919091311.929,246326218221.908,80654851.9945019
1,"Absolute Coartem disp only","dalys_monetized_1",2019,1601271055.47764,227618183766.145,225932766477.354,84146233.3138799
1,"Absolute Coartem disp only","dalys_monetized_1",2020,2686134420.65745,301817484912.602,299033720349.609,97630142.335856
1,"Absolute Coartem disp only","dalys_monetized_1",2021,1872029390.83788,348028619599.649,346065920244.878,90669963.93291
1,"Absolute Coartem disp only","dalys_monetized_1",2022,0,388377454992.885,388304274888.885,73180104
1,"Relative Coartem disp only","dalys_monetized_1",2000,0,0,-26798482.7252633,26798482.7252633
1,"Relative Coartem disp only","dalys_monetized_1",2001,0,0,-44971604.9464951,44971604.9464951
1,"Relative Coartem disp only","dalys_monetized_1",2002,0,0,-29197993.3498014,29197993.3498014
1,"Relative Coartem disp only","dalys_monetized_1",2003,0,0,-55058570.8367679,55058570.8367679
1,"Relative Coartem disp only","dalys_monetized_1",2004,0,0,-68448230.7639059,68448230.7639059
1,"Relative Coartem disp only","dalys_monetized_1",2005,0,0,-102358034.746129,102358034.746129
1,"Relative Coartem disp only","dalys_monetized_1",2006,0,0,-63741152.1534097,63741152.1534097
1,"Relative Coartem disp only","dalys_monetized_1",2007,0,0,-156061650.005058,156061650.005058
1,"Relative Coartem disp only","dalys_monetized_1",2008,0,0,-104671769.084416,104671769.084416
1,"Relative Coartem disp only","dalys_monetized_1",2009,0,0,-76188062.9033656,76188062.9033656
1,"Relative Coartem disp only","dalys_monetized_1",2010,0,0,-103364593.393778,103364593.393778
1,"Relative Coartem disp only","dalys_monetized_1",2011,1225770759.01775,0,-1339911241.0038,114140481.986052
1,"Relative Coartem disp only","dalys_monetized_1",2012,1266800145.38489,2968803660.27264,1611009100.6639,90994414.2238533
1,"Relative Coartem disp only","dalys_monetized_1",2013,814756061.285845,3315568107.58188,2405954432.57377,94857613.7222628
1,"Relative Coartem disp only","dalys_monetized_1",2014,1090866527.78447,15035807103.5172,13833588248.4564,111352327.276237
1,"Relative Coartem disp only","dalys_monetized_1",2015,1113106739.10473,12034832080.6341,10802337652.5591,119387688.97028
1,"Relative Coartem disp only","dalys_monetized_1",2016,1434727612.95559,19312662246.6961,17779914447.7741,98020185.9664466
1,"Relative Coartem disp only","dalys_monetized_1",2017,1789272148.93465,22053780446.2972,20170149251.7942,94359045.5684168
1,"Relative Coartem disp only","dalys_monetized_1",2018,1666547683.62093,25876328239.0659,24129125703.4505,80654851.9945019
1,"Relative Coartem disp only","dalys_monetized_1",2019,1638175673.16706,27861905000.0971,26139583093.6162,84146233.3138799
1,"Relative Coartem disp only","dalys_monetized_1",2020,2281794093.79086,35407567859.9332,33028143623.8065,97630142.335856
1,"Relative Coartem disp only","dalys_monetized_1",2021,1972299792.99967,46250654051.3714,44187684294.4388,90669963.93291
1,"Relative Coartem disp only","dalys_monetized_1",2022,0,49300609553.6135,49227429449.6135,73180104
1,"Relative_All AL disp","dalys_monetized_1",2000,0,0,-26798482.7252633,26798482.7252633
1,"Relative_All AL disp","dalys_monetized_1",2001,0,0,-44971604.9464951,44971604.9464951
1,"Relative_All AL disp","dalys_monetized_1",2002,0,0,-29197993.3498014,29197993.3498014
1,"Relative_All AL disp","dalys_monetized_1",2003,0,0,-55058570.8367679,55058570.8367679
1,"Relative_All AL disp","dalys_monetized_1",2004,0,0,-68448230.7639059,68448230.7639059
1,"Relative_All AL disp","dalys_monetized_1",2005,0,0,-102358034.746129,102358034.746129
1,"Relative_All AL disp","dalys_monetized_1",2006,0,0,-63741152.1534097,63741152.1534097
1,"Relative_All AL disp","dalys_monetized_1",2007,0,0,-156061650.005058,156061650.005058
1,"Relative_All AL disp","dalys_monetized_1",2008,0,0,-104671769.084416,104671769.084416
1,"Relative_All AL disp","dalys_monetized_1",2009,0,0,-76188062.9033656,76188062.9033656
1,"Relative_All AL disp","dalys_monetized_1",2010,0,0,-103364593.393778,103364593.393778
1,"Relative_All AL disp","dalys_monetized_1",2011,1347059994.84837,0,-1461200476.83442,114140481.986052
1,"Relative_All AL disp","dalys_monetized_1",2012,1130111042.99534,2968803660.27264,1747698203.05344,90994414.2238533
1,"Relative_All AL disp","dalys_monetized_1",2013,973817682.448828,3315568107.58188,2246892811.41079,94857613.7222628
1,"Relative_All AL disp","dalys_monetized_1",2014,1189303282.51371,15035807103.5172,13735151493.7272,111352327.276237
1,"Relative_All AL disp","dalys_monetized_1",2015,1140765539.63545,12034832080.6341,10774678852.0284,119387688.97028
1,"Relative_All AL disp","dalys_monetized_1",2016,980155720.954521,19312662246.6961,18234486339.7751,98020185.9664466
1,"Relative_All AL disp","dalys_monetized_1",2017,1746832788.59933,22053780446.2972,20212588612.1295,94359045.5684168
1,"Relative_All AL disp","dalys_monetized_1",2018,1569847807.50401,25876328239.0659,24225825579.5674,80654851.9945019
1,"Relative_All AL disp","dalys_monetized_1",2019,1389289138.95017,27861905000.0971,26388469627.8331,84146233.3138799
1,"Relative_All AL disp","dalys_monetized_1",2020,2558587183.13774,35407567859.9332,32751350534.4596,97630142.335856
1,"Relative_All AL disp","dalys_monetized_1",2021,2343802956.30811,46250654051.3714,43816181131.1303,90669963.93291
1,"Relative_All AL disp","dalys_monetized_1",2022,0,49300609553.6135,49227429449.6135,73180104
2,"Absolute All AL disp","dalys_monetized_1",2000,0,0,-26798482.7252633,26798482.7252633
2,"Absolute All AL disp","dalys_monetized_1",2001,0,0,-44971604.9464951,44971604.9464951
2,"Absolute All AL disp","dalys_monetized_1",2002,0,0,-29197993.3498014,29197993.3498014
2,"Absolute All AL disp","dalys_monetized_1",2003,0,0,-55058570.8367679,55058570.8367679
2,"Absolute All AL disp","dalys_monetized_1",2004,0,0,-68448230.7639059,68448230.7639059
2,"Absolute All AL disp","dalys_monetized_1",2005,0,0,-102358034.746129,102358034.746129
2,"Absolute All AL disp","dalys_monetized_1",2006,0,0,-63741152.1534097,63741152.1534097
2,"Absolute All AL disp","dalys_monetized_1",2007,0,0,-156061650.005058,156061650.005058
2,"Absolute All AL disp","dalys_monetized_1",2008,0,0,-104671769.084416,104671769.084416
2,"Absolute All AL disp","dalys_monetized_1",2009,0,0,-76188062.9033656,76188062.9033656
2,"Absolute All AL disp","dalys_monetized_1",2010,0,0,-103364593.393778,103364593.393778
2,"Absolute All AL disp","dalys_monetized_1",2011,1266013913.59056,56132954075.2117,54752799679.635,114140481.986052
2,"Absolute All AL disp","dalys_monetized_1",2012,1164706814.42522,68223241991.7724,66967540763.1234,90994414.2238533
2,"Absolute All AL disp","dalys_monetized_1",2013,844779919.714684,49938770800.1225,48999133266.6855,94857613.7222628
2,"Absolute All AL disp","dalys_monetized_1",2014,1549064516.23247,182988058916.635,181327642073.126,111352327.276237
2,"Absolute All AL disp","dalys_monetized_1",2015,999242895.457504,179489261290.882,178370630706.455,119387688.97028
2,"Absolute All AL disp","dalys_monetized_1",2016,1179638386.44583,182586948626.31,181309290053.897,98020185.9664466
2,"Absolute All AL disp","dalys_monetized_1",2017,1651363287.75462,259395579630.837,257649857297.514,94359045.5684168
2,"Absolute All AL disp","dalys_monetized_1",2018,1691922955.45208,260460163048.061,258687585240.615,80654851.9945019
2,"Absolute All AL disp","dalys_monetized_1",2019,1312289125.68454,230134083349.161,228737647990.162,84146233.3138799
2,"Absolute All AL disp","dalys_monetized_1",2020,2506070030.99601,325213628988.768,322609928815.437,97630142.335856
2,"Absolute All AL disp","dalys_monetized_1",2021,2369522699.53842,362730251317.391,360270058653.92,90669963.93291
2,"Absolute All AL disp","dalys_monetized_1",2022,0,397598834165.828,397525654061.828,73180104
2,"Absolute Coartem disp only","dalys_monetized_1",2000,0,0,-26798482.7252633,26798482.7252633
2,"Absolute Coartem disp only","dalys_monetized_1",2001,0,0,-44971604.9464951,44971604.9464951
2,"Absolute Coartem disp only","dalys_monetized_1",2002,0,0,-29197993.3498014,29197993.3498014
2,"Absolute Coartem disp only","dalys_monetized_1",2003,0,0,-55058570.8367679,55058570.8367679
2,"Absolute Coartem disp only","dalys_monetized_1",2004,0,0,-68448230.7639059,68448230.7639059
2,"Absolute Coartem disp only","dalys_monetized_1",2005,0,0,-102358034.746129,102358034.746129
2,"Absolute Coartem disp only","dalys_monetized_1",2006,0,0,-63741152.1534097,63741152.1534097
2,"Absolute Coartem disp only","dalys_monetized_1",2007,0,0,-156061650.005058,156061650.005058
2,"Absolute Coartem disp only","dalys_monetized_1",2008,0,0,-104671769.084416,104671769.084416
2,"Absolute Coartem disp only","dalys_monetized_1",2009,0,0,-76188062.9033656,76188062.9033656
2,"Absolute Coartem disp only","dalys_monetized_1",2010,0,0,-103364593.393778,103364593.393778
2,"Absolute Coartem disp only","dalys_monetized_1",2011,1077337209.36697,56132954075.2117,54941476383.8586,114140481.986052
2,"Absolute Coartem disp only","dalys_monetized_1",2012,1266082838.8673,68223241991.7724,66866164738.6813,90994414.2238533
2,"Absolute Coartem disp only","dalys_monetized_1",2013,821624037.455904,48188145089.8207,47271663438.6426,94857613.7222628
2,"Absolute Coartem disp only","dalys_monetized_1",2014,1234035807.77799,175409644145.079,174064256010.024,111352327.276237
2,"Absolute Coartem disp only","dalys_monetized_1",2015,1068560638.03619,168956207677.501,167768259350.494,119387688.97028
2,"Absolute Coartem disp only","dalys_monetized_1",2016,1220260735.37063,182586948626.31,181268667704.972,98020185.9664466
2,"Absolute Coartem disp only","dalys_monetized_1",2017,1594249982.3973,245167498012.885,243478888984.919,94359045.5684168
2,"Absolute Coartem disp only","dalys_monetized_1",2018,1166579222.76661,247919091311.929,246671857237.168,80654851.9945019
2,"Absolute Coartem disp only","dalys_monetized_1",2019,1227095943.33719,227618183766.145,226306941589.494,84146233.3138799
2,"Absolute Coartem disp only","dalys_monetized_1",2020,2372542412.98411,301817484912.602,299347312357.282,97630142.335856
2,"Absolute Coartem disp only","dalys_monetized_1",2021,2192358974.78828,348028619599.649,345745590660.928,90669963.93291
2,"Absolute Coartem disp only","dalys_monetized_1",2022,0,388377454992.885,388304274888.885,73180104
2,"Relative Coartem disp only","dalys_monetized_1",2000,0,0,-26798482.7252633,26798482.7252633
2,"Relative Coartem disp only","dalys_monetized_1",2001,0,0,-44971604.9464951,44971604.9464951
2,"Relative Coartem disp only","dalys_monetized_1",2002,0,0,-29197993.3498014,29197993.3498014
2,"Relative Coartem disp only","dalys_monetized_1",2003,0,0,-55058570.8367679,55058570.8367679
2,"Relative Coartem disp only","dalys_monetized_1",2004,0,0,-68448230.7639059,68448230.7639059
2,"Relative Coartem disp only","dalys_monetized_1",2005,0,0,-102358034.746129,102358034.746129
2,"Relative Coartem disp only","dalys_monetized_1",2006,0,0,-63741152.1534097,63741152.1534097
2,"Relative Coartem disp only","dalys_monetized_1",2007,0,0,-156061650.005058,156061650.005058
2,"Relative Coartem disp only","dalys_monetized_1",2008,0,0,-104671769.084416,104671769.084416
2,"Relative Coartem disp only","dalys_monetized_1",2009,0,0,-76188062.9033656,76188062.9033656
2,"Relative Coartem disp only","dalys_monetized_1",2010,0,0,-103364593.393778,103364593.393778
2,"Relative Coartem disp only","dalys_monetized_1",2011,1108704347.28662,0,-1222844829.27268,114140481.986052
2,"Relative Coartem disp only","dalys_monetized_1",2012,1370825738.09497,2968803660.27264,1506983507.95381,90994414.2238533
2,"Relative Coartem disp only","dalys_monetized_1",2013,1075447142.11541,3315568107.58188,2145263351.74421,94857613.7222628
2,"Relative Coartem disp only","dalys_monetized_1",2014,1212747755.90317,15035807103.5172,13711707020.3378,111352327.276237
2,"Relative Coartem disp only","dalys_monetized_1",2015,1086921583.34216,12034832080.6341,10828522808.3217,119387688.97028
2,"Relative Coartem disp only","dalys_monetized_1",2016,1045681895.2009,19312662246.6961,18168960165.5288,98020185.9664466
2,"Relative Coartem disp only","dalys_monetized_1",2017,1708738781.612,22053780446.2972,20250682619.1168,94359045.5684168
2,"Relative Coartem disp only","dalys_monetized_1",2018,1473358468.72056,25876328239.0659,24322314918.3509,80654851.9945019
2,"Relative Coartem disp only","dalys_monetized_1",2019,1649169945.96357,27861905000.0971,26128588820.8197,84146233.3138799
2,"Relative Coartem disp only","dalys_monetized_1",2020,2757186002.0759,35407567859.9332,32552751715.5214,97630142.335856
2,"Relative Coartem disp only","dalys_monetized_1",2021,2004260980.41669,46250654051.3714,44155723107.0218,90669963.93291
2,"Relative Coartem disp only","dalys_monetized_1",2022,0,49300609553.6135,49227429449.6135,73180104
2,"Relative_All AL disp","dalys_monetized_1",2000,0,0,-26798482.7252633,26798482.7252633
2,"Relative_All AL disp","dalys_monetized_1",2001,0,0,-44971604.9464951,44971604.9464951
2,"Relative_All AL disp","dalys_monetized_1",2002,0,0,-29197993.3498014,29197993.3498014
2,"Relative_All AL disp","dalys_monetized_1",2003,0,0,-55058570.8367679,55058570.8367679
2,"Relative_All AL disp","dalys_monetized_1",2004,0,0,-68448230.7639059,68448230.7639059
2,"Relative_All AL disp","dalys_monetized_1",2005,0,0,-102358034.746129,102358034.746129
2,"Relative_All AL disp","dalys_monetized_1",2006,0,0,-63741152.1534097,63741152.1534097
2,"Relative_All AL disp","dalys_monetized_1",2007,0,0,-156061650.005058,156061650.005058
2,"Relative_All AL disp","dalys_monetized_1",2008,0,0,-104671769.084416,104671769.084416
2,"Relative_All AL disp","dalys_monetized_1",2009,0,0,-76188062.9033656,76188062.9033656
2,"Relative_All AL disp","dalys_monetized_1",2010,0,0,-103364593.393778,103364593.393778
2,"Relative_All AL disp","dalys_monetized_1",2011,982424217.607767,0,-1096564699.59382,114140481.986052
2,"Relative_All AL disp","dalys_monetized_1",2012,1363504369.10411,2968803660.27264,1514304876.94468,90994414.2238533
2,"Relative_All AL disp","dalys_monetized_1",2013,1209504919.98262,3315568107.58188,2011205573.87699,94857613.7222628
2,"Relative_All AL disp","dalys_monetized_1",2014,1241144299.3613,15035807103.5172,13683310476.8796,111352327.276237
2,"Relative_All AL disp","dalys_monetized_1",2015,1012419481.92245,12034832080.6341,10903024909.7414,119387688.97028
2,"Relative_All AL disp","dalys_monetized_1",2016,1073640824.78092,19312662246.6961,18141001235.9487,98020185.9664466
2,"Relative_All AL disp","dalys_monetized_1",2017,1899696884.05101,22053780446.2972,20059724516.6778,94359045.5684168
2,"Relative_All AL disp","dalys_monetized_1",2018,1629331266.6774,25876328239.0659,24166342120.394,80654851.9945019
2,"Relative_All AL disp","dalys_monetized_1",2019,1440151105.05702,27861905000.0971,26337607661.7262,84146233.3138799
2,"Relative_All AL disp","dalys_monetized_1",2020,2380492921.92511,35407567859.9332,32929444795.6722,97630142.335856
2,"Relative_All AL disp","dalys_monetized_1",2021,1988152921.75651,46250654051.3714,44171831165.6819,90669963.93291
2,"Relative_All AL disp","dalys_monetized_1",2022,0,49300609553.6135,49227429449.6135,73180104
3,"Absolute All AL disp","dalys_monetized_1",2000,0,0,-26798482.7252633,26798482.7252633
3,"Absolute All AL disp","dalys_monetized_1",2001,0,0,-44971604.9464951,44971604.9464951
3,"Absolute All AL disp","dalys_monetized_1",2002,0,0,-29197993.3498014,29197993.3498014
3,"Absolute All AL disp","dalys_monetized_1",2003,0,0,-55058570.8367679,55058570.8367679
3,"Absolute All AL disp","dalys_monetized_1",2004,0,0,-68448230.7639059,68448230.7639059
3,"Absolute All AL disp","dalys_monetized_1",2005,0,0,-102358034.746129,102358034.746129
3,"Absolute All AL disp","dalys_monetized_1",2006,0,0,-63741152.1534097,63741152.1534097
3,"Absolute All AL disp","dalys_monetized_1",2007,0,0,-156061650.005058,156061650.005058
3,"Absolute All AL disp","dalys_monetized_1",2008,0,0,-104671769.084416,104671769.084416
3,"Absolute All AL disp","dalys_monetized_1",2009,0,0,-76188062.9033656,76188062.9033656
3,"Absolute All AL disp","dalys_monetized_1",2010,0,0,-103364593.393778,103364593.393778
3,"Absolute All AL disp","dalys_monetized_1",2011,1129886806.68734,56132954075.2117,54888926786.5383,114140481.986052
3,"Absolute All AL disp","dalys_monetized_1",2012,1195061801.94158,68223241991.7724,66937185775.607,90994414.2238533
3,"Absolute All AL disp","dalys_monetized_1",2013,889772281.090841,49938770800.1225,48954140905.3094,94857613.7222628
3,"Absolute All AL disp","dalys_monetized_1",2014,1418632969.34209,182988058916.635,181458073620.016,111352327.276237
3,"Absolute All AL disp","dalys_monetized_1",2015,1032434954.53204,179489261290.882,178337438647.38,119387688.97028
3,"Absolute All AL disp","dalys_monetized_1",2016,1146072657.03768,182586948626.31,181342855783.305,98020185.9664466
3,"Absolute All AL disp","dalys_monetized_1",2017,1735531133.40534,259395579630.837,257565689451.863,94359045.5684168
3,"Absolute All AL disp","dalys_monetized_1",2018,1663517081.328,260460163048.061,258715991114.739,80654851.9945019
3,"Absolute All AL disp","dalys_monetized_1",2019,1604510259.57475,230134083349.161,228445426856.272,84146233.3138799
3,"Absolute All AL disp","dalys_monetized_1",2020,2474662178.78122,325213628988.768,322641336667.651,97630142.335856
3,"Absolute All AL disp","dalys_monetized_1",2021,2257826989.49228,362730251317.391,360381754363.966,90669963.93291
3,"Absolute All AL disp","dalys_monetized_1",2022,0,397598834165.828,397525654061.828,73180104
3,"Absolute Coartem disp only","dalys_monetized_1",2000,0,0,-26798482.7252633,26798482.7252633
3,"Absolute Coartem disp only","dalys_monetized_1",2001,0,0,-44971604.9464951,44971604.9464951
3,"Absolute Coartem disp only","dalys_monetized_1",2002,0,0,-29197993.3498014,29197993.3498014
3,"Absolute Coartem disp only","dalys_monetized_1",2003,0,0,-55058570.8367679,55058570.8367679
3,"Absolute Coartem disp only","dalys_monetized_1",2004,0,0,-68448230.7639059,68448230.7639059
3,"Absolute Coartem disp only","dalys_monetized_1",2005,0,0,-102358034.746129,102358034.746129
3,"Absolute Coartem disp only","dalys_monetized_1",2006,0,0,-63741152.1534097,63741152.1534097
3,"Absolute Coartem disp only","dalys_monetized_1",2007,0,0,-156061650.005058,156061650.005058
3,"Absolute Coartem disp only","dalys_monetized_1",2008,0,0,-104671769.084416,104671769.084416
3,"Absolute Coartem disp only","dalys_monetized_1",2009,0,0,-76188062.9033656,76188062.9033656
3,"Absolute Coartem disp only","dalys_monetized_1",2010,0,0,-103364593.393778,103364593.393778
3,"Absolute Coartem disp only","dalys_monetized_1",2011,1344427225.48487,56132954075.2117,54674386367.7407,114140481.986052
3,"Absolute Coartem disp only","dalys_monetized_1",2012,1141586165.62255,68223241991.7724,66990661411.926,90994414.2238533
3,"Absolute Coartem disp only","dalys_monetized_1",2013,855188245.569882,48188145089.8207,47238099230.5286,94857613.7222628
3,"Absolute Coartem disp only","dalys_monetized_1",2014,1262565669.10555,175409644145.079,174035726148.697,111352327.276237
3,"Absolute Coartem disp only","dalys_monetized_1",2015,1045070013.40567,168956207677.501,167791749975.125,119387688.97028
3,"Absolute Coartem disp only","dalys_monetized_1",2016,1019818404.42346,182586948626.31,181469110035.92,98020185.9664466
3,"Absolute Coartem disp only","dalys_monetized_1",2017,1353291603.6861,245167498012.885,243719847363.631,94359045.5684168
3,"Absolute Coartem disp only","dalys_monetized_1",2018,1501015936.9587,247919091311.929,246337420522.975,80654851.9945019
3,"Absolute Coartem disp only","dalys_monetized_1",2019,1957811970.4521,227618183766.145,225576225562.379,84146233.3138799
3,"Absolute Coartem disp only","dalys_monetized_1",2020,2103648410.55616,301817484912.602,299616206359.71,97630142.335856
3,"Absolute Coartem disp only","dalys_monetized_1",2021,2566427053.11993,348028619599.649,345371522582.596,90669963.93291
3,"Absolute Coartem disp only","dalys_monetized_1",2022,0,388377454992.885,388304274888.885,73180104
3,"Relative Coartem disp only","dalys_monetized_1",2000,0,0,-26798482.7252633,26798482.7252633
3,"Relative Coartem disp only","dalys_monetized_1",2001,0,0,-44971604.9464951,44971604.9464951
3,"Relative Coartem disp only","dalys_monetized_1",2002,0,0,-29197993.3498014,29197993.3498014
3,"Relative Coartem disp only","dalys_monetized_1",2003,0,0,-55058570.8367679,55058570.8367679
3,"Relative Coartem disp only","dalys_monetized_1",2004,0,0,-68448230.7639059,68448230.7639059
3,"Relative Coartem disp only","dalys_monetized_1",2005,0,0,-102358034.746129,102358034.746129
3,"Relative Coartem disp only","dalys_monetized_1",2006,0,0,-63741152.1534097,63741152.1534097
3,"Relative Coartem disp only","dalys_monetized_1",2007,0,0,-156061650.005058,156061650.005058
3,"Relative Coartem disp only","dalys_monetized_1",2008,0,0,-104671769.084416,104671769.084416
3,"Relative Coartem disp only","dalys_monetized_1",2009,0,0,-76188062.9033656,76188062.9033656
3,"Relative Coartem disp only","dalys_monetized_1",2010,0,0,-103364593.393778,103364593.393778
3,"Relative Coartem disp only","dalys_monetized_1",2011,1298290504.94872,0,-1412430986.93477,114140481.986052
3,"Relative Coartem disp only","dalys_monetized_1",2012,1166552507.63308,2968803660.27264,1711256738.41571,90994414.2238533
3,"Relative Coartem disp only","dalys_monetized_1",2013,815510246.467091,3315568107.58188,2405200247.39252,94857613.7222628
3,"Relative Coartem disp only","dalys_monetized_1",2014,1101522638.96441,15035807103.5172,13822932137.2765,111352327.276237
3,"Relative Coartem disp only","dalys_monetized_1",2015,1160455189.64004,12034832080.6341,10754989202.0238,119387688.97028
3,"Relative Coartem disp only","dalys_monetized_1",2016,1204767248.69077,19312662246.6961,18009874812.0389,98020185.9664466
3,"Relative Coartem disp only","dalys_monetized_1",2017,1528513699.80142,22053780446.2972,20430907700.9274,94359045.5684168
3,"Relative Coartem disp only","dalys_monetized_1",2018,1625457301.86501,25876328239.0659,24170216085.2064,80654851.9945019
3,"Relative Coartem disp only","dalys_monetized_1",2019,1493027005.36739,27861905000.0971,26284731761.4159,84146233.3138799
3,"Relative Coartem disp only","dalys_monetized_1",2020,3036271374.06275,35407567859.9332,32273666343.5346,97630142.335856
3,"Relative Coartem disp only","dalys_monetized_1",2021,2246210462.95681,46250654051.3714,43913773624.4816,90669963.93291
3,"Relative Coartem disp only","dalys_monetized_1",2022,0,49300609553.6135,49227429449.6135,73180104
3,"Relative_All AL disp","dalys_monetized_1",2000,0,0,-26798482.7252633,26798482.7252633
3,"Relative_All AL disp","dalys_monetized_1",2001,0,0,-44971604.9464951,44971604.9464951
3,"Relative_All AL disp","dalys_monetized_1",2002,0,0,-29197993.3498014,29197993.3498014
3,"Relative_All AL disp","dalys_monetized_1",2003,0,0,-55058570.8367679,55058570.8367679
3,"Relative_All AL disp","dalys_monetized_1",2004,0,0,-68448230.7639059,68448230.7639059
3,"Relative_All AL disp","dalys_monetized_1",2005,0,0,-102358034.746129,102358034.746129
3,"Relative_All AL disp","dalys_monetized_1",2006,0,0,-63741152.1534097,63741152.1534097
3,"Relative_All AL disp","dalys_monetized_1",2007,0,0,-156061650.005058,156061650.005058
3,"Relative_All AL disp","dalys_monetized_1",2008,0,0,-104671769.084416,104671769.084416
3,"Relative_All AL disp","dalys_monetized_1",2009,0,0,-76188062.9033656,76188062.9033656
3,"Relative_All AL disp","dalys_monetized_1",2010,0,0,-103364593.393778,103364593.393778
3,"Relative_All AL disp","dalys_monetized_1",2011,1135451551.74258,0,-1249592033.72864,114140481.986052
3,"Relative_All AL disp","dalys_monetized_1",2012,1242821212.93105,2968803660.27264,1634988033.11774,90994414.2238533
3,"Relative_All AL disp","dalys_monetized_1",2013,923488344.615924,3315568107.58188,2297222149.24369,94857613.7222628
3,"Relative_All AL disp","dalys_monetized_1",2014,1166655816.21534,15035807103.5172,13757798960.0256,111352327.276237
3,"Relative_All AL disp","dalys_monetized_1",2015,1005794239.30714,12034832080.6341,10909650152.3567,119387688.97028
3,"Relative_All AL disp","dalys_monetized_1",2016,1109842449.37068,19312662246.6961,18104799611.359,98020185.9664466
3,"Relative_All AL disp","dalys_monetized_1",2017,1607307043.65986,22053780446.2972,20352114357.069,94359045.5684168
3,"Relative_All AL disp","dalys_monetized_1",2018,1583862330.14966,25876328239.0659,24211811056.9218,80654851.9945019
3,"Relative_All AL disp","dalys_monetized_1",2019,1486393666.8369,27861905000.0971,26291365099.9464,84146233.3138799
3,"Relative_All AL disp","dalys_monetized_1",2020,2765575666.97589,35407567859.9332,32544362050.6214,97630142.335856
3,"Relative_All AL disp","dalys_monetized_1",2021,2514811417.75229,46250654051.3714,43645172669.6861,90669963.93291
3,"Relative_All AL disp","dalys_monetized_1",2022,0,49300609553.6135,49227429449.6135,73180104
4,"Absolute All AL disp","dalys_monetized_1",2000,0,0,-26798482.7252633,26798482.7252633
4,"Absolute All AL disp","dalys_monetized_1",2001,0,0,-44971604.9464951,44971604.9464951
4,"Absolute All AL disp","dalys_monetized_1",2002,0,0,-29197993.3498014,29197993.3498014
4,"Absolute All AL disp","dalys_monetized_1",2003,0,0,-55058570.8367679,55058570.8367679
4,"Absolute All AL disp","dalys_monetized_1",2004,0,0,-68448230.7639059,68448230.7639059
4,"Absolute All AL disp","dalys_monetized_1",2005,0,0,-102358034.746129,102358034.746129
4,"Absolute All AL disp","dalys_monetized_1",2006,0,0,-63741152.1534097,63741152.1534097
4,"Absolute All AL disp","dalys_monetized_1",2007,0,0,-156061650.005058,156061650.005058
4,"Absolute All AL disp","dalys_monetized_1",2008,0,0,-104671769.084416,104671769.084416
4,"Absolute All AL disp","dalys_monetized_1",2009,0,0,-76188062.9033656,76188062.9033656
4,"Absolute All AL disp","dalys_monetized_1",2010,0,0,-103364593.393778,103364593.393778
4,"Absolute All AL disp","dalys_monetized_1",2011,1442081164.40887,56132954075.2117,54576732428.8167,114140481.986052
4,"Absolute All AL disp","dalys_monetized_1",2012,1497238887.93721,68223241991.7724,66635008689.6114,90994414.2238533
4,"Absolute All AL disp","dalys_monetized_1",2013,1082572793.29867,49938770800.1225,48761340393.1015,94857613.7222628
4,"Absolute All AL disp","dalys_monetized_1",2014,1136539333.17233,182988058916.635,181740167256.186,111352327.276237
4,"Absolute All AL disp","dalys_monetized_1",2015,1351662039.83963,179489261290.882,178018211562.073,119387688.97028
4,"Absolute All AL disp","dalys_monetized_1",2016,1123433191.88682,182586948626.31,181365495248.456,98020185.9664466
4,"Absolute All AL disp","dalys_monetized_1",2017,1901198846.33372,259395579630.837,257400021738.935,94359045.5684168
4,"Absolute All AL disp","dalys_monetized_1",2018,1391310661.0539,260460163048.061,258988197535.013,80654851.9945019
4,"Absolute All AL disp","dalys_monetized_1",2019,1561766870.73082,230134083349.161,228488170245.116,84146233.3138799
4,"Absolute All AL disp","dalys_monetized_1",2020,3197252031.32984,325213628988.768,321918746815.103,97630142.335856
4,"Absolute All AL disp","dalys_monetized_1",2021,3185918588.54627,362730251317.391,359453662764.912,90669963.93291
4,"Absolute All AL disp","dalys_monetized_1",2022,0,397598834165.828,397525654061.828,73180104
4,"Absolute Coartem disp only","dalys_monetized_1",2000,0,0,-26798482.7252633,26798482.7252633
4,"Absolute Coartem disp only","dalys_monetized_1",2001,0,0,-44971604.9464951,44971604.9464951
4,"Absolute Coartem disp only","dalys_monetized_1",2002,0,0,-29197993.3498014,29197993.3498014
4,"Absolute Coartem disp only","dalys_monetized_1",2003,0,0,-55058570.8367679,55058570.8367679
4,"Absolute Coartem disp only","dalys_monetized_1",2004,0,0,-68448230.7639059,68448230.7639059
4,"Absolute Coartem disp only","dalys_monetized_1",2005,0,0,-102358034.746129,102358034.746129
4,"Absolute Coartem disp only","dalys_monetized_1",2006,0,0,-63741152.1534097,63741152.1534097
4,"Absolute Coartem disp only","dalys_monetized_1",2007,0,0,-156061650.005058,156061650.005058
4,"Absolute Coartem disp only","dalys_monetized_1",2008,0,0,-104671769.084416,104671769.084416
4,"Absolute Coartem disp only","dalys_monetized_1",2009,0,0,-76188062.9033656,76188062.9033656
4,"Absolute Coartem disp only","dalys_monetized_1",2010,0,0,-103364593.393778,103364593.393778
4,"Absolute Coartem disp only","dalys_monetized_1",2011,1521101113.18301,56132954075.2117,54497712480.0426,114140481.986052
4,"Absolute Coartem disp only","dalys_monetized_1",2012,1063417119.79866,68223241991.7724,67068830457.7499,90994414.2238533
4,"Absolute Coartem disp only","dalys_monetized_1",2013,903134091.195032,48188145089.8207,47190153384.9035,94857613.7222628
4,"Absolute Coartem disp only","dalys_monetized_1",2014,1269973490.07842,175409644145.079,174028318327.724,111352327.276237
4,"Absolute Coartem disp only","dalys_monetized_1",2015,1133538841.97796,168956207677.501,167703281146.553,119387688.97028
4,"Absolute Coartem disp only","dalys_monetized_1",2016,1275130737.03467,182586948626.31,181213797703.308,98020185.9664466
4,"Absolute Coartem disp only","dalys_monetized_1",2017,1600394841.94215,245167498012.885,243472744125.375,94359045.5684168
4,"Absolute Coartem disp only","dalys_monetized_1",2018,1770605880.22686,247919091311.929,246067830579.707,80654851.9945019
4,"Absolute Coartem disp only","dalys_monetized_1",2019,1308688501.02498,227618183766.145,226225349031.807,84146233.3138799
4,"Absolute Coartem disp only","dalys_monetized_1",2020,2050977071.86758,301817484912.602,299668877698.399,97630142.335856
4,"Absolute Coartem disp only","dalys_monetized_1",2021,2790032776.32728,348028619599.649,345147916859.389,90669963.93291
4,"Absolute Coartem disp only","dalys_monetized_1",2022,0,388377454992.885,388304274888.885,73180104
4,"Relative Coartem disp only","dalys_monetized_1",2000,0,0,-26798482.7252633,26798482.7252633
4,"Relative Coartem disp only","dalys_monetized_1",2001,0,0,-44971604.9464951,44971604.9464951
4,"Relative Coartem disp only","dalys_monetized_1",2002,0,0,-29197993.3498014,29197993.3498014
4,"Relative Coartem disp only","dalys_monetized_1",2003,0,0,-55058570.8367679,55058570.8367679
4,"Relative Coartem disp only","dalys_monetized_1",2004,0,0,-68448230.7639059,68448230.7639059
4,"Relative Coartem disp only","dalys_monetized_1",2005,0,0,-102358034.746129,102358034.746129
4,"Relative Coartem disp only","dalys_monetized_1",2006,0,0,-63741152.1534097,63741152.1534097
4,"Relative Coartem disp only","dalys_monetized_1",2007,0,0,-156061650.005058,156061650.005058
4,"Relative Coartem disp only","dalys_monetized_1",2008,0,0,-104671769.084416,104671769.084416
4,"Relative Coartem disp only","dalys_monetized_1",2009,0,0,-76188062.9033656,76188062.9033656
4,"Relative Coartem disp only","dalys_monetized_1",2010,0,0,-103364593.393778,103364593.393778
4,"Relative Coartem disp only","dalys_monetized_1",2011,1215747072.17738,0,-1329887554.16343,114140481.986052
4,"Relative Coartem disp only","dalys_monetized_1",2012,1059294580.46392,2968803660.27264,1818514665.58487,90994414.2238533
4,"Relative Coartem disp only","dalys_monetized_1",2013,902436226.952103,3315568107.58188,2318274266.90751,94857613.7222628
4,"Relative Coartem disp only","dalys_monetized_1",2014,1143899148.38792,15035807103.5172,13780555627.853,111352327.276237
4,"Relative Coartem disp only","dalys_monetized_1",2015,1020534915.65987,12034832080.6341,10894909476.004,119387688.97028
4,"Relative Coartem disp only","dalys_monetized_1",2016,1318420192.07192,19312662246.6961,17896221868.6577,98020185.9664466
4,"Relative Coartem disp only","dalys_monetized_1",2017,1801123730.98739,22053780446.2972,20158297669.7414,94359045.5684168
4,"Relative Coartem disp only","dalys_monetized_1",2018,1345368047.60181,25876328239.0659,24450305339.4696,80654851.9945019
4,"Relative Coartem disp only","dalys_monetized_1",2019,1497029463.807,27861905000.0971,26280729302.9763,84146233.3138799
4,"Relative Coartem disp only","dalys_monetized_1",2020,1963815835.0914,35407567859.9332,33346121882.5059,97630142.335856
4,"Relative Coartem disp only","dalys_monetized_1",2021,2631670126.55182,46250654051.3714,43528313960.8866,90669963.93291
4,"Relative Coartem disp only","dalys_monetized_1",2022,0,49300609553.6135,49227429449.6135,73180104
4,"Relative_All AL disp","dalys_monetized_1",2000,0,0,-26798482.7252633,26798482.7252633
4,"Relative_All AL disp","dalys_monetized_1",2001,0,0,-44971604.9464951,44971604.9464951
4,"Relative_All AL disp","dalys_monetized_1",2002,0,0,-29197993.3498014,29197993.3498014
4,"Relative_All AL disp","dalys_monetized_1",2003,0,0,-55058570.8367679,55058570.8367679
4,"Relative_All AL disp","dalys_monetized_1",2004,0,0,-68448230.7639059,68448230.7639059
4,"Relative_All AL disp","dalys_monetized_1",2005,0,0,-102358034.746129,102358034.746129
4,"Relative_All AL disp","dalys_monetized_1",2006,0,0,-63741152.1534097,63741152.1534097
4,"Relative_All AL disp","dalys_monetized_1",2007,0,0,-156061650.005058,156061650.005058
4,"Relative_All AL disp","dalys_monetized_1",2008,0,0,-104671769.084416,104671769.084416
4,"Relative_All AL disp","dalys_monetized_1",2009,0,0,-76188062.9033656,76188062.9033656
4,"Relative_All AL disp","dalys_monetized_1",2010,0,0,-103364593.393778,103364593.393778
4,"Relative_All AL disp","dalys_monetized_1",2011,1358992680.20983,0,-1473133162.19588,114140481.986052
4,"Relative_All AL disp","dalys_monetized_1",2012,1173075801.04989,2968803660.27264,1704733444.9989,90994414.2238533
4,"Relative_All AL disp","dalys_monetized_1",2013,852504573.376153,3315568107.58188,2368205920.48346,94857613.7222628
4,"Relative_All AL disp","dalys_monetized_1",2014,1102177889.2054,15035807103.5172,13822276887.0355,111352327.276237
4,"Relative_All AL disp","dalys_monetized_1",2015,1273095697.06514,12034832080.6341,10642348694.5987,119387688.97028
4,"Relative_All AL disp","dalys_monetized_1",2016,1260248111.62888,19312662246.6961,17954393949.1008,98020185.9664466
4,"Relative_All AL disp","dalys_monetized_1",2017,1819865926.7944,22053780446.2972,20139555473.9344,94359045.5684168
4,"Relative_All AL disp","dalys_monetized_1",2018,1407441153.90521,25876328239.0659,24388232233.1662,80654851.9945019
4,"Relative_All AL disp","dalys_monetized_1",2019,1423826416.66537,27861905000.0971,26353932350.1179,84146233.3138799
4,"Relative_All AL disp","dalys_monetized_1",2020,2730132084.03866,35407567859.9332,32579805633.5587,97630142.335856
4,"Relative_All AL disp","dalys_monetized_1",2021,2462559767.74344,46250654051.3714,43697424319.695,90669963.93291
4,"Relative_All AL disp","dalys_monetized_1",2022,0,49300609553.6135,49227429449.6135,73180104
5,"Absolute All AL disp","dalys_monetized_1",2000,0,0,-26798482.7252633,26798482.7252633
5,"Absolute All AL disp","dalys_monetized_1",2001,0,0,-44971604.9464951,44971604.9464951
5,"Absolute All AL disp","dalys_monetized_1",2002,0,0,-29197993.3498014,29197993.3498014
5,"Absolute All AL disp","dalys_monetized_1",2003,0,0,-55058570.8367679,55058570.8367679
5,"Absolute All AL disp","dalys_monetized_1",2004,0,0,-68448230.7639059,68448230.7639059
5,"Absolute All AL disp","dalys_monetized_1",2005,0,0,-102358034.746129,102358034.746129
5,"Absolute All AL disp","dalys_monetized_1",2006,0,0,-63741152.1534097,63741152.1534097
5,"Absolute All AL disp","dalys_monetized_1",2007,0,0,-156061650.005058,156061650.005058
5,"Absolute All AL disp","dalys_monetized_1",2008,0,0,-104671769.084416,104671769.084416
5,"Absolute All AL disp","dalys_monetized_1",2009,0,0,-76188062.9033656,76188062.9033656
5,"Absolute All AL disp","dalys_monetized_1",2010,0,0,-103364593.393778,103364593.393778
5,"Absolute All AL disp","dalys_monetized_1",2011,1108003404.52519,56132954075.2117,54910810188.7004,114140481.986052
5,"Absolute All AL disp","dalys_monetized_1",2012,1313613063.36563,68223241991.7724,66818634514.183,90994414.2238533
5,"Absolute All AL disp","dalys_monetized_1",2013,832133473.771334,49938770800.1225,49011779712.6289,94857613.7222628
5,"Absolute All AL disp","dalys_monetized_1",2014,1309709328.03523,182988058916.635,181566997261.323,111352327.276237
5,"Absolute All AL disp","dalys_monetized_1",2015,983546954.172544,179489261290.882,178386326647.74,119387688.97028
5,"Absolute All AL disp","dalys_monetized_1",2016,1260302751.08395,182586948626.31,181228625689.259,98020185.9664466
5,"Absolute All AL disp","dalys_monetized_1",2017,1731987348.78049,259395579630.837,257569233236.488,94359045.5684168
5,"Absolute All AL disp","dalys_monetized_1",2018,1803558816.81975,260460163048.061,258575949379.247,80654851.9945019
5,"Absolute All AL disp","dalys_monetized_1",2019,1382853459.11768,230134083349.161,228667083656.729,84146233.3138799
5,"Absolute All AL disp","dalys_monetized_1",2020,2066192552.66991,325213628988.768,323049806293.763,97630142.335856
5,"Absolute All AL disp","dalys_monetized_1",2021,2442224810.89912,362730251317.391,360197356542.559,90669963.93291
5,"Absolute All AL disp","dalys_monetized_1",2022,0,397598834165.828,397525654061.828,73180104
5,"Absolute Coartem disp only","dalys_monetized_1",2000,0,0,-26798482.7252633,26798482.7252633
5,"Absolute Coartem disp only","dalys_monetized_1",2001,0,0,-44971604.9464951,44971604.9464951
5,"Absolute Coartem disp only","dalys_monetized_1",2002,0,0,-29197993.3498014,29197993.3498014
5,"Absolute Coartem disp only","dalys_monetized_1",2003,0,0,-55058570.8367679,55058570.8367679
5,"Absolute Coartem disp only","dalys_monetized_1",2004,0,0,-68448230.7639059,68448230.7639059
5,"Absolute Coartem disp only","dalys_monetized_1",2005,0,0,-102358034.746129,102358034.746129
5,"Absolute Coartem disp only","dalys_monetized_1",2006,0,0,-63741152.1534097,63741152.1534097
5,"Absolute Coartem disp only","dalys_monetized_1",2007,0,0,-156061650.005058,156061650.005058
5,"Absolute Coartem disp only","dalys_monetized_1",2008,0,0,-104671769.084416,104671769.084416
5,"Absolute Coartem disp only","dalys_monetized_1",2009,0,0,-76188062.9033656,76188062.9033656
5,"Absolute Coartem disp only","dalys_monetized_1",2010,0,0,-103364593.393778,103364593.393778
5,"Absolute Coartem disp only","dalys_monetized_1",2011,1407799528.04824,56132954075.2117,54611014065.1774,114140481.986052
5,"Absolute Coartem disp only","dalys_monetized_1",2012,1290496386.93903,68223241991.7724,66841751190.6096,90994414.2238533
5,"Absolute Coartem disp only","dalys_monetized_1",2013,847349650.511821,48188145089.8207,47245937825.5867,94857613.7222628
5,"Absolute Coartem disp only","dalys_monetized_1",2014,1086573932.24871,175409644145.079,174211717885.554,111352327.276237
5,"Absolute Coartem disp only","dalys_monetized_1",2015,945634507.873553,168956207677.501,167891185480.657,119387688.97028
5,"Absolute Coartem disp only","dalys_monetized_1",2016,1350711886.41972,182586948626.31,181138216553.923,98020185.9664466
5,"Absolute Coartem disp only","dalys_monetized_1",2017,1728742435.45004,245167498012.885,243344396531.867,94359045.5684168
5,"Absolute Coartem disp only","dalys_monetized_1",2018,1390549579.96632,247919091311.929,246447886879.968,80654851.9945019
5,"Absolute Coartem disp only","dalys_monetized_1",2019,1251975084.72251,227618183766.145,226282062448.109,84146233.3138799
5,"Absolute Coartem disp only","dalys_monetized_1",2020,2153809267.65995,301817484912.602,299566045502.606,97630142.335856
5,"Absolute Coartem disp only","dalys_monetized_1",2021,2149642564.77102,348028619599.649,345788307070.945,90669963.93291
5,"Absolute Coartem disp only","dalys_monetized_1",2022,0,388377454992.885,388304274888.885,73180104
5,"Relative Coartem disp only","dalys_monetized_1",2000,0,0,-26798482.7252633,26798482.7252633
5,"Relative Coartem disp only","dalys_monetized_1",2001,0,0,-44971604.9464951,44971604.9464951
5,"Relative Coartem disp only","dalys_monetized_1",2002,0,0,-29197993.3498014,29197993.3498014
5,"Relative Coartem disp only","dalys_monetized_1",2003,0,0,-55058570.8367679,55058570.8367679
5,"Relative Coartem disp only","dalys_monetized_1",2004,0,0,-68448230.7639059,68448230.7639059
5,"Relative Coartem disp only","dalys_monetized_1",2005,0,0,-102358034.746129,102358034.746129
5,"Relative Coartem disp only","dalys_monetized_1",2006,0,0,-63741152.1534097,63741152.1534097
5,"Relative Coartem disp only","dalys_monetized_1",2007,0,0,-156061650.005058,156061650.005058
5,"Relative Coartem disp only","dalys_monetized_1",2008,0,0,-104671769.084416,104671769.084416
5,"Relative Coartem disp only","dalys_monetized_1",2009,0,0,-76188062.9033656,76188062.9033656
5,"Relative Coartem disp only","dalys_monetized_1",2010,0,0,-103364593.393778,103364593.393778
5,"Relative Coartem disp only","dalys_monetized_1",2011,1052611245.71806,0,-1166751727.70411,114140481.986052
5,"Relative Coartem disp only","dalys_monetized_1",2012,1267442030.18669,2968803660.27264,1610367215.86209,90994414.2238533
5,"Relative Coartem disp only","dalys_monetized_1",2013,834813638.238574,3315568107.58188,2385896855.62104,94857613.7222628
5,"Relative Coartem disp only","dalys_monetized_1",2014,961797399.329336,15035807103.5172,13962657376.9116,111352327.276237
5,"Relative Coartem disp only","dalys_monetized_1",2015,874228478.747048,12034832080.6341,11041215912.9168,119387688.97028
5,"Relative Coartem disp only","dalys_monetized_1",2016,1026285308.03387,19312662246.6961,18188356752.6958,98020185.9664466
5,"Relative Coartem disp only","dalys_monetized_1",2017,1748999758.25647,22053780446.2972,20210421642.4724,94359045.5684168
5,"Relative Coartem disp only","dalys_monetized_1",2018,1675656464.23025,25876328239.0659,24120016922.8412,80654851.9945019
5,"Relative Coartem disp only","dalys_monetized_1",2019,1467461427.90942,27861905000.0971,26310297338.8738,84146233.3138799
5,"Relative Coartem disp only","dalys_monetized_1",2020,2198930042.05606,35407567859.9332,33111007675.5413,97630142.335856
5,"Relative Coartem disp only","dalys_monetized_1",2021,2923643604.77182,46250654051.3714,43236340482.6666,90669963.93291
5,"Relative Coartem disp only","dalys_monetized_1",2022,0,49300609553.6135,49227429449.6135,73180104
5,"Relative_All AL disp","dalys_monetized_1",2000,0,0,-26798482.7252633,26798482.7252633
5,"Relative_All AL disp","dalys_monetized_1",2001,0,0,-44971604.9464951,44971604.9464951
5,"Relative_All AL disp","dalys_monetized_1",2002,0,0,-29197993.3498014,29197993.3498014
5,"Relative_All AL disp","dalys_monetized_1",2003,0,0,-55058570.8367679,55058570.8367679
5,"Relative_All AL disp","dalys_monetized_1",2004,0,0,-68448230.7639059,68448230.7639059
5,"Relative_All AL disp","dalys_monetized_1",2005,0,0,-102358034.746129,102358034.746129
5,"Relative_All AL disp","dalys_monetized_1",2006,0,0,-63741152.1534097,63741152.1534097
5,"Relative_All AL disp","dalys_monetized_1",2007,0,0,-156061650.005058,156061650.005058
5,"Relative_All AL disp","dalys_monetized_1",2008,0,0,-104671769.084416,104671769.084416
5,"Relative_All AL disp","dalys_monetized_1",2009,0,0,-76188062.9033656,76188062.9033656
5,"Relative_All AL disp","dalys_monetized_1",2010,0,0,-103364593.393778,103364593.393778
5,"Relative_All AL disp","dalys_monetized_1",2011,1106469407.57075,0,-1220609889.55681,114140481.986052
5,"Relative_All AL disp","dalys_monetized_1",2012,1520340297.56567,2968803660.27264,1357468948.48311,90994414.2238533
5,"Relative_All AL disp","dalys_monetized_1",2013,811411072.702663,3315568107.58188,2409299421.15695,94857613.7222628
5,"Relative_All AL disp","dalys_monetized_1",2014,1150261152.07911,15035807103.5172,13774193624.1618,111352327.276237
5,"Relative_All AL disp","dalys_monetized_1",2015,1245140722.84075,12034832080.6341,10670303668.8231,119387688.97028
5,"Relative_All AL disp","dalys_monetized_1",2016,1015940420.70659,19312662246.6961,18198701640.0231,98020185.9664466
5,"Relative_All AL disp","dalys_monetized_1",2017,1900524364.81878,22053780446.2972,20058897035.91,94359045.5684168
5,"Relative_All AL disp","dalys_monetized_1",2018,1372294958.79343,25876328239.0659,24423378428.278,80654851.9945019
5,"Relative_All AL disp","dalys_monetized_1",2019,1528916386.45935,27861905000.0971,26248842380.3239,84146233.3138799
5,"Relative_All AL disp","dalys_monetized_1",2020,2256888648.92245,35407567859.9332,33053049068.6749,97630142.335856
5,"Relative_All AL disp","dalys_monetized_1",2021,2254944546.69807,46250654051.3714,43905039540.7404,90669963.93291
5,"Relative_All AL disp","dalys_monetized_1",2022,0,49300609553.6135,49227429449.6135,73180104
6,"Absolute All AL disp","dalys_monetized_1",2000,0,0,-26798482.7252633,26798482.7252633
6,"Absolute All AL disp","dalys_monetized_1",2001,0,0,-44971604.9464951,44971604.9464951
6,"Absolute All AL disp","dalys_monetized_1",2002,0,0,-29197993.3498014,29197993.3498014
6,"Absolute All AL disp","dalys_monetized_1",2003,0,0,-55058570.8367679,55058570.8367679
6,"Absolute All AL disp","dalys_monetized_1",2004,0,0,-68448230.7639059,68448230.7639059
6,"Absolute All AL disp","dalys_monetized_1",2005,0,0,-102358034.746129,102358034.746129
6,"Absolute All AL disp","dalys_monetized_1",2006,0,0,-63741152.1534097,63741152.1534097
6,"Absolute All AL disp","dalys_monetized_1",2007,0,0,-156061650.005058,156061650.005058
6,"Absolute All AL disp","dalys_monetized_1",2008,0,0,-104671769.084416,104671769.084416
6,"Absolute All AL disp","dalys_monetized_1",2009,0,0,-76188062.9033656,76188062.9033656
6,"Absolute All AL disp","dalys_monetized_1",2010,0,0,-103364593.393778,103364593.393778
6,"Absolute All AL disp","dalys_monetized_1",2011,1390899052.3843,56132954075.2117,54627914540.8413,114140481.986052
6,"Absolute All AL disp","dalys_monetized_1",2012,1574920770.78186,68223241991.7724,66557326806.7667,90994414.2238533
6,"Absolute All AL disp","dalys_monetized_1",2013,1097795507.84552,49938770800.1225,48746117678.5547,94857613.7222628
6,"Absolute All AL disp","dalys_monetized_1",2014,1115406393.6078,182988058916.635,181761300195.751,111352327.276237
6,"Absolute All AL disp","dalys_monetized_1",2015,1217871235.61688,179489261290.882,178152002366.295,119387688.97028
6,"Absolute All AL disp","dalys_monetized_1",2016,984985170.833891,182586948626.31,181503943269.509,98020185.9664466
6,"Absolute All AL disp","dalys_monetized_1",2017,1764468064.08602,259395579630.837,257536752521.182,94359045.5684168
6,"Absolute All AL disp","dalys_monetized_1",2018,1582645790.95037,260460163048.061,258796862405.116,80654851.9945019
6,"Absolute All AL disp","dalys_monetized_1",2019,1381421754.69793,230134083349.161,228668515361.149,84146233.3138799
6,"Absolute All AL disp","dalys_monetized_1",2020,2390634385.54619,325213628988.768,322725364460.886,97630142.335856
6,"Absolute All AL disp","dalys_monetized_1",2021,2279464280.34989,362730251317.391,360360117073.109,90669963.93291
6,"Absolute All AL disp","dalys_monetized_1",2022,0,397598834165.828,397525654061.828,73180104
6,"Absolute Coartem disp only","dalys_monetized_1",2000,0,0,-26798482.7252633,26798482.7252633
6,"Absolute Coartem disp only","dalys_monetized_1",2001,0,0,-44971604.9464951,44971604.9464951
6,"Absolute Coartem disp only","dalys_monetized_1",2002,0,0,-29197993.3498014,29197993.3498014
6,"Absolute Coartem disp only","dalys_monetized_1",2003,0,0,-55058570.8367679,55058570.8367679
6,"Absolute Coartem disp only","dalys_monetized_1",2004,0,0,-68448230.7639059,68448230.7639059
6,"Absolute Coartem disp only","dalys_monetized_1",2005,0,0,-102358034.746129,102358034.746129
6,"Absolute Coartem disp only","dalys_monetized_1",2006,0,0,-63741152.1534097,63741152.1534097
6,"Absolute Coartem disp only","dalys_monetized_1",2007,0,0,-156061650.005058,156061650.005058
6,"Absolute Coartem disp only","dalys_monetized_1",2008,0,0,-104671769.084416,104671769.084416
6,"Absolute Coartem disp only","dalys_monetized_1",2009,0,0,-76188062.9033656,76188062.9033656
6,"Absolute Coartem disp only","dalys_monetized_1",2010,0,0,-103364593.393778,103364593.393778
6,"Absolute Coartem disp only","dalys_monetized_1",2011,1334537348.2237,56132954075.2117,54684276245.0019,114140481.986052
6,"Absolute Coartem disp only","dalys_monetized_1",2012,1443978126.78183,68223241991.7724,66688269450.7668,90994414.2238533
6,"Absolute Coartem disp only","dalys_monetized_1",2013,1148014648.84418,48188145089.8207,46945272827.2543,94857613.7222628
6,"Absolute Coartem disp only","dalys_monetized_1",2014,1214496945.38636,175409644145.079,174083794872.416,111352327.276237
6,"Absolute Coartem disp only","dalys_monetized_1",2015,1046539724.71194,168956207677.501,167790280263.819,119387688.97028
6,"Absolute Coartem disp only","dalys_monetized_1",2016,1141099996.8817,182586948626.31,181347828443.461,98020185.9664466
6,"Absolute Coartem disp only","dalys_monetized_1",2017,1685195636.18055,245167498012.885,243387943331.136,94359045.5684168
6,"Absolute Coartem disp only","dalys_monetized_1",2018,1350236171.74379,247919091311.929,246488200288.19,80654851.9945019
6,"Absolute Coartem disp only","dalys_monetized_1",2019,1480762163.14766,227618183766.145,226053275369.684,84146233.3138799
6,"Absolute Coartem disp only","dalys_monetized_1",2020,2478253752.02128,301817484912.602,299241601018.245,97630142.335856
6,"Absolute Coartem disp only","dalys_monetized_1",2021,1955323375.90531,348028619599.649,345982626259.811,90669963.93291
6,"Absolute Coartem disp only","dalys_monetized_1",2022,0,388377454992.885,388304274888.885,73180104
6,"Relative Coartem disp only","dalys_monetized_1",2000,0,0,-26798482.7252633,26798482.7252633
6,"Relative Coartem disp only","dalys_monetized_1",2001,0,0,-44971604.9464951,44971604.9464951
6,"Relative Coartem disp only","dalys_monetized_1",2002,0,0,-29197993.3498014,29197993.3498014
6,"Relative Coartem disp only","dalys_monetized_1",2003,0,0,-55058570.8367679,55058570.8367679
6,"Relative Coartem disp only","dalys_monetized_1",2004,0,0,-68448230.7639059,68448230.7639059
6,"Relative Coartem disp only","dalys_monetized_1",2005,0,0,-102358034.746129,102358034.746129
6,"Relative Coartem disp only","dalys_monetized_1",2006,0,0,-63741152.1534097,63741152.1534097
6,"Relative Coartem disp only","dalys_monetized_1",2007,0,0,-156061650.005058,156061650.005058
6,"Relative Coartem disp only","dalys_monetized_1",2008,0,0,-104671769.084416,104671769.084416
6,"Relative Coartem disp only","dalys_monetized_1",2009,0,0,-76188062.9033656,76188062.9033656
6,"Relative Coartem disp only","dalys_monetized_1",2010,0,0,-103364593.393778,103364593.393778
6,"Relative Coartem disp only","dalys_monetized_1",2011,1445429190.1899,0,-1559569672.17596,114140481.986052
6,"Relative Coartem disp only","dalys_monetized_1",2012,1516828094.0166,2968803660.27264,1360981152.03219,90994414.2238533
6,"Relative Coartem disp only","dalys_monetized_1",2013,982281225.131099,3315568107.58188,2238429268.72852,94857613.7222628
6,"Relative Coartem disp only","dalys_monetized_1",2014,1106167831.21444,15035807103.5172,13818286945.0265,111352327.276237
6,"Relative Coartem disp only","dalys_monetized_1",2015,1208113899.44094,12034832080.6341,10707330492.2229,119387688.97028
6,"Relative Coartem disp only","dalys_monetized_1",2016,901231259.75355,19312662246.6961,18313410800.9761,98020185.9664466
6,"Relative Coartem disp only","dalys_monetized_1",2017,1587031577.65421,22053780446.2972,20372389823.0746,94359045.5684168
6,"Relative Coartem disp only","dalys_monetized_1",2018,1685117636.47595,25876328239.0659,24110555750.5955,80654851.9945019
6,"Relative Coartem disp only","dalys_monetized_1",2019,1274296892.87266,27861905000.0971,26503461873.9106,84146233.3138799
6,"Relative Coartem disp only","dalys_monetized_1",2020,2596230554.77122,35407567859.9332,32713707162.8261,97630142.335856
6,"Relative Coartem disp only","dalys_monetized_1",2021,2521831269.06757,46250654051.3714,43638152818.3709,90669963.93291
6,"Relative Coartem disp only","dalys_monetized_1",2022,0,49300609553.6135,49227429449.6135,73180104
6,"Relative_All AL disp","dalys_monetized_1",2000,0,0,-26798482.7252633,26798482.7252633
6,"Relative_All AL disp","dalys_monetized_1",2001,0,0,-44971604.9464951,44971604.9464951
6,"Relative_All AL disp","dalys_monetized_1",2002,0,0,-29197993.3498014,29197993.3498014
6,"Relative_All AL disp","dalys_monetized_1",2003,0,0,-55058570.8367679,55058570.8367679
6,"Relative_All AL disp","dalys_monetized_1",2004,0,0,-68448230.7639059,68448230.7639059
6,"Relative_All AL disp","dalys_monetized_1",2005,0,0,-102358034.746129,102358034.746129
6,"Relative_All AL disp","dalys_monetized_1",2006,0,0,-63741152.1534097,63741152.1534097
6,"Relative_All AL disp","dalys_monetized_1",2007,0,0,-156061650.005058,156061650.005058
6,"Relative_All AL disp","dalys_monetized_1",2008,0,0,-104671769.084416,104671769.084416
6,"Relative_All AL disp","dalys_monetized_1",2009,0,0,-76188062.9033656,76188062.9033656
6,"Relative_All AL disp","dalys_monetized_1",2010,0,0,-103364593.393778,103364593.393778
6,"Relative_All AL disp","dalys_monetized_1",2011,1289974128.03457,0,-1404114610.02062,114140481.986052
6,"Relative_All AL disp","dalys_monetized_1",2012,1330574863.14736,2968803660.27264,1547234382.90143,90994414.2238533
6,"Relative_All AL disp","dalys_monetized_1",2013,735611820.751511,3315568107.58188,2485098673.1081,94857613.7222628
6,"Relative_All AL disp","dalys_monetized_1",2014,1275464818.30679,15035807103.5172,13648989957.9341,111352327.276237
6,"Relative_All AL disp","dalys_monetized_1",2015,1148746176.37949,12034832080.6341,10766698215.2843,119387688.97028
6,"Relative_All AL disp","dalys_monetized_1",2016,1017276043.92982,19312662246.6961,18197366016.7998,98020185.9664466
6,"Relative_All AL disp","dalys_monetized_1",2017,2169938038.37576,22053780446.2972,19789483362.3531,94359045.5684168
6,"Relative_All AL disp","dalys_monetized_1",2018,1709292861.24558,25876328239.0659,24086380525.8259,80654851.9945019
6,"Relative_All AL disp","dalys_monetized_1",2019,2053261553.77428,27861905000.0971,25724497213.009,84146233.3138799
6,"Relative_All AL disp","dalys_monetized_1",2020,2048406349.84851,35407567859.9332,33261531367.7488,97630142.335856
6,"Relative_All AL disp","dalys_monetized_1",2021,2870074669.38929,46250654051.3714,43289909418.0492,90669963.93291
6,"Relative_All AL disp","dalys_monetized_1",2022,0,49300609553.6135,49227429449.6135,73180104
7,"Absolute All AL disp","dalys_monetized_1",2000,0,0,-26798482.7252633,26798482.7252633
7,"Absolute All AL disp","dalys_monetized_1",2001,0,0,-44971604.9464951,44971604.9464951
7,"Absolute All AL disp","dalys_monetized_1",2002,0,0,-29197993.3498014,29197993.3498014
7,"Absolute All AL disp","dalys_monetized_1",2003,0,0,-55058570.8367679,55058570.8367679
7,"Absolute All AL disp","dalys_monetized_1",2004,0,0,-68448230.7639059,68448230.7639059
7,"Absolute All AL disp","dalys_monetized_1",2005,0,0,-102358034.746129,102358034.746129
7,"Absolute All AL disp","dalys_monetized_1",2006,0,0,-63741152.1534097,63741152.1534097
7,"Absolute All AL disp","dalys_monetized_1",2007,0,0,-156061650.005058,156061650.005058
7,"Absolute All AL disp","dalys_monetized_1",2008,0,0,-104671769.084416,104671769.084416
7,"Absolute All AL disp","dalys_monetized_1",2009,0,0,-76188062.9033656,76188062.9033656
7,"Absolute All AL disp","dalys_monetized_1",2010,0,0,-103364593.393778,103364593.393778
7,"Absolute All AL disp","dalys_monetized_1",2011,1548078626.00543,56132954075.2117,54470734967.2202,114140481.986052
7,"Absolute All AL disp","dalys_monetized_1",2012,948266267.42166,68223241991.7724,67183981310.1269,90994414.2238533
7,"Absolute All AL disp","dalys_monetized_1",2013,864555705.370764,49938770800.1225,48979357481.0294,94857613.7222628
7,"Absolute All AL disp","dalys_monetized_1",2014,1372331101.52532,182988058916.635,181504375487.833,111352327.276237
7,"Absolute All AL disp","dalys_monetized_1",2015,1076257380.82998,179489261290.882,178293616221.082,119387688.97028
7,"Absolute All AL disp","dalys_monetized_1",2016,1102802607.39709,182586948626.31,181386125832.946,98020185.9664466
7,"Absolute All AL disp","dalys_monetized_1",2017,1666949833.6134,259395579630.837,257634270751.655,94359045.5684168
7,"Absolute All AL disp","dalys_monetized_1",2018,1421975023.31763,260460163048.061,258957533172.749,80654851.9945019
7,"Absolute All AL disp","dalys_monetized_1",2019,1850335868.8091,230134083349.161,228199601247.038,84146233.3138799
7,"Absolute All AL disp","dalys_monetized_1",2020,3022993958.10964,325213628988.768,322093004888.323,97630142.335856
7,"Absolute All AL disp","dalys_monetized_1",2021,2895508000.48683,362730251317.391,359744073352.972,90669963.93291
7,"Absolute All AL disp","dalys_monetized_1",2022,0,397598834165.828,397525654061.828,73180104
7,"Absolute Coartem disp only","dalys_monetized_1",2000,0,0,-26798482.7252633,26798482.7252633
7,"Absolute Coartem disp only","dalys_monetized_1",2001,0,0,-44971604.9464951,44971604.9464951
7,"Absolute Coartem disp only","dalys_monetized_1",2002,0,0,-29197993.3498014,29197993.3498014
7,"Absolute Coartem disp only","dalys_monetized_1",2003,0,0,-55058570.8367679,55058570.8367679
7,"Absolute Coartem disp only","dalys_monetized_1",2004,0,0,-68448230.7639059,68448230.7639059
7,"Absolute Coartem disp only","dalys_monetized_1",2005,0,0,-102358034.746129,102358034.746129
7,"Absolute Coartem disp only","dalys_monetized_1",2006,0,0,-63741152.1534097,63741152.1534097
7,"Absolute Coartem disp only","dalys_monetized_1",2007,0,0,-156061650.005058,156061650.005058
7,"Absolute Coartem disp only","dalys_monetized_1",2008,0,0,-104671769.084416,104671769.084416
7,"Absolute Coartem disp only","dalys_monetized_1",2009,0,0,-76188062.9033656,76188062.9033656
7,"Absolute Coartem disp only","dalys_monetized_1",2010,0,0,-103364593.393778,103364593.393778
7,"Absolute Coartem disp only","dalys_monetized_1",2011,1162960511.33133,56132954075.2117,54855853081.8943,114140481.986052
7,"Absolute Coartem disp only","dalys_monetized_1",2012,1167026916.57808,68223241991.7724,66965220660.9705,90994414.2238533
7,"Absolute Coartem disp only","dalys_monetized_1",2013,831827601.361225,48188145089.8207,47261459874.7373,94857613.7222628
7,"Absolute Coartem disp only","dalys_monetized_1",2014,1171299327.95473,175409644145.079,174126992489.848,111352327.276237
7,"Absolute Coartem disp only","dalys_monetized_1",2015,1074975400.55789,168956207677.501,167761844587.973,119387688.97028
7,"Absolute Coartem disp only","dalys_monetized_1",2016,1046020556.08667,182586948626.31,181442907884.256,98020185.9664466
7,"Absolute Coartem disp only","dalys_monetized_1",2017,1672359152.1916,245167498012.885,243400779815.125,94359045.5684168
7,"Absolute Coartem disp only","dalys_monetized_1",2018,1378146550.29794,247919091311.929,246460289909.636,80654851.9945019
7,"Absolute Coartem disp only","dalys_monetized_1",2019,1755335012.56946,227618183766.145,225778702520.262,84146233.3138799
7,"Absolute Coartem disp only","dalys_monetized_1",2020,2133447788.05821,301817484912.602,299586406982.208,97630142.335856
7,"Absolute Coartem disp only","dalys_monetized_1",2021,2046876763.63235,348028619599.649,345891072872.084,90669963.93291
7,"Absolute Coartem disp only","dalys_monetized_1",2022,0,388377454992.885,388304274888.885,73180104
7,"Relative Coartem disp only","dalys_monetized_1",2000,0,0,-26798482.7252633,26798482.7252633
7,"Relative Coartem disp only","dalys_monetized_1",2001,0,0,-44971604.9464951,44971604.9464951
7,"Relative Coartem disp only","dalys_monetized_1",2002,0,0,-29197993.3498014,29197993.3498014
7,"Relative Coartem disp only","dalys_monetized_1",2003,0,0,-55058570.8367679,55058570.8367679
7,"Relative Coartem disp only","dalys_monetized_1",2004,0,0,-68448230.7639059,68448230.7639059
7,"Relative Coartem disp only","dalys_monetized_1",2005,0,0,-102358034.746129,102358034.746129
7,"Relative Coartem disp only","dalys_monetized_1",2006,0,0,-63741152.1534097,63741152.1534097
7,"Relative Coartem disp only","dalys_monetized_1",2007,0,0,-156061650.005058,156061650.005058
7,"Relative Coartem disp only","dalys_monetized_1",2008,0,0,-104671769.084416,104671769.084416
7,"Relative Coartem disp only","dalys_monetized_1",2009,0,0,-76188062.9033656,76188062.9033656
7,"Relative Coartem disp only","dalys_monetized_1",2010,0,0,-103364593.393778,103364593.393778
7,"Relative Coartem disp only","dalys_monetized_1",2011,973229953.230168,0,-1087370435.21622,114140481.986052
7,"Relative Coartem disp only","dalys_monetized_1",2012,1227161047.3093,2968803660.27264,1650648198.73949,90994414.2238533
7,"Relative Coartem disp only","dalys_monetized_1",2013,875785410.748943,3315568107.58188,2344925083.11067,94857613.7222628
7,"Relative Coartem disp only","dalys_monetized_1",2014,1386707442.90564,15035807103.5172,13537747333.3353,111352327.276237
7,"Relative Coartem disp only","dalys_monetized_1",2015,980362601.46911,12034832080.6341,10935081790.1947,119387688.97028
7,"Relative Coartem disp only","dalys_monetized_1",2016,1036594172.31342,19312662246.6961,18178047888.4162,98020185.9664466
7,"Relative Coartem disp only","dalys_monetized_1",2017,1716049041.80795,22053780446.2972,20243372358.9209,94359045.5684168
7,"Relative Coartem disp only","dalys_monetized_1",2018,1241578867.89231,25876328239.0659,24554094519.1791,80654851.9945019
7,"Relative Coartem disp only","dalys_monetized_1",2019,1652622559.94418,27861905000.0971,26125136206.8391,84146233.3138799
7,"Relative Coartem disp only","dalys_monetized_1",2020,2508609293.26681,35407567859.9332,32801328424.3305,97630142.335856
7,"Relative Coartem disp only","dalys_monetized_1",2021,2323524681.61207,46250654051.3714,43836459405.8264,90669963.93291
7,"Relative Coartem disp only","dalys_monetized_1",2022,0,49300609553.6135,49227429449.6135,73180104
7,"Relative_All AL disp","dalys_monetized_1",2000,0,0,-26798482.7252633,26798482.7252633
7,"Relative_All AL disp","dalys_monetized_1",2001,0,0,-44971604.9464951,44971604.9464951
7,"Relative_All AL disp","dalys_monetized_1",2002,0,0,-29197993.3498014,29197993.3498014
7,"Relative_All AL disp","dalys_monetized_1",2003,0,0,-55058570.8367679,55058570.8367679
7,"Relative_All AL disp","dalys_monetized_1",2004,0,0,-68448230.7639059,68448230.7639059
7,"Relative_All AL disp","dalys_monetized_1",2005,0,0,-102358034.746129,102358034.746129
7,"Relative_All AL disp","dalys_monetized_1",2006,0,0,-63741152.1534097,63741152.1534097
7,"Relative_All AL disp","dalys_monetized_1",2007,0,0,-156061650.005058,156061650.005058
7,"Relative_All AL disp","dalys_monetized_1",2008,0,0,-104671769.084416,104671769.084416
7,"Relative_All AL disp","dalys_monetized_1",2009,0,0,-76188062.9033656,76188062.9033656
7,"Relative_All AL disp","dalys_monetized_1",2010,0,0,-103364593.393778,103364593.393778
7,"Relative_All AL disp","dalys_monetized_1",2011,1564515189.43909,0,-1678655671.42514,114140481.986052
7,"Relative_All AL disp","dalys_monetized_1",2012,1477475376.6423,2968803660.27264,1400333869.40649,90994414.2238533
7,"Relative_All AL disp","dalys_monetized_1",2013,909487239.47949,3315568107.58188,2311223254.38013,94857613.7222628
7,"Relative_All AL disp","dalys_monetized_1",2014,1274288592.36305,15035807103.5172,13650166183.8779,111352327.276237
7,"Relative_All AL disp","dalys_monetized_1",2015,1057899170.27768,12034832080.6341,10857545221.3862,119387688.97028
7,"Relative_All AL disp","dalys_monetized_1",2016,1175639060.56664,19312662246.6961,18039003000.163,98020185.9664466
7,"Relative_All AL disp","dalys_monetized_1",2017,1687755311.17579,22053780446.2972,20271666089.553,94359045.5684168
7,"Relative_All AL disp","dalys_monetized_1",2018,1690232932.64871,25876328239.0659,24105440454.4227,80654851.9945019
7,"Relative_All AL disp","dalys_monetized_1",2019,1598552356.40509,27861905000.0971,26179206410.3782,84146233.3138799
7,"Relative_All AL disp","dalys_monetized_1",2020,2304452323.49081,35407567859.9332,33005485394.1065,97630142.335856
7,"Relative_All AL disp","dalys_monetized_1",2021,2262212022.5699,46250654051.3714,43897772064.8685,90669963.93291
7,"Relative_All AL disp","dalys_monetized_1",2022,0,49300609553.6135,49227429449.6135,73180104
8,"Absolute All AL disp","dalys_monetized_1",2000,0,0,-26798482.7252633,26798482.7252633
8,"Absolute All AL disp","dalys_monetized_1",2001,0,0,-44971604.9464951,44971604.9464951
8,"Absolute All AL disp","dalys_monetized_1",2002,0,0,-29197993.3498014,29197993.3498014
8,"Absolute All AL disp","dalys_monetized_1",2003,0,0,-55058570.8367679,55058570.8367679
8,"Absolute All AL disp","dalys_monetized_1",2004,0,0,-68448230.7639059,68448230.7639059
8,"Absolute All AL disp","dalys_monetized_1",2005,0,0,-102358034.746129,102358034.746129
8,"Absolute All AL disp","dalys_monetized_1",2006,0,0,-63741152.1534097,63741152.1534097
8,"Absolute All AL disp","dalys_monetized_1",2007,0,0,-156061650.005058,156061650.005058
8,"Absolute All AL disp","dalys_monetized_1",2008,0,0,-104671769.084416,104671769.084416
8,"Absolute All AL disp","dalys_monetized_1",2009,0,0,-76188062.9033656,76188062.9033656
8,"Absolute All AL disp","dalys_monetized_1",2010,0,0,-103364593.393778,103364593.393778
8,"Absolute All AL disp","dalys_monetized_1",2011,1319723018.2686,56132954075.2117,54699090574.957,114140481.986052
8,"Absolute All AL disp","dalys_monetized_1",2012,1385935171.25787,68223241991.7724,66746312406.2907,90994414.2238533
8,"Absolute All AL disp","dalys_monetized_1",2013,1221352787.48947,49938770800.1225,48622560398.9108,94857613.7222628
8,"Absolute All AL disp","dalys_monetized_1",2014,1045352016.75666,182988058916.635,181831354572.602,111352327.276237
8,"Absolute All AL disp","dalys_monetized_1",2015,1143741603.80968,179489261290.882,178226131998.102,119387688.97028
8,"Absolute All AL disp","dalys_monetized_1",2016,1081988724.30767,182586948626.31,181406939716.035,98020185.9664466
8,"Absolute All AL disp","dalys_monetized_1",2017,1683341847.6829,259395579630.837,257617878737.586,94359045.5684168
8,"Absolute All AL disp","dalys_monetized_1",2018,1627369556.16128,260460163048.061,258752138639.905,80654851.9945019
8,"Absolute All AL disp","dalys_monetized_1",2019,1781388111.404,230134083349.161,228268549004.443,84146233.3138799
8,"Absolute All AL disp","dalys_monetized_1",2020,3102340055.62616,325213628988.768,322013658790.806,97630142.335856
8,"Absolute All AL disp","dalys_monetized_1",2021,2336623932.60865,362730251317.391,360302957420.85,90669963.93291
8,"Absolute All AL disp","dalys_monetized_1",2022,0,397598834165.828,397525654061.828,73180104
8,"Absolute Coartem disp only","dalys_monetized_1",2000,0,0,-26798482.7252633,26798482.7252633
8,"Absolute Coartem disp only","dalys_monetized_1",2001,0,0,-44971604.9464951,44971604.9464951
8,"Absolute Coartem disp only","dalys_monetized_1",2002,0,0,-29197993.3498014,29197993.3498014
8,"Absolute Coartem disp only","dalys_monetized_1",2003,0,0,-55058570.8367679,55058570.8367679
8,"Absolute Coartem disp only","dalys_monetized_1",2004,0,0,-68448230.7639059,68448230.7639059
8,"Absolute Coartem disp only","dalys_monetized_1",2005,0,0,-102358034.746129,102358034.746129
8,"Absolute Coartem disp only","dalys_monetized_1",2006,0,0,-63741152.1534097,63741152.1534097
8,"Absolute Coartem disp only","dalys_monetized_1",2007,0,0,-156061650.005058,156061650.005058
8,"Absolute Coartem disp only","dalys_monetized_1",2008,0,0,-104671769.084416,104671769.084416
8,"Absolute Coartem disp only","dalys_monetized_1",2009,0,0,-76188062.9033656,76188062.9033656
8,"Absolute Coartem disp only","dalys_monetized_1",2010,0,0,-103364593.393778,103364593.393778
8,"Absolute Coartem disp only","dalys_monetized_1",2011,1539414761.22901,56132954075.2117,54479398831.9966,114140481.986052
8,"Absolute Coartem disp only","dalys_monetized_1",2012,1456870109.49286,68223241991.7724,66675377468.0557,90994414.2238533
8,"Absolute Coartem disp only","dalys_monetized_1",2013,1034307893.64136,48188145089.8207,47058979582.4571,94857613.7222628
8,"Absolute Coartem disp only","dalys_monetized_1",2014,1153475360.35473,175409644145.079,174144816457.448,111352327.276237
8,"Absolute Coartem disp only","dalys_monetized_1",2015,1091874267.97922,168956207677.501,167744945720.551,119387688.97028
8,"Absolute Coartem disp only","dalys_monetized_1",2016,992743922.245577,182586948626.31,181496184518.098,98020185.9664466
8,"Absolute Coartem disp only","dalys_monetized_1",2017,1587087104.98019,245167498012.885,243486051862.336,94359045.5684168
8,"Absolute Coartem disp only","dalys_monetized_1",2018,1410027761.79447,247919091311.929,246428408698.14,80654851.9945019
8,"Absolute Coartem disp only","dalys_monetized_1",2019,1449853651.32781,227618183766.145,226084183881.504,84146233.3138799
8,"Absolute Coartem disp only","dalys_monetized_1",2020,2044778342.03538,301817484912.602,299675076428.231,97630142.335856
8,"Absolute Coartem disp only","dalys_monetized_1",2021,1814099664.10325,348028619599.649,346123849971.613,90669963.93291
8,"Absolute Coartem disp only","dalys_monetized_1",2022,0,388377454992.885,388304274888.885,73180104
8,"Relative Coartem disp only","dalys_monetized_1",2000,0,0,-26798482.7252633,26798482.7252633
8,"Relative Coartem disp only","dalys_monetized_1",2001,0,0,-44971604.9464951,44971604.9464951
8,"Relative Coartem disp only","dalys_monetized_1",2002,0,0,-29197993.3498014,29197993.3498014
8,"Relative Coartem disp only","dalys_monetized_1",2003,0,0,-55058570.8367679,55058570.8367679
8,"Relative Coartem disp only","dalys_monetized_1",2004,0,0,-68448230.7639059,68448230.7639059
8,"Relative Coartem disp only","dalys_monetized_1",2005,0,0,-102358034.746129,102358034.746129
8,"Relative Coartem disp only","dalys_monetized_1",2006,0,0,-63741152.1534097,63741152.1534097
8,"Relative Coartem disp only","dalys_monetized_1",2007,0,0,-156061650.005058,156061650.005058
8,"Relative Coartem disp only","dalys_monetized_1",2008,0,0,-104671769.084416,104671769.084416
8,"Relative Coartem disp only","dalys_monetized_1",2009,0,0,-76188062.9033656,76188062.9033656
8,"Relative Coartem disp only","dalys_monetized_1",2010,0,0,-103364593.393778,103364593.393778
8,"Relative Coartem disp only","dalys_monetized_1",2011,1559536680.11791,0,-1673677162.10396,114140481.986052
8,"Relative Coartem disp only","dalys_monetized_1",2012,1217305078.32424,2968803660.27264,1660504167.72455,90994414.2238533
8,"Relative Coartem disp only","dalys_monetized_1",2013,737003027.008859,3315568107.58188,2483707466.85076,94857613.7222628
8,"Relative Coartem disp only","dalys_monetized_1",2014,1188275431.27885,15035807103.5172,13736179344.9621,111352327.276237
8,"Relative Coartem disp only","dalys_monetized_1",2015,1119317308.05223,12034832080.6341,10796127083.6116,119387688.97028
8,"Relative Coartem disp only","dalys_monetized_1",2016,1065131599.5369,19312662246.6961,18149510461.1928,98020185.9664466
8,"Relative Coartem disp only","dalys_monetized_1",2017,1770466533.54168,22053780446.2972,20188954867.1871,94359045.5684168
8,"Relative Coartem disp only","dalys_monetized_1",2018,1531087961.56873,25876328239.0659,24264585425.5027,80654851.9945019
8,"Relative Coartem disp only","dalys_monetized_1",2019,1289913990.44378,27861905000.0971,26487844776.3395,84146233.3138799
8,"Relative Coartem disp only","dalys_monetized_1",2020,1896964881.10673,35407567859.9332,33412972836.4906,97630142.335856
8,"Relative Coartem disp only","dalys_monetized_1",2021,1998446986.48846,46250654051.3714,44161537100.95,90669963.93291
8,"Relative Coartem disp only","dalys_monetized_1",2022,0,49300609553.6135,49227429449.6135,73180104
8,"Relative_All AL disp","dalys_monetized_1",2000,0,0,-26798482.7252633,26798482.7252633
8,"Relative_All AL disp","dalys_monetized_1",2001,0,0,-44971604.9464951,44971604.9464951
8,"Relative_All AL disp","dalys_monetized_1",2002,0,0,-29197993.3498014,29197993.3498014
8,"Relative_All AL disp","dalys_monetized_1",2003,0,0,-55058570.8367679,55058570.8367679
8,"Relative_All AL disp","dalys_monetized_1",2004,0,0,-68448230.7639059,68448230.7639059
8,"Relative_All AL disp","dalys_monetized_1",2005,0,0,-102358034.746129,102358034.746129
8,"Relative_All AL disp","dalys_monetized_1",2006,0,0,-63741152.1534097,63741152.1534097
8,"Relative_All AL disp","dalys_monetized_1",2007,0,0,-156061650.005058,156061650.005058
8,"Relative_All AL disp","dalys_monetized_1",2008,0,0,-104671769.084416,104671769.084416
8,"Relative_All AL disp","dalys_monetized_1",2009,0,0,-76188062.9033656,76188062.9033656
8,"Relative_All AL disp","dalys_monetized_1",2010,0,0,-103364593.393778,103364593.393778
8,"Relative_All AL disp","dalys_monetized_1",2011,1252989495.31045,0,-1367129977.2965,114140481.986052
8,"Relative_All AL disp","dalys_monetized_1",2012,1022105709.2034,2968803660.27264,1855703536.84539,90994414.2238533
8,"Relative_All AL disp","dalys_monetized_1",2013,912253946.850961,3315568107.58188,2308456547.00865,94857613.7222628
8,"Relative_All AL disp","dalys_monetized_1",2014,1173976295.26343,15035807103.5172,13750478480.9775,111352327.276237
8,"Relative_All AL disp","dalys_monetized_1",2015,1127170348.25715,12034832080.6341,10788274043.4067,119387688.97028
8,"Relative_All AL disp","dalys_monetized_1",2016,1266056657.31938,19312662246.6961,17948585403.4103,98020185.9664466
8,"Relative_All AL disp","dalys_monetized_1",2017,1661166363.49426,22053780446.2972,20298255037.2346,94359045.5684168
8,"Relative_All AL disp","dalys_monetized_1",2018,1342286469.79852,25876328239.0659,24453386917.2729,80654851.9945019
8,"Relative_All AL disp","dalys_monetized_1",2019,1435360155.31974,27861905000.0971,26342398611.4635,84146233.3138799
8,"Relative_All AL disp","dalys_monetized_1",2020,2077844917.94098,35407567859.9332,33232092799.6564,97630142.335856
8,"Relative_All AL disp","dalys_monetized_1",2021,2245077965.92597,46250654051.3714,43914906121.5125,90669963.93291
8,"Relative_All AL disp","dalys_monetized_1",2022,0,49300609553.6135,49227429449.6135,73180104
9,"Absolute All AL disp","dalys_monetized_1",2000,0,0,-26798482.7252633,26798482.7252633
9,"Absolute All AL disp","dalys_monetized_1",2001,0,0,-44971604.9464951,44971604.9464951
9,"Absolute All AL disp","dalys_monetized_1",2002,0,0,-29197993.3498014,29197993.3498014
9,"Absolute All AL disp","dalys_monetized_1",2003,0,0,-55058570.8367679,55058570.8367679
9,"Absolute All AL disp","dalys_monetized_1",2004,0,0,-68448230.7639059,68448230.7639059
9,"Absolute All AL disp","dalys_monetized_1",2005,0,0,-102358034.746129,102358034.746129
9,"Absolute All AL disp","dalys_monetized_1",2006,0,0,-63741152.1534097,63741152.1534097
9,"Absolute All AL disp","dalys_monetized_1",2007,0,0,-156061650.005058,156061650.005058
9,"Absolute All AL disp","dalys_monetized_1",2008,0,0,-104671769.084416,104671769.084416
9,"Absolute All AL disp","dalys_monetized_1",2009,0,0,-76188062.9033656,76188062.9033656
9,"Absolute All AL disp","dalys_monetized_1",2010,0,0,-103364593.393778,103364593.393778
9,"Absolute All AL disp","dalys_monetized_1",2011,1295779441.2957,56132954075.2117,54723034151.9299,114140481.986052
9,"Absolute All AL disp","dalys_monetized_1",2012,1173548151.52531,68223241991.7724,66958699426.0233,90994414.2238533
9,"Absolute All AL disp","dalys_monetized_1",2013,943138218.325327,49938770800.1225,48900774968.0749,94857613.7222628
9,"Absolute All AL disp","dalys_monetized_1",2014,1637890935.18173,182988058916.635,181238815654.177,111352327.276237
9,"Absolute All AL disp","dalys_monetized_1",2015,1277924318.0995,179489261290.882,178091949283.813,119387688.97028
9,"Absolute All AL disp","dalys_monetized_1",2016,1077011454.68901,182586948626.31,181411916985.654,98020185.9664466
9,"Absolute All AL disp","dalys_monetized_1",2017,1970812056.58476,259395579630.837,257330408528.684,94359045.5684168
9,"Absolute All AL disp","dalys_monetized_1",2018,1713290393.02346,260460163048.061,258666217803.043,80654851.9945019
9,"Absolute All AL disp","dalys_monetized_1",2019,1680985079.23793,230134083349.161,228368952036.609,84146233.3138799
9,"Absolute All AL disp","dalys_monetized_1",2020,2296415887.79836,325213628988.768,322819582958.634,97630142.335856
9,"Absolute All AL disp","dalys_monetized_1",2021,2541949219.32425,362730251317.391,360097632134.134,90669963.93291
9,"Absolute All AL disp","dalys_monetized_1",2022,0,397598834165.828,397525654061.828,73180104
9,"Absolute Coartem disp only","dalys_monetized_1",2000,0,0,-26798482.7252633,26798482.7252633
9,"Absolute Coartem disp only","dalys_monetized_1",2001,0,0,-44971604.9464951,44971604.9464951
9,"Absolute Coartem disp only","dalys_monetized_1",2002,0,0,-29197993.3498014,29197993.3498014
9,"Absolute Coartem disp only","dalys_monetized_1",2003,0,0,-55058570.8367679,55058570.8367679
9,"Absolute Coartem disp only","dalys_monetized_1",2004,0,0,-68448230.7639059,68448230.7639059
9,"Absolute Coartem disp only","dalys_monetized_1",2005,0,0,-102358034.746129,102358034.746129
9,"Absolute Coartem disp only","dalys_monetized_1",2006,0,0,-63741152.1534097,63741152.1534097
9,"Absolute Coartem disp only","dalys_monetized_1",2007,0,0,-156061650.005058,156061650.005058
9,"Absolute Coartem disp only","dalys_monetized_1",2008,0,0,-104671769.084416,104671769.084416
9,"Absolute Coartem disp only","dalys_monetized_1",2009,0,0,-76188062.9033656,76188062.9033656
9,"Absolute Coartem disp only","dalys_monetized_1",2010,0,0,-103364593.393778,103364593.393778
9,"Absolute Coartem disp only","dalys_monetized_1",2011,1161564513.65528,56132954075.2117,54857249079.5703,114140481.986052
9,"Absolute Coartem disp only","dalys_monetized_1",2012,1247095683.02818,68223241991.7724,66885151894.5204,90994414.2238533
9,"Absolute Coartem disp only","dalys_monetized_1",2013,824467899.294521,48188145089.8207,47268819576.804,94857613.7222628
9,"Absolute Coartem disp only","dalys_monetized_1",2014,1178297430.4189,175409644145.079,174119994387.383,111352327.276237
9,"Absolute Coartem disp only","dalys_monetized_1",2015,1026974320.18437,168956207677.501,167809845668.346,119387688.97028
9,"Absolute Coartem disp only","dalys_monetized_1",2016,1122428103.33574,182586948626.31,181366500337.007,98020185.9664466
9,"Absolute Coartem disp only","dalys_monetized_1",2017,1448956307.64799,245167498012.885,243624182659.669,94359045.5684168
9,"Absolute Coartem disp only","dalys_monetized_1",2018,1481945435.65561,247919091311.929,246356491024.279,80654851.9945019
9,"Absolute Coartem disp only","dalys_monetized_1",2019,1535920254.58026,227618183766.145,225998117278.251,84146233.3138799
9,"Absolute Coartem disp only","dalys_monetized_1",2020,2621213691.19344,301817484912.602,299098641079.073,97630142.335856
9,"Absolute Coartem disp only","dalys_monetized_1",2021,2359914913.37432,348028619599.649,345578034722.342,90669963.93291
9,"Absolute Coartem disp only","dalys_monetized_1",2022,0,388377454992.885,388304274888.885,73180104
9,"Relative Coartem disp only","dalys_monetized_1",2000,0,0,-26798482.7252633,26798482.7252633
9,"Relative Coartem disp only","dalys_monetized_1",2001,0,0,-44971604.9464951,44971604.9464951
9,"Relative Coartem disp only","dalys_monetized_1",2002,0,0,-29197993.3498014,29197993.3498014
9,"Relative Coartem disp only","dalys_monetized_1",2003,0,0,-55058570.8367679,55058570.8367679
9,"Relative Coartem disp only","dalys_monetized_1",2004,0,0,-68448230.7639059,68448230.7639059
9,"Relative Coartem disp only","dalys_monetized_1",2005,0,0,-102358034.746129,102358034.746129
9,"Relative Coartem disp only","dalys_monetized_1",2006,0,0,-63741152.1534097,63741152.1534097
9,"Relative Coartem disp only","dalys_monetized_1",2007,0,0,-156061650.005058,156061650.005058
9,"Relative Coartem disp only","dalys_monetized_1",2008,0,0,-104671769.084416,104671769.084416
9,"Relative Coartem disp only","dalys_monetized_1",2009,0,0,-76188062.9033656,76188062.9033656
9,"Relative Coartem disp only","dalys_monetized_1",2010,0,0,-103364593.393778,103364593.393778
9,"Relative Coartem disp only","dalys_monetized_1",2011,1509904660.7233,0,-1624045142.70936,114140481.986052
9,"Relative Coartem disp only","dalys_monetized_1",2012,1146724677.575,2968803660.27264,1731084568.47379,90994414.2238533
9,"Relative Coartem disp only","dalys_monetized_1",2013,961842393.726401,3315568107.58188,2258868100.13321,94857613.7222628
9,"Relative Coartem disp only","dalys_monetized_1",2014,1306318589.81973,15035807103.5172,13618136186.4212,111352327.276237
9,"Relative Coartem disp only","dalys_monetized_1",2015,1165213098.86816,12034832080.6341,10750231292.7957,119387688.97028
9,"Relative Coartem disp only","dalys_monetized_1",2016,1131289434.27765,19312662246.6961,18083352626.452,98020185.9664466
9,"Relative Coartem disp only","dalys_monetized_1",2017,1817984995.79253,22053780446.2972,20141436404.9363,94359045.5684168
9,"Relative Coartem disp only","dalys_monetized_1",2018,1373946360.02983,25876328239.0659,24421727027.0416,80654851.9945019
9,"Relative Coartem disp only","dalys_monetized_1",2019,1764566533.2888,27861905000.0971,26013192233.4945,84146233.3138799
9,"Relative Coartem disp only","dalys_monetized_1",2020,2167326675.99751,35407567859.9332,33142611041.5998,97630142.335856
9,"Relative Coartem disp only","dalys_monetized_1",2021,2322408338.36706,46250654051.3714,43837575749.0714,90669963.93291
9,"Relative Coartem disp only","dalys_monetized_1",2022,0,49300609553.6135,49227429449.6135,73180104
9,"Relative_All AL disp","dalys_monetized_1",2000,0,0,-26798482.7252633,26798482.7252633
9,"Relative_All AL disp","dalys_monetized_1",2001,0,0,-44971604.9464951,44971604.9464951
9,"Relative_All AL disp","dalys_monetized_1",2002,0,0,-29197993.3498014,29197993.3498014
9,"Relative_All AL disp","dalys_monetized_1",2003,0,0,-55058570.8367679,55058570.8367679
9,"Relative_All AL disp","dalys_monetized_1",2004,0,0,-68448230.7639059,68448230.7639059
9,"Relative_All AL disp","dalys_monetized_1",2005,0,0,-102358034.746129,102358034.746129
9,"Relative_All AL disp","dalys_monetized_1",2006,0,0,-63741152.1534097,63741152.1534097
9,"Relative_All AL disp","dalys_monetized_1",2007,0,0,-156061650.005058,156061650.005058
9,"Relative_All AL disp","dalys_monetized_1",2008,0,0,-104671769.084416,104671769.084416
9,"Relative_All AL disp","dalys_monetized_1",2009,0,0,-76188062.9033656,76188062.9033656
9,"Relative_All AL disp","dalys_monetized_1",2010,0,0,-103364593.393778,103364593.393778
9,"Relative_All AL disp","dalys_monetized_1",2011,1417507658.89883,0,-1531648140.88488,114140481.986052
9,"Relative_All AL disp","dalys_monetized_1",2012,1558551974.78402,2968803660.27264,1319257271.26476,90994414.2238533
9,"Relative_All AL disp","dalys_monetized_1",2013,946501886.979856,3315568107.58188,2274208606.87976,94857613.7222628
9,"Relative_All AL disp","dalys_monetized_1",2014,1348146238.33916,15035807103.5172,13576308537.9018,111352327.276237
9,"Relative_All AL disp","dalys_monetized_1",2015,1114373002.10566,12034832080.6341,10801071389.5582,119387688.97028
9,"Relative_All AL disp","dalys_monetized_1",2016,1135768017.62036,19312662246.6961,18078874043.1093,98020185.9664466
9,"Relative_All AL disp","dalys_monetized_1",2017,1627144279.8199,22053780446.2972,20332277120.9089,94359045.5684168
9,"Relative_All AL disp","dalys_monetized_1",2018,1547731911.83524,25876328239.0659,24247941475.2362,80654851.9945019
9,"Relative_All AL disp","dalys_monetized_1",2019,1521657028.544,27861905000.0971,26256101738.2393,84146233.3138799
9,"Relative_All AL disp","dalys_monetized_1",2020,2995401100.30509,35407567859.9332,32314536617.2923,97630142.335856
9,"Relative_All AL disp","dalys_monetized_1",2021,2742995593.9446,46250654051.3714,43416988493.4938,90669963.93291
9,"Relative_All AL disp","dalys_monetized_1",2022,0,49300609553.6135,49227429449.6135,73180104
10,"Absolute All AL disp","dalys_monetized_1",2000,0,0,-26798482.7252633,26798482.7252633
10,"Absolute All AL disp","dalys_monetized_1",2001,0,0,-44971604.9464951,44971604.9464951
10,"Absolute All AL disp","dalys_monetized_1",2002,0,0,-29197993.3498014,29197993.3498014
10,"Absolute All AL disp","dalys_monetized_1",2003,0,0,-55058570.8367679,55058570.8367679
10,"Absolute All AL disp","dalys_monetized_1",2004,0,0,-68448230.7639059,68448230.7639059
10,"Absolute All AL disp","dalys_monetized_1",2005,0,0,-102358034.746129,102358034.746129
10,"Absolute All AL disp","dalys_monetized_1",2006,0,0,-63741152.1534097,63741152.1534097
10,"Absolute All AL disp","dalys_monetized_1",2007,0,0,-156061650.005058,156061650.005058
10,"Absolute All AL disp","dalys_monetized_1",2008,0,0,-104671769.084416,104671769.084416
10,"Absolute All AL disp","dalys_monetized_1",2009,0,0,-76188062.9033656,76188062.9033656
10,"Absolute All AL disp","dalys_monetized_1",2010,0,0,-103364593.393778,103364593.393778
10,"Absolute All AL disp","dalys_monetized_1",2011,1398978898.73486,56132954075.2117,54619834694.4907,114140481.986052
10,"Absolute All AL disp","dalys_monetized_1",2012,1391442842.37353,68223241991.7724,66740804735.1751,90994414.2238533
10,"Absolute All AL disp","dalys_monetized_1",2013,1046857824.67853,49938770800.1225,48797055361.7217,94857613.7222628
10,"Absolute All AL disp","dalys_monetized_1",2014,1194391354.32393,182988058916.635,181682315235.034,111352327.276237
10,"Absolute All AL disp","dalys_monetized_1",2015,1072723146.14007,179489261290.882,178297150455.772,119387688.97028
10,"Absolute All AL disp","dalys_monetized_1",2016,1160655144.22563,182586948626.31,181328273296.117,98020185.9664466
10,"Absolute All AL disp","dalys_monetized_1",2017,1599392869.91663,259395579630.837,257701827715.352,94359045.5684168
10,"Absolute All AL disp","dalys_monetized_1",2018,1685913718.93508,260460163048.061,258693594477.132,80654851.9945019
10,"Absolute All AL disp","dalys_monetized_1",2019,1397888553.06164,230134083349.161,228652048562.785,84146233.3138799
10,"Absolute All AL disp","dalys_monetized_1",2020,2963155106.46096,325213628988.768,322152843739.972,97630142.335856
10,"Absolute All AL disp","dalys_monetized_1",2021,2347669180.90078,362730251317.391,360291912172.558,90669963.93291
10,"Absolute All AL disp","dalys_monetized_1",2022,0,397598834165.828,397525654061.828,73180104
10,"Absolute Coartem disp only","dalys_monetized_1",2000,0,0,-26798482.7252633,26798482.7252633
10,"Absolute Coartem disp only","dalys_monetized_1",2001,0,0,-44971604.9464951,44971604.9464951
10,"Absolute Coartem disp only","dalys_monetized_1",2002,0,0,-29197993.3498014,29197993.3498014
10,"Absolute Coartem disp only","dalys_monetized_1",2003,0,0,-55058570.8367679,55058570.8367679
10,"Absolute Coartem disp only","dalys_monetized_1",2004,0,0,-68448230.7639059,68448230.7639059
10,"Absolute Coartem disp only","dalys_monetized_1",2005,0,0,-102358034.746129,102358034.746129
10,"Absolute Coartem disp only","dalys_monetized_1",2006,0,0,-63741152.1534097,63741152.1534097
10,"Absolute Coartem disp only","dalys_monetized_1",2007,0,0,-156061650.005058,156061650.005058
10,"Absolute Coartem disp only","dalys_monetized_1",2008,0,0,-104671769.084416,104671769.084416
10,"Absolute Coartem disp only","dalys_monetized_1",2009,0,0,-76188062.9033656,76188062.9033656
10,"Absolute Coartem disp only","dalys_monetized_1",2010,0,0,-103364593.393778,103364593.393778
10,"Absolute Coartem disp only","dalys_monetized_1",2011,1258490972.80242,56132954075.2117,54760322620.4232,114140481.986052
10,"Absolute Coartem disp only","dalys_monetized_1",2012,1248379796.86609,68223241991.7724,66883867780.6825,90994414.2238533
10,"Absolute Coartem disp only","dalys_monetized_1",2013,1099040930.36111,48188145089.8207,46994246545.7374,94857613.7222628
10,"Absolute Coartem disp only","dalys_monetized_1",2014,1312384909.40252,175409644145.079,173985906908.4,111352327.276237
10,"Absolute Coartem disp only","dalys_monetized_1",2015,949365165.794404,168956207677.501,167887454822.736,119387688.97028
10,"Absolute Coartem disp only","dalys_monetized_1",2016,1215774926.44743,182586948626.31,181273153513.896,98020185.9664466
10,"Absolute Coartem disp only","dalys_monetized_1",2017,1635580006.3376,245167498012.885,243437558960.979,94359045.5684168
10,"Absolute Coartem disp only","dalys_monetized_1",2018,1615582739.93487,247919091311.929,246222853719.999,80654851.9945019
10,"Absolute Coartem disp only","dalys_monetized_1",2019,1574996598.86838,227618183766.145,225959040933.963,84146233.3138799
10,"Absolute Coartem disp only","dalys_monetized_1",2020,2144226418.51762,301817484912.602,299575628351.749,97630142.335856
10,"Absolute Coartem disp only","dalys_monetized_1",2021,2659268520.65038,348028619599.649,345278681115.066,90669963.93291
10,"Absolute Coartem disp only","dalys_monetized_1",2022,0,388377454992.885,388304274888.885,73180104
10,"Relative Coartem disp only","dalys_monetized_1",2000,0,0,-26798482.7252633,26798482.7252633
10,"Relative Coartem disp only","dalys_monetized_1",2001,0,0,-44971604.9464951,44971604.9464951
10,"Relative Coartem disp only","dalys_monetized_1",2002,0,0,-29197993.3498014,29197993.3498014
10,"Relative Coartem disp only","dalys_monetized_1",2003,0,0,-55058570.8367679,55058570.8367679
10,"Relative Coartem disp only","dalys_monetized_1",2004,0,0,-68448230.7639059,68448230.7639059
10,"Relative Coartem disp only","dalys_monetized_1",2005,0,0,-102358034.746129,102358034.746129
10,"Relative Coartem disp only","dalys_monetized_1",2006,0,0,-63741152.1534097,63741152.1534097
10,"Relative Coartem disp only","dalys_monetized_1",2007,0,0,-156061650.005058,156061650.005058
10,"Relative Coartem disp only","dalys_monetized_1",2008,0,0,-104671769.084416,104671769.084416
10,"Relative Coartem disp only","dalys_monetized_1",2009,0,0,-76188062.9033656,76188062.9033656
10,"Relative Coartem disp only","dalys_monetized_1",2010,0,0,-103364593.393778,103364593.393778
10,"Relative Coartem disp only","dalys_monetized_1",2011,1145006592.18872,0,-1259147074.17477,114140481.986052
10,"Relative Coartem disp only","dalys_monetized_1",2012,1222731127.14448,2968803660.27264,1655078118.90431,90994414.2238533
10,"Relative Coartem disp only","dalys_monetized_1",2013,1028773713.68247,3315568107.58188,2191936780.17715,94857613.7222628
10,"Relative Coartem disp only","dalys_monetized_1",2014,1141907782.60177,15035807103.5172,13782546993.6392,111352327.276237
10,"Relative Coartem disp only","dalys_monetized_1",2015,987981165.167889,12034832080.6341,10927463226.4959,119387688.97028
10,"Relative Coartem disp only","dalys_monetized_1",2016,1014530070.02245,19312662246.6961,18200111990.7072,98020185.9664466
10,"Relative Coartem disp only","dalys_monetized_1",2017,1593246488.25045,22053780446.2972,20366174912.4784,94359045.5684168
10,"Relative Coartem disp only","dalys_monetized_1",2018,1444980317.58062,25876328239.0659,24350693069.4908,80654851.9945019
10,"Relative Coartem disp only","dalys_monetized_1",2019,1700405860.40077,27861905000.0971,26077352906.3825,84146233.3138799
10,"Relative Coartem disp only","dalys_monetized_1",2020,2591548153.03213,35407567859.9332,32718389564.5652,97630142.335856
10,"Relative Coartem disp only","dalys_monetized_1",2021,2534645774.5755,46250654051.3714,43625338312.8629,90669963.93291
10,"Relative Coartem disp only","dalys_monetized_1",2022,0,49300609553.6135,49227429449.6135,73180104
10,"Relative_All AL disp","dalys_monetized_1",2000,0,0,-26798482.7252633,26798482.7252633
10,"Relative_All AL disp","dalys_monetized_1",2001,0,0,-44971604.9464951,44971604.9464951
10,"Relative_All AL disp","dalys_monetized_1",2002,0,0,-29197993.3498014,29197993.3498014
10,"Relative_All AL disp","dalys_monetized_1",2003,0,0,-55058570.8367679,55058570.8367679
10,"Relative_All AL disp","dalys_monetized_1",2004,0,0,-68448230.7639059,68448230.7639059
10,"Relative_All AL disp","dalys_monetized_1",2005,0,0,-102358034.746129,102358034.746129
10,"Relative_All AL disp","dalys_monetized_1",2006,0,0,-63741152.1534097,63741152.1534097
10,"Relative_All AL disp","dalys_monetized_1",2007,0,0,-156061650.005058,156061650.005058
10,"Relative_All AL disp","dalys_monetized_1",2008,0,0,-104671769.084416,104671769.084416
10,"Relative_All AL disp","dalys_monetized_1",2009,0,0,-76188062.9033656,76188062.9033656
10,"Relative_All AL disp","dalys_monetized_1",2010,0,0,-103364593.393778,103364593.393778
10,"Relative_All AL disp","dalys_monetized_1",2011,1252337657.32149,0,-1366478139.30755,114140481.986052
10,"Relative_All AL disp","dalys_monetized_1",2012,1344457442.58576,2968803660.27264,1533351803.46303,90994414.2238533
10,"Relative_All AL disp","dalys_monetized_1",2013,888344448.433244,3315568107.58188,2332366045.42637,94857613.7222628
10,"Relative_All AL disp","dalys_monetized_1",2014,1238802936.88994,15035807103.5172,13685651839.351,111352327.276237
10,"Relative_All AL disp","dalys_monetized_1",2015,1040345833.07816,12034832080.6341,10875098558.5857,119387688.97028
10,"Relative_All AL disp","dalys_monetized_1",2016,1108776024.89415,19312662246.6961,18105866035.8355,98020185.9664466
10,"Relative_All AL disp","dalys_monetized_1",2017,1832260885.79433,22053780446.2972,20127160514.9345,94359045.5684168
10,"Relative_All AL disp","dalys_monetized_1",2018,1594313703.88986,25876328239.0659,24201359683.1816,80654851.9945019
10,"Relative_All AL disp","dalys_monetized_1",2019,1966708705.36364,27861905000.0971,25811050061.4196,84146233.3138799
10,"Relative_All AL disp","dalys_monetized_1",2020,2318321408.91584,35407567859.9332,32991616308.6815,97630142.335856
10,"Relative_All AL disp","dalys_monetized_1",2021,2832279065.53219,46250654051.3714,43327705021.9063,90669963.93291
10,"Relative_All AL disp","dalys_monetized_1",2022,0,49300609553.6135,49227429449.6135,73180104
