"code","year","distribution","treatment","dalys_averted","doses","inc_class","gdp_per_capita","daly","dalys_averted_country","dalys_monetized","doses_country","name","region","sub_region","mode_region_t","mini_t_price_region","maxi_t_price_region","mode_sub_region_t","mini_t_price_sub_region","maxi_t_price_sub_region","mode_country_t","mini_t_price_country","maxi_t_price_country","mode_region_rdt","mini_rdt_price_region","maxi_rdt_price_region","mode_sub_region_rdt","mini_rdt_price_sub_region","maxi_rdt_price_sub_region","mode_country_rdt","mini_rdt_price_country","maxi_rdt_price_country","avg_model_pred","avg_mean_sample","avg_high_95","avg_low_95","avg_sd"
"AGO",2016,0.0261011743644497,"RAS",59131.2570321322,69862,"LM",6843.735897,4028.86449326658,1543.39525018478,6218130.32254574,1823.48024344919,"Angola","Africa","Sub-Saharan Africa",NA,NA,NA,NA,NA,NA,NA,NA,NA,0.911146374132893,0.242972366435438,0.987075238643968,0.273343912239868,0.242972366435438,0.987075238643968,0.987075238643968,0.911146374132893,0.987075238643968,16.9475883114043,17.0878165834845,49.4204496031141,3.4055437505186,13.3016532373197
"AGO",2017,0.0293284215689919,"RAS",286582.86791832,338590,"LM",6992.728834,4028.86449326658,8405.02316475921,33862699.3935815,9930.31025904498,"Angola","Africa","Sub-Saharan Africa",0.480472906132627,0.480472906132627,0.481200895384343,0.480472906132627,0.480472906132627,0.481200895384343,0.480472906132627,0.480472906132627,0.481200895384343,0.254796238100635,0.0131038065308898,0.951045158441915,0.254796238100635,0.0131038065308898,0.951045158441915,0.254796238100635,0.0131038065308898,0.951045158441915,16.9475883114043,17.0878165834845,49.4204496031141,3.4055437505186,13.3016532373197
"AGO",2018,0.0326835168153655,"RAS",561876.441137166,663842,"LM",7347.799936,4028.86449326658,18364.0981120643,73986462.8345597,21696.6911697459,"Angola","Africa","Sub-Saharan Africa",0.435987956136578,0.435987956136578,0.435987956136578,0.435987956136578,0.435987956136578,0.435987956136578,0.435987956136578,0.435987956136578,0.435987956136578,0.207613312445989,0.180208355203119,1.85024984051866,0.207613312445989,0.180208355203119,0.96886212474795,0.96886212474795,0.830453249783957,0.96886212474795,16.9475883114043,17.0878165834845,49.4204496031141,3.4055437505186,13.3016532373197
"AGO",2019,0.0347588103023691,"RAS",1299570.65496539,1535408,"LM",7528.382418,4028.86449326658,45171.5298704675,181989972.801657,53368.9554087399,"Angola","Africa","Sub-Saharan Africa",0.426313959096023,0.413196606508453,0.478783369446303,0.426313959096023,0.413196606508453,0.478783369446303,0.426313959096023,0.413196606508453,0.478783369446303,0.288581756926539,0.010493882070056,0.787041155254196,0.288581756926539,0.010493882070056,0.787041155254196,0.288581756926539,0.288581756926539,0.288581756926539,16.9475883114043,17.0878165834845,49.4204496031141,3.4055437505186,13.3016532373197
"AGO",2020,0.0342368730462038,"RAS",972876.850189368,1149428,"LM",6450.749946,4028.86449326658,33308.261209524,134194470.9195,39352.8205117519,"Angola","Africa","Sub-Saharan Africa",0.394021260902951,0.394021260902951,0.450310012460516,0.394021260902951,0.394021260902951,0.450310012460516,0.394021260902951,0.394021260902951,0.450310012460516,0.187629171858548,0.0100068891657892,6.84846477283701,0.187629171858548,0.0100068891657892,6.84846477283701,0.187629171858548,0.187629171858548,0.262680840601968,16.9475883114043,17.0878165834845,49.4204496031141,3.4055437505186,13.3016532373197
"AGO",2021,0.0357303714942566,"RAS",3303817.42612619,3903372,"LM",7408.126591,4028.86449326658,118046.623984687,475593851.921898,139468.931640279,"Angola","Africa","Sub-Saharan Africa",0.37788340280478,0.365887104303041,0.389879701306519,0.37788340280478,0.365887104303041,0.389879701306519,0.37788340280478,0.37788340280478,0.37788340280478,0.179944477526086,0.179944477526086,1.00768907414608,0.179944477526086,0.179944477526086,1.00768907414608,0.563826029581735,0.563826029581735,0.563826029581735,16.9475883114043,17.0878165834845,49.4204496031141,3.4055437505186,13.3016532373197
"AGO",2022,0.0350087019532341,"RAS",1446791.92812755,1709346,"LM",7924.888806,4028.86449326658,50650.3074001624,204063225.057552,59841.9846489529,"Angola","Africa","Sub-Saharan Africa",0.350415084017681,0.339290795636167,0.73976517737066,0.350415084017681,0.339290795636167,0.73976517737066,0.73976517737066,0.73976517737066,0.73976517737066,0.278107209537842,0.0355977228208438,14.7396821055056,0.278107209537842,0.0355977228208438,0.72307874479839,0.33372865144541,0.33372865144541,0.33372865144541,16.9475883114043,17.0878165834845,49.4204496031141,3.4055437505186,13.3016532373197
"AGO",2023,0.0328865548769574,"RAS",888720.905266652,1050000,"LM",8040.70245,4028.86449326658,29226.968821351,117751496.93015,34530.8826208052,"Angola","Africa","Sub-Saharan Africa",0.35,0.305,0.35,0.35,0.305,0.35,0.35,0.35,0.35,0.2,0.2,7.12,0.2,0.2,7.12,0.2,0.2,7.12,16.9475883114043,17.0878165834845,49.4204496031141,3.4055437505186,13.3016532373197
"BEN",2016,0.0228782849922597,"RAS",59131.2570321322,69862,"L",2842.024626,4028.86449326658,1352.82175033168,5450335.51563005,1598.32274612925,"Benin","Africa","Sub-Saharan Africa",NA,NA,NA,NA,NA,NA,NA,NA,NA,0.911146374132893,0.242972366435438,0.987075238643968,0.273343912239868,0.242972366435438,0.987075238643968,0.273343912239868,0.242972366435438,0.987075238643968,5.38877216993826,5.12834823607507,15.4050773185224,1.16189139723576,3.98648944913648
"BEN",2017,0.0224675012138202,"RAS",286582.86791832,338590,"L",2885.89384,4028.86449326658,6438.80093281491,25941056.4574297,7607.27123598737,"Benin","Africa","Sub-Saharan Africa",0.480472906132627,0.480472906132627,0.481200895384343,0.480472906132627,0.480472906132627,0.481200895384343,0.480472906132627,0.480472906132627,0.481200895384343,0.254796238100635,0.0131038065308898,0.951045158441915,0.254796238100635,0.0131038065308898,0.951045158441915,0.254796238100635,0.0131038065308898,0.951045158441915,5.38877216993826,5.12834823607507,15.4050773185224,1.16189139723576,3.98648944913648
"BEN",2018,0.0226372320917452,"RAS",561876.441137166,663842,"L",2965.306281,4028.86449326658,12719.3274049058,51244446.5598577,15027.5454262483,"Benin","Africa","Sub-Saharan Africa",0.435987956136578,0.435987956136578,0.435987956136578,0.435987956136578,0.435987956136578,0.435987956136578,0.435987956136578,0.435987956136578,0.435987956136578,0.207613312445989,0.180208355203119,1.85024984051866,0.207613312445989,0.180208355203119,0.96886212474795,0.207613312445989,0.180208355203119,0.96886212474795,5.38877216993826,5.12834823607507,15.4050773185224,1.16189139723576,3.98648944913648
"BEN",2019,0.0225372115377263,"RAS",1299570.65496539,1535408,"LM",3148.979696,4028.86449326658,29288.6987591765,118000198.484827,34603.8148927173,"Benin","Africa","Sub-Saharan Africa",0.426313959096023,0.413196606508453,0.478783369446303,0.426313959096023,0.413196606508453,0.478783369446303,0.426313959096023,0.413196606508453,0.478783369446303,0.288581756926539,0.010493882070056,0.787041155254196,0.288581756926539,0.010493882070056,0.787041155254196,0.288581756926539,0.010493882070056,0.787041155254196,5.38877216993826,5.12834823607507,15.4050773185224,1.16189139723576,3.98648944913648
"BEN",2020,0.0206700952738059,"RAS",972876.850189368,1149428,"LM",3244.587728,4028.86449326658,20109.4571830945,81018278.0238338,23758.7862703802,"Benin","Africa","Sub-Saharan Africa",0.394021260902951,0.394021260902951,0.450310012460516,0.394021260902951,0.394021260902951,0.450310012460516,0.394021260902951,0.394021260902951,0.450310012460516,0.187629171858548,0.0100068891657892,6.84846477283701,0.187629171858548,0.0100068891657892,6.84846477283701,0.312715286430914,0.250172229144731,0.312715286430914,5.38877216993826,5.12834823607507,15.4050773185224,1.16189139723576,3.98648944913648
"BEN",2021,0.021153157040255,"RAS",3303817.42612619,3903372,"LM",3464.288629,4028.86449326658,69886.1688471783,281561904.238829,82568.6409025341,"Benin","Africa","Sub-Saharan Africa",0.37788340280478,0.365887104303041,0.389879701306519,0.37788340280478,0.365887104303041,0.389879701306519,0.37788340280478,0.365887104303041,0.389879701306519,0.179944477526086,0.179944477526086,1.00768907414608,0.179944477526086,0.179944477526086,1.00768907414608,0.359888955052171,0.359888955052171,0.359888955052171,5.38877216993826,5.12834823607507,15.4050773185224,1.16189139723576,3.98648944913648
"BEN",2022,0.0215366586256526,"RAS",1446791.92812755,1709346,"LM",3844.164934,4028.86449326658,31159.0638584329,125535646.022666,36813.6012751248,"Benin","Africa","Sub-Saharan Africa",0.350415084017681,0.339290795636167,0.73976517737066,0.350415084017681,0.339290795636167,0.73976517737066,0.350415084017681,0.339290795636167,0.73976517737066,0.278107209537842,0.0355977228208438,14.7396821055056,0.278107209537842,0.0355977228208438,0.72307874479839,0.33372865144541,0.33372865144541,0.33372865144541,5.38877216993826,5.12834823607507,15.4050773185224,1.16189139723576,3.98648944913648
"BEN",2023,0.0204374611991852,"RAS",888720.905266652,1050000,"LM",4129.979415,4028.86449326658,18163.199018292,73177067.6089309,21459.3342591445,"Benin","Africa","Sub-Saharan Africa",0.35,0.305,0.35,0.35,0.305,0.35,0.35,0.305,0.35,0.2,0.2,7.12,0.2,0.2,7.12,0.2,0.2,7.12,5.38877216993826,5.12834823607507,15.4050773185224,1.16189139723576,3.98648944913648
"BFA",2016,0.033609208390567,"RAS",59131.2570321322,69862,"L",1881.758931,4028.86449326658,1987.35473998911,8006782.94746716,2348.00651658179,"Burkina Faso","Africa","Sub-Saharan Africa",NA,NA,NA,NA,NA,NA,NA,NA,NA,0.911146374132893,0.242972366435438,0.987075238643968,0.273343912239868,0.242972366435438,0.987075238643968,0.277899644110532,0.277899644110532,0.277899644110532,4.68763080953737,4.6675981992402,14.163055480098,1.00163051485841,3.72606551527329
"BFA",2017,0.0316169951288208,"RAS",286582.86791832,338590,"L",2042.402953,4028.86449326658,9060.88913897699,36505094.5294492,10705.1983806674,"Burkina Faso","Africa","Sub-Saharan Africa",0.480472906132627,0.480472906132627,0.481200895384343,0.480472906132627,0.480472906132627,0.481200895384343,0.480472906132627,0.480472906132627,0.481200895384343,0.254796238100635,0.0131038065308898,0.951045158441915,0.254796238100635,0.0131038065308898,0.951045158441915,0.240236453066313,0.240236453066313,0.305755485720763,4.68763080953737,4.6675981992402,14.163055480098,1.00163051485841,3.72606551527329
"BFA",2018,0.0325196350686571,"RAS",561876.441137166,663842,"L",2073.323538,4028.86449326658,18272.0168194564,73615479.7842777,21587.8995832474,"Burkina Faso","Africa","Sub-Saharan Africa",0.435987956136578,0.435987956136578,0.435987956136578,0.435987956136578,0.435987956136578,0.435987956136578,0.435987956136578,0.435987956136578,0.435987956136578,0.207613312445989,0.180208355203119,1.85024984051866,0.207613312445989,0.180208355203119,0.96886212474795,0.24193871343706,0.235295087438788,0.24193871343706,4.68763080953737,4.6675981992402,14.163055480098,1.00163051485841,3.72606551527329
"BFA",2019,0.0329908815885409,"RAS",1299570.65496539,1535408,"L",2232.16282,4028.86449326658,42873.9815939057,172733462.128651,50654.4635180984,"Burkina Faso","Africa","Sub-Saharan Africa",0.426313959096023,0.413196606508453,0.478783369446303,0.426313959096023,0.413196606508453,0.478783369446303,0.426313959096023,0.413196606508453,0.478783369446303,0.288581756926539,0.010493882070056,0.787041155254196,0.288581756926539,0.010493882070056,0.787041155254196,0.209877641401119,0.209877641401119,0.209877641401119,4.68763080953737,4.6675981992402,14.163055480098,1.00163051485841,3.72606551527329
"BFA",2020,0.0339603424397226,"RAS",972876.850189368,1149428,"L",2380.722828,4028.86449326658,33039.2309841096,133110584.596712,39034.9684898054,"Burkina Faso","Africa","Sub-Saharan Africa",0.394021260902951,0.394021260902951,0.450310012460516,0.394021260902951,0.394021260902951,0.450310012460516,0.394021260902951,0.394021260902951,0.450310012460516,0.187629171858548,0.0100068891657892,6.84846477283701,0.187629171858548,0.0100068891657892,6.84846477283701,0.187629171858548,0.187629171858548,0.262680840601968,4.68763080953737,4.6675981992402,14.163055480098,1.00163051485841,3.72606551527329
"BFA",2021,0.0346501028357473,"RAS",3303817.42612619,3903372,"L",2486.430931,4028.86449326658,114477.613565806,461214792.56917,135252.241206176,"Burkina Faso","Africa","Sub-Saharan Africa",0.37788340280478,0.365887104303041,0.389879701306519,0.37788340280478,0.365887104303041,0.389879701306519,0.37788340280478,0.365887104303041,0.389879701306519,0.179944477526086,0.179944477526086,1.00768907414608,0.179944477526086,0.179944477526086,1.00768907414608,0.359888955052171,0.239925970034781,0.359888955052171,4.68763080953737,4.6675981992402,14.163055480098,1.00163051485841,3.72606551527329
"BFA",2022,0.0332138592538737,"RAS",1446791.92812755,1709346,"L",2641.870113,4028.86449326658,48053.543470469,193601215.063815,56773.977460172,"Burkina Faso","Africa","Sub-Saharan Africa",0.350415084017681,0.339290795636167,0.73976517737066,0.350415084017681,0.339290795636167,0.73976517737066,0.350415084017681,0.339290795636167,0.73976517737066,0.278107209537842,0.0355977228208438,14.7396821055056,0.278107209537842,0.0355977228208438,0.72307874479839,0.278107209537842,0.278107209537842,0.278107209537842,4.68763080953737,4.6675981992402,14.163055480098,1.00163051485841,3.72606551527329
"BFA",2023,0.0324397987396562,"RAS",888720.905266652,1050000,"L",2754.713465,4028.86449326658,28829.9273025752,116151870.452802,34061.788676639,"Burkina Faso","Africa","Sub-Saharan Africa",0.35,0.305,0.35,0.35,0.305,0.35,0.35,0.305,0.35,0.2,0.2,7.12,0.2,0.2,7.12,0.2,0.2,7.12,4.68763080953737,4.6675981992402,14.163055480098,1.00163051485841,3.72606551527329
"CIV",2016,0.0295322899007925,"RAS",59131.2570321322,69862,"LM",4530.648498,4028.86449326658,1746.28142487121,7035531.22791457,2063.18483704917,"Cote d'Ivoire","Africa","Sub-Saharan Africa",NA,NA,NA,NA,NA,NA,NA,NA,NA,0.911146374132893,0.242972366435438,0.987075238643968,0.273343912239868,0.242972366435438,0.987075238643968,0.250261537428501,0.250261537428501,0.277899644110532,6.8110875010372,6.8110875010372,20.2730016207343,1.34218488991027,5.18844606696657
"CIV",2017,0.0302889366016265,"RAS",286582.86791832,338590,"LM",4690.178019,4028.86449326658,8680.29031749028,34971713.4513823,10255.5310439447,"Cote d'Ivoire","Africa","Sub-Saharan Africa",0.480472906132627,0.480472906132627,0.481200895384343,0.480472906132627,0.480472906132627,0.481200895384343,0.480472906132627,0.480472906132627,0.481200895384343,0.254796238100635,0.0131038065308898,0.951045158441915,0.254796238100635,0.0131038065308898,0.951045158441915,0.247516345583474,0.247516345583474,0.247516345583474,6.8110875010372,6.8110875010372,20.2730016207343,1.34218488991027,5.18844606696657
"CIV",2018,0.0330509208337624,"RAS",561876.441137166,663842,"LM",4945.625206,4028.86449326658,18570.5337743806,74818164.1446099,21940.5893881265,"Cote d'Ivoire","Africa","Sub-Saharan Africa",0.435987956136578,0.435987956136578,0.435987956136578,0.435987956136578,0.435987956136578,0.435987956136578,0.435987956136578,0.435987956136578,0.435987956136578,0.207613312445989,0.180208355203119,1.85024984051866,0.207613312445989,0.180208355203119,0.96886212474795,0.276817749927986,0.276817749927986,0.276817749927986,6.8110875010372,6.8110875010372,20.2730016207343,1.34218488991027,5.18844606696657
"CIV",2019,0.0343787609692425,"RAS",1299570.65496539,1535408,"LM",5516.390551,4028.86449326658,44677.6289096971,180000112.757619,52785.4246222627,"Cote d'Ivoire","Africa","Sub-Saharan Africa",0.426313959096023,0.413196606508453,0.478783369446303,0.426313959096023,0.413196606508453,0.478783369446303,0.426313959096023,0.413196606508453,0.478783369446303,0.288581756926539,0.010493882070056,0.787041155254196,0.288581756926539,0.010493882070056,0.787041155254196,0.255788375457614,0.255788375457614,0.255788375457614,6.8110875010372,6.8110875010372,20.2730016207343,1.34218488991027,5.18844606696657
"CIV",2020,0.0336461667782716,"RAS",972876.850189368,1149428,"LM",5543.850963,4028.86449326658,32733.576756191,131879145.130634,38673.8461876152,"Cote d'Ivoire","Africa","Sub-Saharan Africa",0.394021260902951,0.394021260902951,0.450310012460516,0.394021260902951,0.394021260902951,0.450310012460516,0.394021260902951,0.394021260902951,0.450310012460516,0.187629171858548,0.0100068891657892,6.84846477283701,0.187629171858548,0.0100068891657892,6.84846477283701,0.187629171858548,0.187629171858548,0.187629171858548,6.8110875010372,6.8110875010372,20.2730016207343,1.34218488991027,5.18844606696657
"CIV",2021,0.0338151795498274,"RAS",3303817.42612619,3903372,"LM",6045.204805,4028.86449326658,111719.179464306,450101435.360618,131993.225029769,"Cote d'Ivoire","Africa","Sub-Saharan Africa",0.37788340280478,0.365887104303041,0.389879701306519,0.37788340280478,0.365887104303041,0.389879701306519,0.37788340280478,0.365887104303041,0.389879701306519,0.179944477526086,0.179944477526086,1.00768907414608,0.179944477526086,0.179944477526086,1.00768907414608,0.299907462543476,0.244724489435477,0.299907462543476,6.8110875010372,6.8110875010372,20.2730016207343,1.34218488991027,5.18844606696657
"CIV",2022,0.0335427377228773,"RAS",1446791.92812755,1709346,"LM",6707.947952,4028.86449326658,48529.3621847584,195518224.187047,57336.1445556494,"Cote d'Ivoire","Africa","Sub-Saharan Africa",0.350415084017681,0.339290795636167,0.73976517737066,0.350415084017681,0.339290795636167,0.73976517737066,0.350415084017681,0.339290795636167,0.73976517737066,0.278107209537842,0.0355977228208438,14.7396821055056,0.278107209537842,0.0355977228208438,0.72307874479839,0.222485767630274,0.222485767630274,0.222485767630274,6.8110875010372,6.8110875010372,20.2730016207343,1.34218488991027,5.18844606696657
"CIV",2023,0.0312304476435597,"RAS",888720.905266652,1050000,"LM",7197.690104,4028.86449326658,27755.1517016671,111821745.196074,32791.9700257376,"Cote d'Ivoire","Africa","Sub-Saharan Africa",0.35,0.305,0.35,0.35,0.305,0.35,0.35,0.305,0.35,0.2,0.2,7.12,0.2,0.2,7.12,0.2,0.2,7.12,6.8110875010372,6.8110875010372,20.2730016207343,1.34218488991027,5.18844606696657
"CMR",2016,0.0295583659167857,"RAS",59131.2570321322,69862,"LM",3626.99932,4028.86449326658,1747.82333247527,7041743.36471249,2065.00655967848,"Cameroon","Africa","Sub-Saharan Africa",NA,NA,NA,NA,NA,NA,NA,NA,NA,0.911146374132893,0.242972366435438,0.987075238643968,0.273343912239868,0.242972366435438,0.987075238643968,0.313282494972693,0.282910949168263,0.313282494972693,7.43209842024942,7.65245713351827,24.1793606286821,1.58257621347629,5.96971786855614
"CMR",2017,0.0279585596604162,"RAS",286582.86791832,338590,"LM",3767.430729,4028.86449326658,8012.44421034752,32281051.9833485,9466.48871542033,"Cameroon","Africa","Sub-Saharan Africa",0.480472906132627,0.480472906132627,0.481200895384343,0.480472906132627,0.480472906132627,0.481200895384343,0.480472906132627,0.480472906132627,0.481200895384343,0.254796238100635,0.0131038065308898,0.951045158441915,0.254796238100635,0.0131038065308898,0.951045158441915,0.254796238100635,0.0131038065308898,0.951045158441915,7.43209842024942,7.65245713351827,24.1793606286821,1.58257621347629,5.96971786855614
"CMR",2018,0.0275666061875085,"RAS",561876.441137166,663842,"LM",4010.763601,4028.86449326658,15489.0265788671,62403189.2188599,18299.870984728,"Cameroon","Africa","Sub-Saharan Africa",0.435987956136578,0.435987956136578,0.435987956136578,0.435987956136578,0.435987956136578,0.435987956136578,0.435987956136578,0.435987956136578,0.435987956136578,0.207613312445989,0.180208355203119,1.85024984051866,0.207613312445989,0.180208355203119,0.96886212474795,0.484431062373975,0.442908399884777,0.484431062373975,7.43209842024942,7.65245713351827,24.1793606286821,1.58257621347629,5.96971786855614
"CMR",2019,0.0273019513584534,"RAS",1299570.65496539,1535408,"LM",4241.111749,4028.86449326658,35480.8148087385,142947394.975094,41919.6345313802,"Cameroon","Africa","Sub-Saharan Africa",0.426313959096023,0.413196606508453,0.478783369446303,0.426313959096023,0.413196606508453,0.478783369446303,0.426313959096023,0.413196606508453,0.478783369446303,0.288581756926539,0.010493882070056,0.787041155254196,0.288581756926539,0.010493882070056,0.787041155254196,0.314816462101678,0.314816462101678,0.314816462101678,7.43209842024942,7.65245713351827,24.1793606286821,1.58257621347629,5.96971786855614
"CMR",2020,0.0278190684838179,"RAS",972876.850189368,1149428,"LM",4365.447041,4028.86449326658,27064.5277217391,109039314.765144,31976.0162492179,"Cameroon","Africa","Sub-Saharan Africa",0.394021260902951,0.394021260902951,0.450310012460516,0.394021260902951,0.394021260902951,0.450310012460516,0.394021260902951,0.394021260902951,0.450310012460516,0.187629171858548,0.0100068891657892,6.84846477283701,0.187629171858548,0.0100068891657892,6.84846477283701,0.187629171858548,0.0100068891657892,6.84846477283701,7.43209842024942,7.65245713351827,24.1793606286821,1.58257621347629,5.96971786855614
"CMR",2021,0.0293858758147778,"RAS",3303817.42612619,3903372,"LM",4793.556282,4028.86449326658,97085.5685988431,391144600.136475,114704.004850881,"Cameroon","Africa","Sub-Saharan Africa",0.37788340280478,0.365887104303041,0.389879701306519,0.37788340280478,0.365887104303041,0.389879701306519,0.37788340280478,0.37788340280478,0.37788340280478,0.179944477526086,0.179944477526086,1.00768907414608,0.179944477526086,0.179944477526086,1.00768907414608,0.779759402613038,0.779759402613038,0.779759402613038,7.43209842024942,7.65245713351827,24.1793606286821,1.58257621347629,5.96971786855614
"CMR",2022,0.0300958155248124,"RAS",1446791.92812755,1709346,"LM",5188.977509,4028.86449326658,43542.3829717145,175426360.706956,51444.161884076,"Cameroon","Africa","Sub-Saharan Africa",0.350415084017681,0.339290795636167,0.73976517737066,0.350415084017681,0.339290795636167,0.73976517737066,0.350415084017681,0.339290795636167,0.73976517737066,0.278107209537842,0.0355977228208438,14.7396821055056,0.278107209537842,0.0355977228208438,0.72307874479839,0.72307874479839,0.72307874479839,0.72307874479839,7.43209842024942,7.65245713351827,24.1793606286821,1.58257621347629,5.96971786855614
"CMR",2023,0.0292661139873889,"RAS",888720.905266652,1050000,"LM",5405.574657,4028.86449326658,26009.4073165093,104788377.628392,30729.4196867583,"Cameroon","Africa","Sub-Saharan Africa",0.35,0.305,0.35,0.35,0.305,0.35,0.35,0.305,0.35,0.2,0.2,7.12,0.2,0.2,7.12,0.2,0.2,7.12,7.43209842024942,7.65245713351827,24.1793606286821,1.58257621347629,5.96971786855614
"COD",2016,0.120675069391875,"RAS",59131.2570321322,69862,"L",913.9555594,4028.86449326658,7135.66854558133,28748641.6390118,8430.60169785514,"Congo, Dem. Rep.","Africa","Sub-Saharan Africa",NA,NA,NA,NA,NA,NA,NA,NA,NA,0.911146374132893,0.242972366435438,0.987075238643968,0.273343912239868,0.242972366435438,0.987075238643968,0.410015868359802,0.34912091902192,0.759288645110744,1.62264143407063,1.6426740443678,5.30864172874958,0.34055437505186,1.2620544487216
"COD",2017,0.125623257149661,"RAS",286582.86791832,338590,"L",1003.257355,4028.86449326658,36001.4733111903,145045057.528739,42534.7786383036,"Congo, Dem. Rep.","Africa","Sub-Saharan Africa",0.480472906132627,0.480472906132627,0.481200895384343,0.480472906132627,0.480472906132627,0.481200895384343,0.480472906132627,0.480472906132627,0.481200895384343,0.254796238100635,0.0131038065308898,0.951045158441915,0.254796238100635,0.0131038065308898,0.951045158441915,0.21475682925625,0.0131038065308898,0.684309896613135,1.62264143407063,1.6426740443678,5.30864172874958,0.34055437505186,1.2620544487216
"COD",2018,0.136215809181813,"RAS",561876.441137166,663842,"L",1069.281634,4028.86449326658,76536.4540896965,308355002.322506,90425.7751988732,"Congo, Dem. Rep.","Africa","Sub-Saharan Africa",0.435987956136578,0.435987956136578,0.435987956136578,0.435987956136578,0.435987956136578,0.435987956136578,0.435987956136578,0.435987956136578,0.435987956136578,0.207613312445989,0.180208355203119,1.85024984051866,0.207613312445989,0.180208355203119,0.96886212474795,0.207613312445989,0.207613312445989,0.207613312445989,1.62264143407063,1.6426740443678,5.30864172874958,0.34055437505186,1.2620544487216
"COD",2019,0.138520004261582,"RAS",1299570.65496539,1535408,"L",1167.320616,4028.86449326658,180016.532664033,725262216.651084,212684.722703267,"Congo, Dem. Rep.","Africa","Sub-Saharan Africa",0.426313959096023,0.413196606508453,0.478783369446303,0.426313959096023,0.413196606508453,0.478783369446303,0.426313959096023,0.413196606508453,0.478783369446303,0.288581756926539,0.010493882070056,0.787041155254196,0.288581756926539,0.010493882070056,0.787041155254196,0.193087430089029,0.193087430089029,0.196760288813549,1.62264143407063,1.6426740443678,5.30864172874958,0.34055437505186,1.2620544487216
"COD",2020,0.133993613828321,"RAS",972876.850189368,1149428,"L",1136.008396,4028.86449326658,130359.284966788,525199894.570312,154016.01155546,"Congo, Dem. Rep.","Africa","Sub-Saharan Africa",0.394021260902951,0.394021260902951,0.450310012460516,0.394021260902951,0.394021260902951,0.450310012460516,0.394021260902951,0.394021260902951,0.406529872360188,0.187629171858548,0.0100068891657892,6.84846477283701,0.187629171858548,0.0100068891657892,6.84846477283701,0.187629171858548,0.187629171858548,0.250172229144731,1.62264143407063,1.6426740443678,5.30864172874958,0.34055437505186,1.2620544487216
"COD",2021,0.135899519152198,"RAS",3303817.42612619,3903372,"L",1313.618218,4028.86449326658,448987.199577203,1808908586.30779,530466.377872154,"Congo, Dem. Rep.","Africa","Sub-Saharan Africa",0.37788340280478,0.365887104303041,0.389879701306519,0.37788340280478,0.365887104303041,0.389879701306519,0.37788340280478,0.37788340280478,0.389879701306519,0.179944477526086,0.179944477526086,1.00768907414608,0.179944477526086,0.179944477526086,1.00768907414608,0.239925970034781,0.239925970034781,0.407874149059128,1.62264143407063,1.6426740443678,5.30864172874958,0.34055437505186,1.2620544487216
"COD",2022,0.134584035999305,"RAS",1446791.92812755,1709346,"L",1484.241166,4028.86449326658,194715.096938623,784480740.358977,230050.683599268,"Congo, Dem. Rep.","Africa","Sub-Saharan Africa",0.350415084017681,0.339290795636167,0.73976517737066,0.350415084017681,0.339290795636167,0.73976517737066,0.350415084017681,0.339290795636167,0.350415084017681,0.278107209537842,0.0355977228208438,14.7396821055056,0.278107209537842,0.0355977228208438,0.72307874479839,0.222485767630274,0.222485767630274,0.222485767630274,1.62264143407063,1.6426740443678,5.30864172874958,0.34055437505186,1.2620544487216
"COD",2023,0.13208335992691,"RAS",888720.905266652,1050000,"L",1615.750705,4028.86449326658,117385.243204904,472929238.3817,138687.527923255,"Congo, Dem. Rep.","Africa","Sub-Saharan Africa",0.35,0.305,0.35,0.35,0.305,0.35,0.315,0.315,0.35,0.2,0.2,7.12,0.2,0.2,7.12,0.2,0.2,7.12,1.62264143407063,1.6426740443678,5.30864172874958,0.34055437505186,1.2620544487216
"ETH",2016,0.0316841481402039,"RAS",59131.2570321322,69862,"L",1857.548931,4028.86449326658,1873.52350752255,7548172.33675785,2213.51795737092,"Ethiopia","Africa","Sub-Saharan Africa",NA,NA,NA,NA,NA,NA,NA,NA,NA,0.911146374132893,0.242972366435438,0.987075238643968,0.273343912239868,0.242972366435438,0.987075238643968,0.273343912239868,0.242972366435438,0.987075238643968,3.76613073586763,3.7861633461648,11.7591422444378,0.741206580995225,3.0249241548724
"ETH",2017,0.0236540281734288,"RAS",286582.86791832,338590,"L",2004.747597,4028.86449326658,6778.83923176195,27311024.6864082,8009.01739924125,"Ethiopia","Africa","Sub-Saharan Africa",0.480472906132627,0.480472906132627,0.481200895384343,0.480472906132627,0.480472906132627,0.481200895384343,0.480472906132627,0.480472906132627,0.481200895384343,0.254796238100635,0.0131038065308898,0.951045158441915,0.254796238100635,0.0131038065308898,0.951045158441915,0.254796238100635,0.0131038065308898,0.951045158441915,3.76613073586763,3.7861633461648,11.7591422444378,0.741206580995225,3.0249241548724
"ETH",2022,0.021148233708077,"RAS",1446791.92812755,1709346,"L",2844.906835,4028.86449326658,30597.0938230008,123271544.900634,36149.6486959665,"Ethiopia","Africa","Sub-Saharan Africa",0.350415084017681,0.339290795636167,0.73976517737066,0.350415084017681,0.339290795636167,0.73976517737066,0.350415084017681,0.339290795636167,0.73976517737066,0.278107209537842,0.0355977228208438,14.7396821055056,0.278107209537842,0.0355977228208438,0.72307874479839,0.344852939826924,0.344852939826924,0.344852939826924,3.76613073586763,3.7861633461648,11.7591422444378,0.741206580995225,3.0249241548724
"ETH",2023,0.0381001313246389,"RAS",888720.905266652,1050000,"L",3058.128044,4028.86449326658,33860.3832016114,136418895.609372,40005.1378908709,"Ethiopia","Africa","Sub-Saharan Africa",0.35,0.305,0.35,0.35,0.305,0.35,0.35,0.305,0.35,0.2,0.2,7.12,0.2,0.2,7.12,0.31,0.31,0.31,3.76613073586763,3.7861633461648,11.7591422444378,0.741206580995225,3.0249241548724
"GHA",2016,0.0327192048050449,"RAS",59131.2570321322,69862,"LM",5011.079316,4028.86449326658,1934.72770921408,7794755.77179161,2285.82908609005,"Ghana","Africa","Sub-Saharan Africa",NA,NA,NA,NA,NA,NA,NA,NA,NA,0.911146374132893,0.242972366435438,0.987075238643968,0.273343912239868,0.242972366435438,0.987075238643968,0.364458549653157,0.364458549653157,0.364458549653157,5.90962003766463,5.68926132439578,17.7088275026967,1.12182617664142,4.6075003683487
"GHA",2017,0.029928542336594,"RAS",286582.86791832,338590,"LM",5170.960949,4028.86449326658,8577.00749543596,34555600.9568432,10133.5051497474,"Ghana","Africa","Sub-Saharan Africa",0.480472906132627,0.480472906132627,0.481200895384343,0.480472906132627,0.480472906132627,0.481200895384343,0.480472906132627,0.480472906132627,0.481200895384343,0.254796238100635,0.0131038065308898,0.951045158441915,0.254796238100635,0.0131038065308898,0.951045158441915,0.254796238100635,0.0131038065308898,0.951045158441915,5.90962003766463,5.68926132439578,17.7088275026967,1.12182617664142,4.6075003683487
"GHA",2018,0.0297634282501696,"RAS",561876.441137166,663842,"LM",5536.497954,4028.86449326658,16723.3691412467,67376188.1409589,19758.2137364491,"Ghana","Africa","Sub-Saharan Africa",0.435987956136578,0.435987956136578,0.435987956136578,0.435987956136578,0.435987956136578,0.435987956136578,0.435987956136578,0.435987956136578,0.435987956136578,0.207613312445989,0.180208355203119,1.85024984051866,0.207613312445989,0.180208355203119,0.96886212474795,0.235295087438788,0.235295087438788,0.235295087438788,5.90962003766463,5.68926132439578,17.7088275026967,1.12182617664142,4.6075003683487
"GHA",2019,0.0305152454244372,"RAS",1299570.65496539,1535408,"LM",6002.550447,4028.86449326658,39656.7174826655,159771540.985415,46853.3519466443,"Ghana","Africa","Sub-Saharan Africa",0.426313959096023,0.413196606508453,0.478783369446303,0.426313959096023,0.413196606508453,0.478783369446303,0.426313959096023,0.413196606508453,0.478783369446303,0.288581756926539,0.010493882070056,0.787041155254196,0.288581756926539,0.010493882070056,0.787041155254196,0.288581756926539,0.010493882070056,0.787041155254196,5.90962003766463,5.68926132439578,17.7088275026967,1.12182617664142,4.6075003683487
"GHA",2020,0.0301011347947963,"RAS",972876.850189368,1149428,"LM",6047.301117,4028.86449326658,29284.697206287,117984076.770473,34599.0871649131,"Ghana","Africa","Sub-Saharan Africa",0.394021260902951,0.394021260902951,0.450310012460516,0.394021260902951,0.394021260902951,0.450310012460516,0.394021260902951,0.394021260902951,0.450310012460516,0.187629171858548,0.0100068891657892,6.84846477283701,0.187629171858548,0.0100068891657892,6.84846477283701,0.187629171858548,0.187629171858548,0.293702197015914,5.90962003766463,5.68926132439578,17.7088275026967,1.12182617664142,4.6075003683487
"GHA",2021,0.0292859525035161,"RAS",3303817.42612619,3903372,"LM",6607.502974,4028.86449326658,96755.4402218204,389814557.640069,114313.966995555,"Ghana","Africa","Sub-Saharan Africa",0.37788340280478,0.365887104303041,0.389879701306519,0.37788340280478,0.365887104303041,0.389879701306519,0.37788340280478,0.365887104303041,0.389879701306519,0.179944477526086,0.179944477526086,1.00768907414608,0.179944477526086,0.179944477526086,1.00768907414608,0.407874149059128,0.407874149059128,0.407874149059128,5.90962003766463,5.68926132439578,17.7088275026967,1.12182617664142,4.6075003683487
"GHA",2022,0.0290669504739509,"RAS",1446791.92812755,1709346,"LM",7209.036734,4028.86449326658,42053.8293209955,169429179.757252,49685.4755248461,"Ghana","Africa","Sub-Saharan Africa",0.350415084017681,0.339290795636167,0.73976517737066,0.350415084017681,0.339290795636167,0.73976517737066,0.350415084017681,0.339290795636167,0.73976517737066,0.278107209537842,0.0355977228208438,14.7396821055056,0.278107209537842,0.0355977228208438,0.72307874479839,0.278107209537842,0.0355977228208438,0.72307874479839,5.90962003766463,5.68926132439578,17.7088275026967,1.12182617664142,4.6075003683487
"GHA",2023,0.0261114562463753,"RAS",888720.905266652,1050000,"LM",7543.026747,4028.86449326658,23205.7970331092,93493011.7046446,27417.0290586941,"Ghana","Africa","Sub-Saharan Africa",0.35,0.305,0.35,0.35,0.305,0.35,0.35,0.305,0.35,0.2,0.2,7.12,0.2,0.2,7.12,0.2,0.2,7.12,5.90962003766463,5.68926132439578,17.7088275026967,1.12182617664142,4.6075003683487
"GIN",2018,0.0201367077760127,"RAS",561876.441137166,663842,"L",2844.464277,4028.86449326658,11314.3417014051,45583949.5454764,13367.5923634438,"Guinea","Africa","Sub-Saharan Africa",0.435987956136578,0.435987956136578,0.435987956136578,0.435987956136578,0.435987956136578,0.435987956136578,0.435987956136578,0.435987956136578,0.435987956136578,0.207613312445989,0.180208355203119,1.85024984051866,0.207613312445989,0.180208355203119,0.96886212474795,0.207613312445989,0.180208355203119,0.96886212474795,3.80619595646197,3.80619595646197,11.6389465826547,0.781271801589562,2.98485893427807
"GIN",2019,0.0195397735198415,"RAS",1299570.65496539,1535408,"L",3105.82789,4028.86449326658,25393.3162710558,102306230.290745,30001.5245805528,"Guinea","Africa","Sub-Saharan Africa",0.426313959096023,0.413196606508453,0.478783369446303,0.426313959096023,0.413196606508453,0.478783369446303,0.426313959096023,0.413196606508453,0.478783369446303,0.288581756926539,0.010493882070056,0.787041155254196,0.288581756926539,0.010493882070056,0.787041155254196,0.301699109514109,0.301699109514109,0.301699109514109,3.80619595646197,3.80619595646197,11.6389465826547,0.781271801589562,2.98485893427807
"GIN",2020,0.0184653719072841,"RAS",972876.850189368,1149428,"L",3331.85663,4028.86449326658,17964.5328587338,72376668.5726733,21224.6155006457,"Guinea","Africa","Sub-Saharan Africa",0.394021260902951,0.394021260902951,0.450310012460516,0.394021260902951,0.394021260902951,0.450310012460516,0.394021260902951,0.394021260902951,0.450310012460516,0.187629171858548,0.0100068891657892,6.84846477283701,0.187629171858548,0.0100068891657892,6.84846477283701,0.250172229144731,0.200137783315785,0.750516687434193,3.80619595646197,3.80619595646197,11.6389465826547,0.781271801589562,2.98485893427807
"GIN",2021,0.0186326286525428,"RAS",3303817.42612619,3903372,"L",3738.805126,4028.86449326658,61558.8032368092,248012076.608764,72730.0809687334,"Guinea","Africa","Sub-Saharan Africa",0.37788340280478,0.365887104303041,0.389879701306519,0.37788340280478,0.365887104303041,0.389879701306519,0.37788340280478,0.365887104303041,0.389879701306519,0.179944477526086,0.179944477526086,1.00768907414608,0.179944477526086,0.179944477526086,1.00768907414608,0.239925970034781,0.239925970034781,0.239925970034781,3.80619595646197,3.80619595646197,11.6389465826547,0.781271801589562,2.98485893427807
"MDG",2021,0.0205500510094501,"RAS",3303817.42612619,3903372,"L",1599.412769,4028.86449326658,67893.6166328035,273534181.371355,80214.4937088594,"Madagascar","Africa","Sub-Saharan Africa",0.37788340280478,0.365887104303041,0.389879701306519,0.37788340280478,0.365887104303041,0.389879701306519,0.37788340280478,0.37788340280478,0.389879701306519,0.179944477526086,0.179944477526086,1.00768907414608,0.179944477526086,0.179944477526086,1.00768907414608,0.419870447560867,0.316702280445911,0.419870447560867,3.58583724319312,3.44560897111294,10.2166312515558,0.701141360400888,2.56417411803754
"MDG",2023,0.0248695990120749,"RAS",888720.905266652,1050000,"L",1823.817329,4028.86449326658,22102.1325476298,89046497.0466172,26113.0789626786,"Madagascar","Africa","Sub-Saharan Africa",0.35,0.305,0.35,0.35,0.305,0.35,0.35,0.305,0.35,0.2,0.2,7.12,0.2,0.2,7.12,0.34,0.34,0.34,3.58583724319312,3.44560897111294,10.2166312515558,0.701141360400888,2.56417411803754
"MLI",2016,0.0334683569129675,"RAS",59131.2570321322,69862,"L",2120.858208,4028.86449326658,1979.02601506382,7973227.64334148,2338.16635065374,"Mali","Africa","Sub-Saharan Africa",NA,NA,NA,NA,NA,NA,NA,NA,NA,0.911146374132893,0.242972366435438,0.987075238643968,0.273343912239868,0.242972366435438,0.987075238643968,0.273343912239868,0.242972366435438,0.987075238643968,4.50733731686285,4.44723948597135,13.3617510682112,0.901467463372571,3.28534808873559
"MLI",2017,0.0332911583762443,"RAS",286582.86791832,338590,"L",2187.729513,4028.86449326658,9540.67564378709,38438089.3430271,11272.0533146126,"Mali","Africa","Sub-Saharan Africa",0.480472906132627,0.480472906132627,0.481200895384343,0.480472906132627,0.480472906132627,0.481200895384343,0.480472906132627,0.480472906132627,0.480472906132627,0.254796238100635,0.0131038065308898,0.951045158441915,0.254796238100635,0.0131038065308898,0.951045158441915,0.254796238100635,0.0131038065308898,0.951045158441915,4.50733731686285,4.44723948597135,13.3617510682112,0.901467463372571,3.28534808873559
"MLI",2018,0.034437624561975,"RAS",561876.441137166,663842,"L",2249.86223,4028.86449326658,19349.6899301004,77957278.7150992,22861.1415644706,"Mali","Africa","Sub-Saharan Africa",0.435987956136578,0.435987956136578,0.435987956136578,0.435987956136578,0.435987956136578,0.435987956136578,0.435987956136578,0.435987956136578,0.435987956136578,0.207613312445989,0.180208355203119,1.85024984051866,0.207613312445989,0.180208355203119,0.96886212474795,0.207613312445989,0.180208355203119,0.96886212474795,4.50733731686285,4.44723948597135,13.3617510682112,0.901467463372571,3.28534808873559
"MLI",2019,0.0303003518171474,"RAS",1299570.65496539,1535408,"L",2379.595876,4028.86449326658,39377.448056692,158646402.311055,46523.4025828627,"Mali","Africa","Sub-Saharan Africa",0.426313959096023,0.413196606508453,0.478783369446303,0.426313959096023,0.413196606508453,0.478783369446303,0.426313959096023,0.426313959096023,0.426313959096023,0.288581756926539,0.010493882070056,0.787041155254196,0.288581756926539,0.010493882070056,0.787041155254196,0.288581756926539,0.010493882070056,0.787041155254196,4.50733731686285,4.44723948597135,13.3617510682112,0.901467463372571,3.28534808873559
"MLI",2020,0.0317187516704105,"RAS",972876.850189368,1149428,"L",2298.251891,4028.86449326658,30858.4392170477,124324470.079188,36458.4212950166,"Mali","Africa","Sub-Saharan Africa",0.394021260902951,0.394021260902951,0.450310012460516,0.394021260902951,0.394021260902951,0.450310012460516,0.406529872360188,0.406529872360188,0.406529872360188,0.187629171858548,0.0100068891657892,6.84846477283701,0.187629171858548,0.0100068891657892,6.84846477283701,0.187629171858548,0.0100068891657892,6.84846477283701,4.50733731686285,4.44723948597135,13.3617510682112,0.901467463372571,3.28534808873559
"MLI",2021,0.032227525342292,"RAS",3303817.42612619,3903372,"L",2347.627529,4028.86449326658,106473.859826788,428968753.317187,125796.020050393,"Mali","Africa","Sub-Saharan Africa",0.37788340280478,0.365887104303041,0.389879701306519,0.37788340280478,0.365887104303041,0.389879701306519,0.389879701306519,0.389879701306519,0.389879701306519,0.179944477526086,0.179944477526086,1.00768907414608,0.179944477526086,0.179944477526086,1.00768907414608,0.419870447560867,0.419870447560867,0.419870447560867,4.50733731686285,4.44723948597135,13.3617510682112,0.901467463372571,3.28534808873559
"MLI",2022,0.033085405921745,"RAS",1446791.92812755,1709346,"L",2525.245789,4028.86449326658,47867.6982264042,192852469.758759,56554.4062707111,"Mali","Africa","Sub-Saharan Africa",0.350415084017681,0.339290795636167,0.73976517737066,0.350415084017681,0.339290795636167,0.73976517737066,0.350415084017681,0.350415084017681,0.350415084017681,0.278107209537842,0.0355977228208438,14.7396821055056,0.278107209537842,0.0355977228208438,0.72307874479839,0.278107209537842,0.0355977228208438,0.72307874479839,4.50733731686285,4.44723948597135,13.3617510682112,0.901467463372571,3.28534808873559
"MLI",2023,0.0327984264159514,"RAS",888720.905266652,1050000,"L",2657.712984,4028.86449326658,29148.647215706,117435949.794112,34438.347736749,"Mali","Africa","Sub-Saharan Africa",0.35,0.305,0.35,0.35,0.305,0.35,0.35,0.35,0.35,0.2,0.2,7.12,0.2,0.2,7.12,0.2,0.2,7.12,4.50733731686285,4.44723948597135,13.3617510682112,0.901467463372571,3.28534808873559
"MOZ",2016,0.0438739356637143,"RAS",59131.2570321322,69862,"L",1379.1074,4028.86449326658,2594.32096674232,10452167.6270452,3065.12089333841,"Mozambique","Africa","Sub-Saharan Africa",NA,NA,NA,NA,NA,NA,NA,NA,NA,0.911146374132893,0.242972366435438,0.987075238643968,0.273343912239868,0.242972366435438,0.987075238643968,0.273343912239868,0.273343912239868,0.273343912239868,3.46564158141011,3.30538069903276,9.73584860442377,0.661076139806552,2.42394584595736
"MOZ",2017,0.0417579543569029,"RAS",286582.86791832,338590,"L",1282.74966,4028.86449326658,11967.1143180035,48213881.9626665,14138.8257657038,"Mozambique","Africa","Sub-Saharan Africa",0.480472906132627,0.480472906132627,0.481200895384343,0.480472906132627,0.480472906132627,0.481200895384343,0.480472906132627,0.480472906132627,0.481200895384343,0.254796238100635,0.0131038065308898,0.951045158441915,0.254796238100635,0.0131038065308898,0.951045158441915,0.254796238100635,0.0131038065308898,0.951045158441915,3.46564158141011,3.30538069903276,9.73584860442377,0.661076139806552,2.42394584595736
"MOZ",2018,0.0421287350503018,"RAS",561876.441137166,663842,"L",1325.586956,4028.86449326658,23671.1437196742,95367830.4472055,27966.8237332625,"Mozambique","Africa","Sub-Saharan Africa",0.435987956136578,0.435987956136578,0.435987956136578,0.435987956136578,0.435987956136578,0.435987956136578,0.435987956136578,0.435987956136578,0.435987956136578,0.207613312445989,0.180208355203119,1.85024984051866,0.207613312445989,0.180208355203119,0.96886212474795,0.249135974935187,0.221454199942389,0.249135974935187,3.46564158141011,3.30538069903276,9.73584860442377,0.661076139806552,2.42394584595736
"MOZ",2019,0.0409030545028111,"RAS",1299570.65496539,1535408,"L",1388.79707,4028.86449326658,53156.4093303033,214159970.140403,62802.8771080522,"Mozambique","Africa","Sub-Saharan Africa",0.426313959096023,0.413196606508453,0.478783369446303,0.426313959096023,0.413196606508453,0.478783369446303,0.426313959096023,0.413196606508453,0.478783369446303,0.288581756926539,0.010493882070056,0.787041155254196,0.288581756926539,0.010493882070056,0.787041155254196,0.202007229848577,0.202007229848577,0.209877641401119,3.46564158141011,3.30538069903276,9.73584860442377,0.661076139806552,2.42394584595736
"MOZ",2020,0.0396848909886966,"RAS",972876.850189368,1149428,"L",1411.620402,4028.86449326658,38608.5117451916,155548462.108068,45614.9248793555,"Mozambique","Africa","Sub-Saharan Africa",0.394021260902951,0.394021260902951,0.450310012460516,0.394021260902951,0.394021260902951,0.450310012460516,0.394021260902951,0.394021260902951,0.450310012460516,0.187629171858548,0.0100068891657892,6.84846477283701,0.187629171858548,0.0100068891657892,6.84846477283701,0.187629171858548,0.18137486612993,0.250172229144731,3.46564158141011,3.30538069903276,9.73584860442377,0.661076139806552,2.42394584595736
"MOZ",2021,0.0399943500655854,"RAS",3303817.42612619,3903372,"L",1457.235409,4028.86449326658,132134.030693272,532350104.61232,156112.826204204,"Mozambique","Africa","Sub-Saharan Africa",0.37788340280478,0.365887104303041,0.389879701306519,0.37788340280478,0.365887104303041,0.389879701306519,0.37788340280478,0.37788340280478,0.37788340280478,0.179944477526086,0.179944477526086,1.00768907414608,0.179944477526086,0.179944477526086,1.00768907414608,0.179944477526086,0.179944477526086,1.00768907414608,3.46564158141011,3.30538069903276,9.73584860442377,0.661076139806552,2.42394584595736
"MOZ",2022,0.0368950201247488,"RAS",1446791.92812755,1709346,"L",1581.944194,4028.86449326658,53379.4173045902,215058439.049723,63066.3550701589,"Mozambique","Africa","Sub-Saharan Africa",0.350415084017681,0.339290795636167,0.73976517737066,0.350415084017681,0.339290795636167,0.73976517737066,0.350415084017681,0.339290795636167,0.73976517737066,0.278107209537842,0.0355977228208438,14.7396821055056,0.278107209537842,0.0355977228208438,0.72307874479839,0.278107209537842,0.278107209537842,0.278107209537842,3.46564158141011,3.30538069903276,9.73584860442377,0.661076139806552,2.42394584595736
"MOZ",2023,0.0368918961822816,"RAS",888720.905266652,1050000,"L",1677.681023,4028.86449326658,32786.5993721206,132092766.065293,38736.4909913957,"Mozambique","Africa","Sub-Saharan Africa",0.35,0.305,0.35,0.35,0.305,0.35,0.315,0.315,0.315,0.2,0.2,7.12,0.2,0.2,7.12,0.2848,0.2848,0.2848,3.46564158141011,3.30538069903276,9.73584860442377,0.661076139806552,2.42394584595736
"MWI",2020,0.0178656808300305,"RAS",972876.850189368,1149428,"L",1513.459908,4028.86449326658,17381.1072924086,70026126.024042,20535.3137851003,"Malawi","Africa","Sub-Saharan Africa",0.394021260902951,0.394021260902951,0.450310012460516,0.394021260902951,0.394021260902951,0.450310012460516,0.394021260902951,0.394021260902951,0.450310012460516,0.187629171858548,0.0100068891657892,6.84846477283701,0.187629171858548,0.0100068891657892,6.84846477283701,0.187629171858548,0.0100068891657892,6.84846477283701,3.3454459196271,3.3454459196271,10.5171204060133,0.701141360400888,2.60423933863187
"MWI",2022,0.0193168438944229,"RAS",1446791.92812755,1709346,"L",1778.305821,4028.86449326658,27947.453823351,112596504.386106,33019.1698435562,"Malawi","Africa","Sub-Saharan Africa",0.350415084017681,0.339290795636167,0.73976517737066,0.350415084017681,0.339290795636167,0.73976517737066,0.350415084017681,0.339290795636167,0.73976517737066,0.278107209537842,0.0355977228208438,14.7396821055056,0.278107209537842,0.0355977228208438,0.72307874479839,0.278107209537842,0.0355977228208438,0.72307874479839,3.3454459196271,3.3454459196271,10.5171204060133,0.701141360400888,2.60423933863187
"NER",2016,0.0375142850964892,"RAS",59131.2570321322,69862,"L",1188.557092,4028.86449326658,2218.26683441719,8937096.48577427,2620.82298541093,"Niger","Africa","Sub-Saharan Africa",NA,NA,NA,NA,NA,NA,NA,NA,NA,0.911146374132893,0.242972366435438,0.987075238643968,0.273343912239868,0.242972366435438,0.987075238643968,0.68335978059967,0.68335978059967,0.68335978059967,2.5241088974432,2.50407628714603,7.65245713351827,0.540880478023543,1.84300014733948
"NER",2017,0.0351370635888443,"RAS",286582.86791832,338590,"L",1208.1461,4028.86449326658,10069.6804535194,40569378.0377247,11897.0583605468,"Niger","Africa","Sub-Saharan Africa",0.480472906132627,0.480472906132627,0.481200895384343,0.480472906132627,0.480472906132627,0.481200895384343,0.480472906132627,0.480472906132627,0.481200895384343,0.254796238100635,0.0131038065308898,0.951045158441915,0.254796238100635,0.0131038065308898,0.951045158441915,0.655190326544491,0.655190326544491,0.655190326544491,2.5241088974432,2.50407628714603,7.65245713351827,0.540880478023543,1.84300014733948
"NER",2018,0.0346618537039515,"RAS",561876.441137166,663842,"L",1275.996439,4028.86449326658,19475.6790023934,78464871.615,23009.9942865386,"Niger","Africa","Sub-Saharan Africa",0.435987956136578,0.435987956136578,0.435987956136578,0.435987956136578,0.435987956136578,0.435987956136578,0.435987956136578,0.435987956136578,0.435987956136578,0.207613312445989,0.180208355203119,1.85024984051866,0.207613312445989,0.180208355203119,0.96886212474795,0.276817749927986,0.276817749927986,0.276817749927986,2.5241088974432,2.50407628714603,7.65245713351827,0.540880478023543,1.84300014733948
"NER",2019,0.0336920991856532,"RAS",1299570.65496539,1535408,"L",1419.168051,4028.86449326658,43785.2634058582,176404893.064187,51731.1186264454,"Niger","Africa","Sub-Saharan Africa",0.426313959096023,0.413196606508453,0.478783369446303,0.426313959096023,0.413196606508453,0.478783369446303,0.426313959096023,0.413196606508453,0.478783369446303,0.288581756926539,0.010493882070056,0.787041155254196,0.288581756926539,0.010493882070056,0.787041155254196,0.262347051751399,0.262347051751399,0.262347051751399,2.5241088974432,2.50407628714603,7.65245713351827,0.540880478023543,1.84300014733948
"NER",2020,0.0328009633822779,"RAS",972876.850189368,1149428,"L",1496.8335,4028.86449326658,31911.2979385274,128566295.198584,37702.3457385649,"Niger","Africa","Sub-Saharan Africa",0.394021260902951,0.394021260902951,0.450310012460516,0.394021260902951,0.394021260902951,0.450310012460516,0.394021260902951,0.394021260902951,0.450310012460516,0.187629171858548,0.0100068891657892,6.84846477283701,0.187629171858548,0.0100068891657892,6.84846477283701,0.262680840601968,0.250172229144731,0.262680840601968,2.5241088974432,2.50407628714603,7.65245713351827,0.540880478023543,1.84300014733948
"NER",2021,0.0310134610636186,"RAS",3303817.42612619,3903372,"L",1585.59922,4028.86449326658,102462.813106469,412808789.604864,121057.075538819,"Niger","Africa","Sub-Saharan Africa",0.37788340280478,0.365887104303041,0.389879701306519,0.37788340280478,0.365887104303041,0.389879701306519,0.37788340280478,0.365887104303041,0.389879701306519,0.179944477526086,0.179944477526086,1.00768907414608,0.179944477526086,0.179944477526086,1.00768907414608,0.244724489435477,0.244724489435477,0.359888955052171,2.5241088974432,2.50407628714603,7.65245713351827,0.540880478023543,1.84300014733948
"NER",2022,0.0319902681628358,"RAS",1446791.92812755,1709346,"L",1839.969097,4028.86449326658,46283.2617566267,186468989.923836,54682.4369230708,"Niger","Africa","Sub-Saharan Africa",0.350415084017681,0.339290795636167,0.73976517737066,0.350415084017681,0.339290795636167,0.73976517737066,0.350415084017681,0.339290795636167,0.73976517737066,0.278107209537842,0.0355977228208438,14.7396821055056,0.278107209537842,0.0355977228208438,0.72307874479839,0.33372865144541,0.222485767630274,0.33372865144541,2.5241088974432,2.50407628714603,7.65245713351827,0.540880478023543,1.84300014733948
"NER",2023,0.0318147092092783,"RAS",888720.905266652,1050000,"L",1890.505186,4028.86449326658,28274.3971692651,113913714.823769,33405.4446697422,"Niger","Africa","Sub-Saharan Africa",0.35,0.305,0.35,0.35,0.305,0.35,0.35,0.305,0.35,0.2,0.2,7.12,0.2,0.2,7.12,0.3,0.3,0.3,2.5241088974432,2.50407628714603,7.65245713351827,0.540880478023543,1.84300014733948
"NGA",2016,0.259303731990279,"RAS",59131.2570321322,69862,"LM",5022.333267,4028.86449326658,15332.9556257083,61774400.4972483,18115.4773243049,"Nigeria","Africa","Sub-Saharan Africa",NA,NA,NA,NA,NA,NA,NA,NA,NA,0.911146374132893,0.242972366435438,0.987075238643968,0.273343912239868,0.242972366435438,0.987075238643968,0.242972366435438,0.242972366435438,0.273343912239868,7.99301150857013,7.97297889827296,24.8204041581915,1.56254360317912,6.21010919212216
"NGA",2017,0.257931779333005,"RAS",286582.86791832,338590,"LM",4996.894728,4028.86449326658,73918.8290485276,297808945.737455,87333.121164362,"Nigeria","Africa","Sub-Saharan Africa",0.480472906132627,0.480472906132627,0.481200895384343,0.480472906132627,0.480472906132627,0.481200895384343,0.480472906132627,0.480472906132627,0.481200895384343,0.254796238100635,0.0131038065308898,0.951045158441915,0.254796238100635,0.0131038065308898,0.951045158441915,0.231791777746407,0.231791777746407,0.241401235869059,7.99301150857013,7.97297889827296,24.8204041581915,1.56254360317912,6.21010919212216
"NGA",2018,0.266439034022714,"RAS",561876.441137166,663842,"LM",5083.172331,4028.86449326658,149705.816216707,603144447.390983,176873.421223707,"Nigeria","Africa","Sub-Saharan Africa",0.435987956136578,0.435987956136578,0.435987956136578,0.435987956136578,0.435987956136578,0.435987956136578,0.435987956136578,0.435987956136578,0.435987956136578,0.207613312445989,0.180208355203119,1.85024984051866,0.207613312445989,0.180208355203119,0.96886212474795,0.207613312445989,0.207613312445989,0.249135974935187,7.99301150857013,7.97297889827296,24.8204041581915,1.56254360317912,6.21010919212216
"NGA",2019,0.270981315597957,"RAS",1299570.65496539,1535408,"LM",5362.408308,4028.86449326658,352159.36579502,1418802364.82283,416066.879819628,"Nigeria","Africa","Sub-Saharan Africa",0.426313959096023,0.413196606508453,0.478783369446303,0.426313959096023,0.413196606508453,0.478783369446303,0.426313959096023,0.413196606508453,0.478783369446303,0.288581756926539,0.010493882070056,0.787041155254196,0.288581756926539,0.010493882070056,0.787041155254196,0.193480950666657,0.193480950666657,0.193480950666657,7.99301150857013,7.97297889827296,24.8204041581915,1.56254360317912,6.21010919212216
"NGA",2020,0.272319406701893,"RAS",972876.850189368,1149428,"LM",5353.705549,4028.86449326658,264933.246637575,1067380150.46396,313011.551006543,"Nigeria","Africa","Sub-Saharan Africa",0.394021260902951,0.394021260902951,0.450310012460516,0.394021260902951,0.394021260902951,0.450310012460516,0.394021260902951,0.394021260902951,0.450310012460516,0.187629171858548,0.0100068891657892,6.84846477283701,0.187629171858548,0.0100068891657892,6.84846477283701,0.262680840601968,0.262680840601968,0.262680840601968,7.99301150857013,7.97297889827296,24.8204041581915,1.56254360317912,6.21010919212216
"NGA",2021,0.272141535617519,"RAS",3303817.42612619,3903372,"LM",5491.700341,4028.86449326658,899105.947745902,3622376028.55826,1062269.65016643,"Nigeria","Africa","Sub-Saharan Africa",0.37788340280478,0.365887104303041,0.389879701306519,0.37788340280478,0.365887104303041,0.389879701306519,0.37788340280478,0.365887104303041,0.389879701306519,0.179944477526086,0.179944477526086,1.00768907414608,0.179944477526086,0.179944477526086,1.00768907414608,0.281673088820833,0.244724489435477,0.281673088820833,7.99301150857013,7.97297889827296,24.8204041581915,1.56254360317912,6.21010919212216
"NGA",2022,0.27634647361827,"RAS",1446791.92812755,1709346,"LM",5948.726147,4028.86449326658,399815.847397427,1610803871.42478,472371.739293496,"Nigeria","Africa","Sub-Saharan Africa",0.350415084017681,0.339290795636167,0.73976517737066,0.350415084017681,0.339290795636167,0.73976517737066,0.350415084017681,0.339290795636167,0.73976517737066,0.278107209537842,0.0355977228208438,14.7396821055056,0.278107209537842,0.0355977228208438,0.72307874479839,0.277995966654027,0.277995966654027,0.277995966654027,7.99301150857013,7.97297889827296,24.8204041581915,1.56254360317912,6.21010919212216
"NGA",2023,0.271561176795218,"RAS",888720.905266652,1050000,"LM",6207.421378,4028.86449326658,241342.094876724,972334596.779405,285139.235634979,"Nigeria","Africa","Sub-Saharan Africa",0.35,0.305,0.35,0.35,0.305,0.35,0.35,0.305,0.35,0.2,0.2,7.12,0.2,0.2,7.12,0.2,0.2,0.2,7.99301150857013,7.97297889827296,24.8204041581915,1.56254360317912,6.21010919212216
"RWA",2016,0.02276800459236,"RAS",59131.2570321322,69862,"L",1866.389685,4028.86449326658,1346.30073165961,5424063.2150422,1590.61833683145,"Rwanda","Africa","Sub-Saharan Africa",NA,NA,NA,NA,NA,NA,NA,NA,NA,0.911146374132893,0.242972366435438,0.987075238643968,0.273343912239868,0.242972366435438,0.987075238643968,0.273343912239868,0.242972366435438,0.987075238643968,4.36710904478268,4.40717426537701,13.3216858476169,0.901467463372571,3.32541330932993
"RWA",2017,0.0386923656270553,"RAS",286582.86791832,338590,"L",1967.942866,4028.86449326658,11088.5691079457,44674342.3601352,13100.8480776647,"Rwanda","Africa","Sub-Saharan Africa",0.480472906132627,0.480472906132627,0.481200895384343,0.480472906132627,0.480472906132627,0.481200895384343,0.480472906132627,0.480472906132627,0.481200895384343,0.254796238100635,0.0131038065308898,0.951045158441915,0.254796238100635,0.0131038065308898,0.951045158441915,0.943765265924754,0.943765265924754,0.951045158441915,4.36710904478268,4.40717426537701,13.3216858476169,0.901467463372571,3.32541330932993
"RWA",2018,0.0266378030046357,"RAS",561876.441137166,663842,"L",2125.495227,4028.86449326658,14967.1539519576,60300635.1222965,17683.2924222034,"Rwanda","Africa","Sub-Saharan Africa",0.435987956136578,0.435987956136578,0.435987956136578,0.435987956136578,0.435987956136578,0.435987956136578,0.435987956136578,0.435987956136578,0.435987956136578,0.207613312445989,0.180208355203119,1.85024984051866,0.207613312445989,0.180208355203119,0.96886212474795,0.890661110393294,0.880280444770995,0.890661110393294,4.36710904478268,4.40717426537701,13.3216858476169,0.901467463372571,3.32541330932993
"RWA",2019,0.0217353526530582,"RAS",1299570.65496539,1535408,"L",2336.039673,4028.86449326658,28246.6264832385,113801830.492883,33372.6343463267,"Rwanda","Africa","Sub-Saharan Africa",0.426313959096023,0.413196606508453,0.478783369446303,0.426313959096023,0.413196606508453,0.478783369446303,0.426313959096023,0.413196606508453,0.478783369446303,0.288581756926539,0.010493882070056,0.787041155254196,0.288581756926539,0.010493882070056,0.787041155254196,0.288581756926539,0.010493882070056,0.787041155254196,4.36710904478268,4.40717426537701,13.3216858476169,0.901467463372571,3.32541330932993
"TZA",2016,0.0335732758454845,"RAS",59131.2570321322,69862,"L",2434.699951,4028.86449326658,1985.23000343002,7998222.6717867,2345.49619711724,"Tanzania","Africa","Sub-Saharan Africa",NA,NA,NA,NA,NA,NA,NA,NA,NA,0.911146374132893,0.242972366435438,0.987075238643968,0.273343912239868,0.242972366435438,0.987075238643968,0.303715458044298,0.303715458044298,0.303715458044298,5.06825040518356,5.22851128756091,15.8858599656544,1.08176095604709,4.10668511091949
"TZA",2017,0.0304936167252855,"RAS",286582.86791832,338590,"L",2472.493164,4028.86449326658,8738.94813433436,35208037.8469179,10324.8336870144,"Tanzania","Africa","Sub-Saharan Africa",0.480472906132627,0.480472906132627,0.481200895384343,0.480472906132627,0.480472906132627,0.481200895384343,0.480472906132627,0.480472906132627,0.481200895384343,0.254796238100635,0.0131038065308898,0.951045158441915,0.254796238100635,0.0131038065308898,0.951045158441915,0.273723958645254,0.240236453066313,0.273723958645254,5.06825040518356,5.22851128756091,15.8858599656544,1.08176095604709,4.10668511091949
"TZA",2018,0.0283857201295412,"RAS",561876.441137166,663842,"L",2727.880127,4028.86449326658,15949.2674055022,64257437.1436419,18843.6332222349,"Tanzania","Africa","Sub-Saharan Africa",0.435987956136578,0.435987956136578,0.435987956136578,0.435987956136578,0.435987956136578,0.435987956136578,0.435987956136578,0.435987956136578,0.435987956136578,0.207613312445989,0.180208355203119,1.85024984051866,0.207613312445989,0.180208355203119,0.96886212474795,0.262976862431586,0.262976862431586,0.262976862431586,5.06825040518356,5.22851128756091,15.8858599656544,1.08176095604709,4.10668511091949
"TZA",2019,0.0298850144593046,"RAS",1299570.65496539,1535408,"LM",2981.874512,4028.86449326658,38837.6878145286,156471781.436526,45885.6902809319,"Tanzania","Africa","Sub-Saharan Africa",0.426313959096023,0.413196606508453,0.478783369446303,0.426313959096023,0.413196606508453,0.478783369446303,0.426313959096023,0.413196606508453,0.478783369446303,0.288581756926539,0.010493882070056,0.787041155254196,0.288581756926539,0.010493882070056,0.787041155254196,0.288581756926539,0.010493882070056,0.787041155254196,5.06825040518356,5.22851128756091,15.8858599656544,1.08176095604709,4.10668511091949
"TZA",2020,0.0309287741219396,"RAS",972876.850189368,1149428,"LM",3290.609863,4028.86449326658,30089.8883479711,121228082.771496,35550.3989814328,"Tanzania","Africa","Sub-Saharan Africa",0.394021260902951,0.394021260902951,0.450310012460516,0.394021260902951,0.394021260902951,0.450310012460516,0.394021260902951,0.394021260902951,0.450310012460516,0.187629171858548,0.0100068891657892,6.84846477283701,0.187629171858548,0.0100068891657892,6.84846477283701,0.375258343717097,0.225155006230258,0.375258343717097,5.06825040518356,5.22851128756091,15.8858599656544,1.08176095604709,4.10668511091949
"TZA",2021,0.0344194881724347,"RAS",3303817.42612619,3903372,"LM",3493.083008,4028.86449326658,113715.704822434,458145165.485888,134352.066386613,"Tanzania","Africa","Sub-Saharan Africa",0.37788340280478,0.365887104303041,0.389879701306519,0.37788340280478,0.365887104303041,0.389879701306519,0.37788340280478,0.365887104303041,0.389879701306519,0.179944477526086,0.179944477526086,1.00768907414608,0.179944477526086,0.179944477526086,1.00768907414608,0.359888955052171,0.215933373031303,0.359888955052171,5.06825040518356,5.22851128756091,15.8858599656544,1.08176095604709,4.10668511091949
"TZA",2022,0.0352357173523218,"RAS",1446791.92812755,1709346,"LM",3799.862305,4028.86449326658,50978.7514471231,205386481.616376,60230.0325133218,"Tanzania","Africa","Sub-Saharan Africa",0.350415084017681,0.339290795636167,0.73976517737066,0.350415084017681,0.339290795636167,0.73976517737066,0.350415084017681,0.339290795636167,0.73976517737066,0.278107209537842,0.0355977228208438,14.7396821055056,0.278107209537842,0.0355977228208438,0.72307874479839,0.389350093352979,0.378225804971465,0.444971535260547,5.06825040518356,5.22851128756091,15.8858599656544,1.08176095604709,4.10668511091949
"TZA",2023,0.0340955432880887,"RAS",888720.905266652,1050000,"LM",4018.516602,4028.86449326658,30301.4220965485,122080323.580267,35800.3204524931,"Tanzania","Africa","Sub-Saharan Africa",0.35,0.305,0.35,0.35,0.305,0.35,0.35,0.305,0.35,0.2,0.2,7.12,0.2,0.2,7.12,0.2,0.2,7.12,5.06825040518356,5.22851128756091,15.8858599656544,1.08176095604709,4.10668511091949
"UGA",2016,0.0511043425677863,"RAS",59131.2570321322,69862,"L",2165.297594,4028.86449326658,3021.8640158339,12174680.6368732,3570.25158047068,"Uganda","Africa","Sub-Saharan Africa",NA,NA,NA,NA,NA,NA,NA,NA,NA,0.911146374132893,0.242972366435438,0.987075238643968,0.273343912239868,0.242972366435438,0.987075238643968,0.303715458044298,0.26575102578876,0.303715458044298,4.64756558894303,4.7276960301317,13.7423706638574,0.921500073669739,3.54577202259878
"UGA",2017,0.0527438731782663,"RAS",286582.86791832,338590,"L",2157.957475,4028.86449326658,15115.4904405477,60898262.734233,17858.5480194292,"Uganda","Africa","Sub-Saharan Africa",0.480472906132627,0.480472906132627,0.481200895384343,0.480472906132627,0.480472906132627,0.481200895384343,0.480472906132627,0.480472906132627,0.481200895384343,0.254796238100635,0.0131038065308898,0.951045158441915,0.254796238100635,0.0131038065308898,0.951045158441915,0.254796238100635,0.254796238100635,0.254796238100635,4.64756558894303,4.7276960301317,13.7423706638574,0.921500073669739,3.54577202259878
"UGA",2018,0.0487109202767851,"RAS",561876.441137166,663842,"L",2312.057528,4028.86449326658,27369.5185296363,110268081.401853,32336.3547383816,"Uganda","Africa","Sub-Saharan Africa",0.435987956136578,0.435987956136578,0.435987956136578,0.435987956136578,0.435987956136578,0.435987956136578,0.435987956136578,0.435987956136578,0.435987956136578,0.207613312445989,0.180208355203119,1.85024984051866,0.207613312445989,0.180208355203119,0.96886212474795,0.242215531186988,0.242215531186988,0.576611373099994,4.64756558894303,4.7276960301317,13.7423706638574,0.921500073669739,3.54577202259878
"UGA",2019,0.0498101086623929,"RAS",1299570.65496539,1535408,"L",2441.374452,4028.86449326658,64731.7555382832,260795471.475001,76478.8393211073,"Uganda","Africa","Sub-Saharan Africa",0.426313959096023,0.413196606508453,0.478783369446303,0.426313959096023,0.413196606508453,0.478783369446303,0.426313959096023,0.413196606508453,0.478783369446303,0.288581756926539,0.010493882070056,0.787041155254196,0.288581756926539,0.010493882070056,0.787041155254196,0.275464404338969,0.275464404338969,0.275464404338969,4.64756558894303,4.7276960301317,13.7423706638574,0.921500073669739,3.54577202259878
"UGA",2020,0.0526913996322316,"RAS",972876.850189368,1149428,"L",2532.219501,4028.86449326658,51262.2429062747,206528630.290297,60564.9700964767,"Uganda","Africa","Sub-Saharan Africa",0.394021260902951,0.394021260902951,0.450310012460516,0.394021260902951,0.394021260902951,0.450310012460516,0.394021260902951,0.394021260902951,0.450310012460516,0.187629171858548,0.0100068891657892,6.84846477283701,0.187629171858548,0.0100068891657892,6.84846477283701,0.262680840601968,0.262680840601968,0.262680840601968,4.64756558894303,4.7276960301317,13.7423706638574,0.921500073669739,3.54577202259878
"UGA",2021,0.0501590138454269,"RAS",3303817.42612619,3903372,"L",2684.920359,4028.86449326658,165716.224019826,667648210.911689,195789.290191852,"Uganda","Africa","Sub-Saharan Africa",0.37788340280478,0.365887104303041,0.389879701306519,0.37788340280478,0.365887104303041,0.389879701306519,0.37788340280478,0.365887104303041,0.37788340280478,0.179944477526086,0.179944477526086,1.00768907414608,0.179944477526086,0.179944477526086,1.00768907414608,0.281673088820833,0.179944477526086,0.479851940069562,4.64756558894303,4.7276960301317,13.7423706638574,0.921500073669739,3.54577202259878
"UGA",2022,0.0523982488514798,"RAS",1446791.92812755,1709346,"L",2919.177754,4028.86449326658,75809.3634863398,305425652.807254,89566.7370812816,"Uganda","Africa","Sub-Saharan Africa",0.350415084017681,0.339290795636167,0.73976517737066,0.350415084017681,0.339290795636167,0.73976517737066,0.350415084017681,0.339290795636167,0.350415084017681,0.278107209537842,0.0355977228208438,14.7396821055056,0.278107209537842,0.0355977228208438,0.72307874479839,0.278107209537842,0.278107209537842,0.389350093352979,4.64756558894303,4.7276960301317,13.7423706638574,0.921500073669739,3.54577202259878
"UGA",2023,0.0501083874054768,"RAS",888720.905266652,1050000,"L",3097.637024,4028.86449326658,44532.3714164475,179414890.000685,52613.8067757507,"Uganda","Africa","Sub-Saharan Africa",0.35,0.305,0.35,0.35,0.305,0.35,0.315,0.315,0.35,0.2,0.2,7.12,0.2,0.2,7.12,7.12,0.2848,7.12,4.64756558894303,4.7276960301317,13.7423706638574,0.921500073669739,3.54577202259878
