"country","year","region","distribution","treatment","dalys_averted","doses","daly","dalys_averted_country","dalys_monetized_1","doses_country","sub_region","n_t_cost","mode_country_t","mini_t_price_country","maxi_t_price_country","mode_sub_region_t","mini_t_price_sub_region","maxi_t_price_sub_region","mode_region_t","mini_t_price_region","maxi_t_price_region","mode_global_t","mini_t_price_global","maxi_t_price_global","n_rdt","mode_country_rdt","mini_rdt_price_country","maxi_rdt_price_country","mode_sub_region_rdt","mini_rdt_price_sub_region","maxi_rdt_price_sub_region","mode_region_rdt","mini_rdt_price_region","maxi_rdt_price_region","mode_global_rdt","mini_rdt_price_global","maxi_rdt_price_global","average_model_prediction","average_mean_value_from_sample","average_high_95_unc_interval","average_low_95_unc_interval","average_sd","mode_country_rdt_imputed","mini_rdt_price_country_imputed","maxi_rdt_price_country_imputed","mode_country_t_imputed","mini_t_price_country_imputed","maxi_t_price_country_imputed"
"Afghanistan",2020,"Asia",0.0287430613296201,"ASMQ",1700.70633263356,213000,2100,48.8835064225596,102655.363487375,6122.27206320907,"Southern Asia",NA,0.5620457238,0.5620457238,0.71188711376508,NA,NA,NA,0.5620457238,0.5620457238,0.71188711376508,NA,NA,NA,5,0.359709263232,0.359709263232,0.4957243283916,0.3068769651948,0.24100520636544,0.4957243283916,0.37274872402416,0.24100520636544,0.8857840607088,0.16861371714,0.0089927315808,0.8857840607088,2.17788607468796,2.10588984081398,6.40766481478442,0.431977403243893,1.56591808675911,0.359709263232,0.359709263232,0.4957243283916,0.5620457238,0.5620457238,0.71188711376508
"Afghanistan",2011,"Asia",0.0142427501697503,"ASMQ",0,0,1750,0,0,0,"Southern Asia",NA,NA,NA,NA,NA,NA,NA,NA,NA,NA,NA,NA,NA,NA,1.18677378863064,0.824549788796419,1.46196771063195,NA,NA,NA,1.18677378863064,0.824549788796419,1.46196771063195,1.7887604930085,0.564147540102682,2.93821110596772,2.17788607468796,2.10588984081398,6.40766481478442,0.431977403243893,1.56591808675911,1.18677378863064,0.824549788796419,1.46196771063195,NA,NA,NA
"Afghanistan",2015,"Asia",0.0219216754997899,"ASMQ",0,0,2150,0,0,0,"Southern Asia",NA,NA,NA,NA,NA,NA,NA,NA,NA,NA,NA,NA,NA,1,1.00894185574668,1.00894185574668,1.00894185574668,0.421916025542241,0.337532820433793,1.00894185574668,0.576618568241062,0.309405085397643,2.1095801277112,0.267213482843419,0.236554251654016,2.1095801277112,2.17788607468796,2.10588984081398,6.40766481478442,0.431977403243893,1.56591808675911,1.00894185574668,1.00894185574668,1.00894185574668,NA,NA,NA
"Afghanistan",2021,"Asia",0.0214534170455366,"ASMQ",798.45367729275,100000,1690,17.1295597305036,28948.9559445511,2145.34170455366,"Southern Asia",NA,0.539205,0.539205,0.539205,NA,NA,NA,0.539205,0.539205,0.539205,NA,NA,NA,NA,0.3558753,0.2480343,0.7009665,NA,NA,NA,0.3558753,0.2480343,0.7009665,0.1617615,0.1617615,0.9058644,2.17788607468796,2.10588984081398,6.40766481478442,0.431977403243893,1.56591808675911,0.3558753,0.2480343,0.7009665,0.539205,0.539205,0.539205
"Afghanistan",2018,"Asia",0.051576276020272,"ASMQ",2634.89713506607,330000,2130,135.898181923192,289463.127496398,17020.1710866897,"Southern Asia",NA,0.621575419832576,0.3003452428631,0.621575419832576,NA,NA,NA,0.621575419832576,0.3003452428631,0.621575419832576,0.50546513140785,0.3003452428631,0.50546513140785,2,0.570854865574237,0.570854865574237,0.570854865574237,0.298356201519636,0.261061676329682,0.745890503799091,0.4102397770895,0.261061676329682,1.30928646433534,0.472397319072757,0.161858239324403,1.66184404246437,2.17788607468796,2.10588984081398,6.40766481478442,0.431977403243893,1.56591808675911,0.570854865574237,0.570854865574237,0.570854865574237,0.621575419832576,0.3003452428631,0.621575419832576
"Afghanistan",2019,"Asia",0.0391877776744725,"ASMQ",1373.34032494353,172000,2200,53.8181553252748,118399.941715605,6740.29776000927,"Southern Asia",NA,0.589327423233252,0.589327423233252,0.589327423233252,NA,NA,NA,0.589327423233252,0.589327423233252,0.589327423233252,NA,NA,NA,3,0.412529196263276,0.412529196263276,0.590506078079718,0.247517517757966,0.247517517757966,0.590506078079718,0.447888841657271,0.247517517757966,1.28190501101697,0.447888841657271,0.00942923877173203,1.28190501101697,2.17788607468796,2.10588984081398,6.40766481478442,0.431977403243893,1.56591808675911,0.412529196263276,0.412529196263276,0.590506078079718,0.589327423233252,0.589327423233252,0.589327423233252
"Afghanistan",2016,"Asia",0.040374898086016,"ASMQ",1596.9073545855,200000,2040,64.474971694199,131528.942256166,8074.9796172032,"Southern Asia",NA,0.682029985455064,0.682029985455064,0.682029985455064,NA,NA,NA,0.682029985455064,0.682029985455064,0.682029985455064,0.682029985455064,0.682029985455064,0.682029985455064,3,0.626376338641931,0.626376338641931,0.626376338641931,0.626376338641931,0.192059643904146,0.818435982546077,0.463780390109443,0.192059643904146,1.43226296945563,0.463780390109443,0.192059643904146,1.43226296945563,2.17788607468796,2.10588984081398,6.40766481478442,0.431977403243893,1.56591808675911,0.626376338641931,0.626376338641931,0.626376338641931,0.682029985455064,0.682029985455064,0.682029985455064
"Afghanistan",2012,"Asia",0.00980653587730037,"ASMQ",0,0,1960,0,0,0,"Southern Asia",NA,0.504195983948171,0.504195983948171,0.504195983948171,NA,NA,NA,0.504195983948171,0.504195983948171,0.504195983948171,0.504195983948171,0.504195983948171,0.504195983948171,1,1.19722274879092,1.19722274879092,1.19722274879092,1.13266106791951,0.485426171965505,1.55870343818124,1.03557583352641,0.477659353214057,2.31337932686361,1.03557583352641,0.0118120368511606,2.91255703179303,2.17788607468796,2.10588984081398,6.40766481478442,0.431977403243893,1.56591808675911,1.19722274879092,1.19722274879092,1.19722274879092,0.504195983948171,0.504195983948171,0.504195983948171
"Afghanistan",2013,"Asia",0.01584441273303,"ASMQ",0,0,2070,0,0,0,"Southern Asia",NA,NA,NA,NA,NA,NA,NA,NA,NA,NA,NA,NA,NA,NA,0.615458760166604,0.538526415145779,1.19398999472321,NA,NA,NA,0.615458760166604,0.538526415145779,1.19398999472321,0.538526415145779,0.153864690041651,1.78329175758274,2.17788607468796,2.10588984081398,6.40766481478442,0.431977403243893,1.56591808675911,0.615458760166604,0.538526415145779,1.19398999472321,NA,NA,NA
"Afghanistan",2017,"Asia",0.0531712097232101,"ASMQ",2235.6702964197,280000,2120,118.873294202883,252011.383710113,14887.9387224988,"Southern Asia",NA,0.315852067752122,0.315852067752122,0.827935076603556,NA,NA,NA,0.315852067752122,0.315852067752122,0.827935076603556,0.315852067752122,0.315852067752122,0.827935076603556,2,0.638502276035333,0.600328102283835,0.638502276035333,0.286959970494995,0.286959970494995,0.784400830510238,0.549080581357166,0.286959970494995,1.50604959457966,0.228783575565486,0.0117660124576536,1.50604959457966,2.17788607468796,2.10588984081398,6.40766481478442,0.431977403243893,1.56591808675911,0.638502276035333,0.600328102283835,0.638502276035333,0.315852067752122,0.315852067752122,0.827935076603556
"Afghanistan",2014,"Asia",0.0187405780945307,"ASMQ",0,0,2110,0,0,0,"Southern Asia",NA,NA,NA,NA,NA,NA,NA,NA,NA,NA,NA,NA,NA,2,1.05421854203295,1.00800541594076,1.05421854203295,0.441526682409444,0.441526682409444,1.05421854203295,0.441526682409444,0.223706852420785,1.90548198571836,0.529832018891333,0.156006094451337,1.90548198571836,2.17788607468796,2.10588984081398,6.40766481478442,0.431977403243893,1.56591808675911,1.05421854203295,1.00800541594076,1.05421854203295,NA,NA,NA
"Afghanistan",2022,"Asia",0.0319749529535197,"ASMQ",545.264016223219,68290,11670,17.4347912659847,203464.014074041,2183.56953719586,"Southern Asia",NA,NA,NA,NA,NA,NA,NA,NA,NA,NA,NA,NA,NA,NA,0.33,0.23,0.8278,NA,NA,NA,0.33,0.23,0.8278,0.3,0.032,0.9,2.17788607468796,2.10588984081398,6.40766481478442,0.431977403243893,1.56591808675911,0.33,0.23,0.8278,NA,NA,NA
"Bangladesh",2016,"Asia",0.00174125197233777,"ASMQ",1596.9073545855,200000,4770,2.78061808081269,13263.5482454765,348.250394467553,"Southern Asia",NA,0.682029985455064,0.682029985455064,0.682029985455064,NA,NA,NA,0.682029985455064,0.682029985455064,0.682029985455064,0.682029985455064,0.682029985455064,0.682029985455064,1,0.286452593891127,0.286452593891127,0.286452593891127,0.626376338641931,0.192059643904146,0.818435982546077,0.463780390109443,0.192059643904146,1.43226296945563,0.463780390109443,0.192059643904146,1.43226296945563,5.21972695586371,5.09373354658424,15.2812006397527,1.07994350810973,4.06778721388,0.286452593891127,0.286452593891127,0.286452593891127,0.682029985455064,0.682029985455064,0.682029985455064
"Bangladesh",2019,"Asia",0.00200943035274781,"ASMQ",1373.34032494353,172000,5930,2.75963173359407,16364.6161802128,345.622020672624,"Southern Asia",NA,0.589327423233252,0.589327423233252,0.589327423233252,NA,NA,NA,0.589327423233252,0.589327423233252,0.589327423233252,NA,NA,NA,NA,0.447888841657271,0.247517517757966,1.28190501101697,NA,NA,NA,0.447888841657271,0.247517517757966,1.28190501101697,0.447888841657271,0.00942923877173203,1.28190501101697,5.21972695586371,5.09373354658424,15.2812006397527,1.07994350810973,4.06778721388,0.447888841657271,0.247517517757966,1.28190501101697,0.589327423233252,0.589327423233252,0.589327423233252
"Bangladesh",2015,"Asia",0.00270738511651376,"ASMQ",0,0,4450,0,0,0,"Southern Asia",NA,NA,NA,NA,NA,NA,NA,NA,NA,NA,NA,NA,NA,1,0.492235363132614,0.492235363132614,0.492235363132614,0.421916025542241,0.337532820433793,1.00894185574668,0.576618568241062,0.309405085397643,2.1095801277112,0.267213482843419,0.236554251654016,2.1095801277112,5.21972695586371,5.09373354658424,15.2812006397527,1.07994350810973,4.06778721388,0.492235363132614,0.492235363132614,0.492235363132614,NA,NA,NA
"Bangladesh",2011,"Asia",0.00249351021825408,"ASMQ",0,0,3330,0,0,0,"Southern Asia",NA,NA,NA,NA,NA,NA,NA,NA,NA,NA,NA,NA,NA,NA,1.18677378863064,0.824549788796419,1.46196771063195,NA,NA,NA,1.18677378863064,0.824549788796419,1.46196771063195,1.7887604930085,0.564147540102682,2.93821110596772,5.21972695586371,5.09373354658424,15.2812006397527,1.07994350810973,4.06778721388,1.18677378863064,0.824549788796419,1.46196771063195,NA,NA,NA
"Bangladesh",2014,"Asia",0.00389172554109748,"ASMQ",0,0,4220,0,0,0,"Southern Asia",NA,NA,NA,NA,NA,NA,NA,NA,NA,NA,NA,NA,NA,2,0.441526682409444,0.441526682409444,0.441526682409444,0.441526682409444,0.441526682409444,1.05421854203295,0.441526682409444,0.223706852420785,1.90548198571836,0.529832018891333,0.156006094451337,1.90548198571836,5.21972695586371,5.09373354658424,15.2812006397527,1.07994350810973,4.06778721388,0.441526682409444,0.441526682409444,0.441526682409444,NA,NA,NA
"Bangladesh",2017,"Asia",0.00221844276645956,"ASMQ",2235.6702964197,280000,5000,4.95970659728079,24798.532986404,621.163974608678,"Southern Asia",NA,0.315852067752122,0.315852067752122,0.827935076603556,NA,NA,NA,0.315852067752122,0.315852067752122,0.827935076603556,0.315852067752122,0.315852067752122,0.827935076603556,1,0.300686985028924,0.300686985028924,0.300686985028924,0.286959970494995,0.286959970494995,0.784400830510238,0.549080581357166,0.286959970494995,1.50604959457966,0.228783575565486,0.0117660124576536,1.50604959457966,5.21972695586371,5.09373354658424,15.2812006397527,1.07994350810973,4.06778721388,0.300686985028924,0.300686985028924,0.300686985028924,0.315852067752122,0.315852067752122,0.827935076603556
"Brazil",2013,"Americas",0.011200739769315,"ASMQ",0,0,15320,0,0,0,"Latin America and the Caribbean",NA,NA,NA,NA,NA,NA,NA,NA,NA,NA,NA,NA,NA,NA,0.769323450208255,0.153864690041651,1.78329175758274,NA,NA,NA,0.769323450208255,0.153864690041651,1.78329175758274,0.538526415145779,0.153864690041651,1.78329175758274,5.79569682685557,5.88569211919805,18.413036813271,1.16993880045221,4.64375708487186,0.769323450208255,0.153864690041651,1.78329175758274,NA,NA,NA
"Brazil",2022,"Americas",0.0166536213299582,"ASMQ",545.264016223219,68290,17260,9.08062045103368,156731.508984841,1137.27580062285,"Latin America and the Caribbean",NA,NA,NA,NA,NA,NA,NA,NA,NA,NA,NA,NA,NA,NA,0.7,0.65,0.9,NA,NA,NA,0.7,0.65,0.9,0.3,0.032,0.9,5.79569682685557,5.88569211919805,18.413036813271,1.16993880045221,4.64375708487186,0.7,0.65,0.9,NA,NA,NA
"Brazil",2016,"Americas",0.00726996514632607,"ASMQ",1596.9073545855,200000,13910,11.6094608097484,161487.5998636,1453.99302926521,"Latin America and the Caribbean",NA,0.682029985455064,0.682029985455064,0.682029985455064,NA,NA,NA,NA,NA,NA,0.682029985455064,0.682029985455064,0.682029985455064,NA,0.477420989818545,0.300093193600228,0.477420989818545,NA,NA,NA,0.477420989818545,0.300093193600228,0.477420989818545,0.463780390109443,0.192059643904146,1.43226296945563,5.79569682685557,5.88569211919805,18.413036813271,1.16993880045221,4.64375708487186,0.477420989818545,0.300093193600228,0.477420989818545,0.682029985455064,0.682029985455064,0.682029985455064
"Brazil",2020,"Americas",0.0189742808926597,"ASMQ",1700.70633263356,213000,14590,32.2696796713142,470814.626404474,4041.52183013651,"Latin America and the Caribbean",NA,NA,NA,NA,NA,NA,NA,NA,NA,NA,NA,NA,NA,NA,0.3979283724504,0.19514227530336,0.8430685857,NA,NA,NA,0.3979283724504,0.19514227530336,0.8430685857,0.16861371714,0.0089927315808,0.8857840607088,5.79569682685557,5.88569211919805,18.413036813271,1.16993880045221,4.64375708487186,0.3979283724504,0.19514227530336,0.8430685857,NA,NA,NA
"Brazil",2017,"Americas",0.0147035146520321,"ASMQ",2235.6702964197,280000,14210,32.87221096052,467114.117748989,4116.98410256898,"Latin America and the Caribbean",NA,0.315852067752122,0.315852067752122,0.827935076603556,NA,NA,NA,NA,NA,NA,0.315852067752122,0.315852067752122,0.827935076603556,NA,0.274540290678583,0.274540290678583,0.522933887006825,NA,NA,NA,0.274540290678583,0.274540290678583,0.522933887006825,0.228783575565486,0.0117660124576536,1.50604959457966,5.79569682685557,5.88569211919805,18.413036813271,1.16993880045221,4.64375708487186,0.274540290678583,0.274540290678583,0.522933887006825,0.315852067752122,0.315852067752122,0.827935076603556
"Brazil",2018,"Americas",0.0178146167084827,"ASMQ",2634.89713506607,330000,14550,46.9396825274812,682972.380774852,5878.82351379928,"Latin America and the Caribbean",NA,0.50546513140785,0.3003452428631,0.50546513140785,NA,NA,NA,NA,NA,NA,0.50546513140785,0.3003452428631,0.50546513140785,NA,0.472397319072757,0.261061676329682,1.21828782287185,NA,NA,NA,0.472397319072757,0.261061676329682,1.21828782287185,0.472397319072757,0.161858239324403,1.66184404246437,5.79569682685557,5.88569211919805,18.413036813271,1.16993880045221,4.64375708487186,0.472397319072757,0.261061676329682,1.21828782287185,0.50546513140785,0.3003452428631,0.50546513140785
"Brazil",2015,"Americas",0.00979827188842702,"ASMQ",0,0,14420,0,0,0,"Latin America and the Caribbean",NA,NA,NA,NA,NA,NA,NA,NA,NA,NA,NA,NA,NA,NA,1.01259846130138,1.01259846130138,1.01259846130138,NA,NA,NA,1.01259846130138,1.01259846130138,1.01259846130138,0.267213482843419,0.236554251654016,2.1095801277112,5.79569682685557,5.88569211919805,18.413036813271,1.16993880045221,4.64375708487186,1.01259846130138,1.01259846130138,1.01259846130138,NA,NA,NA
"Brazil",2014,"Americas",0.00860855045114749,"ASMQ",0,0,15370,0,0,0,"Latin America and the Caribbean",NA,NA,NA,NA,NA,NA,NA,NA,NA,NA,NA,NA,NA,NA,1.03022892562204,0.156006094451337,1.6317354426245,NA,NA,NA,1.03022892562204,0.156006094451337,1.6317354426245,0.529832018891333,0.156006094451337,1.90548198571836,5.79569682685557,5.88569211919805,18.413036813271,1.16993880045221,4.64375708487186,1.03022892562204,0.156006094451337,1.6317354426245,NA,NA,NA
"Brazil",2011,"Americas",0.011164975820239,"ASMQ",0,0,14600,0,0,0,"Latin America and the Caribbean",NA,NA,NA,NA,NA,NA,NA,NA,NA,NA,NA,NA,NA,NA,1.10077568800523,1.10077568800523,2.93821110596772,NA,NA,NA,1.10077568800523,1.10077568800523,2.93821110596772,1.7887604930085,0.564147540102682,2.93821110596772,5.79569682685557,5.88569211919805,18.413036813271,1.16993880045221,4.64375708487186,1.10077568800523,1.10077568800523,2.93821110596772,NA,NA,NA
"Brazil",2012,"Americas",0.0114705799479356,"ASMQ",0,0,14620,0,0,0,"Latin America and the Caribbean",NA,0.504195983948171,0.504195983948171,0.504195983948171,NA,NA,NA,NA,NA,NA,0.504195983948171,0.504195983948171,0.504195983948171,2,1.29446979190801,1.29446979190801,1.29446979190801,1.29446979190801,1.19738455751491,2.91255703179303,1.29446979190801,1.19738455751491,2.91255703179303,1.03557583352641,0.0118120368511606,2.91255703179303,5.79569682685557,5.88569211919805,18.413036813271,1.16993880045221,4.64375708487186,1.29446979190801,1.29446979190801,1.29446979190801,0.504195983948171,0.504195983948171,0.504195983948171
"Brazil",2019,"Americas",0.0169316447749456,"ASMQ",1373.34032494353,172000,14900,23.2529105370522,346468.367002078,2912.24290129064,"Latin America and the Caribbean",NA,NA,NA,NA,NA,NA,NA,NA,NA,NA,NA,NA,NA,NA,0.259304066222631,0.259304066222631,0.707192907879902,NA,NA,NA,0.259304066222631,0.259304066222631,0.707192907879902,0.447888841657271,0.00942923877173203,1.28190501101697,5.79569682685557,5.88569211919805,18.413036813271,1.16993880045221,4.64375708487186,0.259304066222631,0.259304066222631,0.707192907879902,NA,NA,NA
"Brazil",2021,"Americas",0.01798768742263,"ASMQ",798.45367729275,100000,15830,14.3623351685915,227355.765718804,1798.768742263,"Latin America and the Caribbean",NA,NA,NA,NA,NA,NA,NA,NA,NA,NA,NA,NA,NA,NA,0.7009665,0.323523,0.7009665,NA,NA,NA,0.7009665,0.323523,0.7009665,0.1617615,0.1617615,0.9058644,5.79569682685557,5.88569211919805,18.413036813271,1.16993880045221,4.64375708487186,0.7009665,0.323523,0.7009665,NA,NA,NA
"Cambodia",2016,"Asia",0.00683576724613685,"ASMQ",1596.9073545855,200000,3510,10.9160869895906,38315.465333463,1367.15344922737,"South-Eastern Asia",2,0.682029985455064,0.682029985455064,0.682029985455064,0.682029985455064,0.682029985455064,0.682029985455064,0.682029985455064,0.682029985455064,0.682029985455064,0.682029985455064,0.682029985455064,0.682029985455064,3,0.559264588073152,0.559264588073152,0.559264588073152,0.463780390109443,0.238710494909272,1.43226296945563,0.463780390109443,0.192059643904146,1.43226296945563,0.463780390109443,0.192059643904146,1.43226296945563,6.64165257487486,6.78564504262283,20.9329049988603,1.31393126820018,5.48971283289115,0.559264588073152,0.559264588073152,0.559264588073152,0.682029985455064,0.682029985455064,0.682029985455064
"Cambodia",2017,"Asia",0.0134910286217121,"ASMQ",2235.6702964197,280000,3770,30.1614919577099,113708.824680566,3777.4880140794,"South-Eastern Asia",5,0.315852067752122,0.315852067752122,0.827935076603556,0.315852067752122,0.315852067752122,0.827935076603556,0.315852067752122,0.315852067752122,0.827935076603556,0.315852067752122,0.315852067752122,0.827935076603556,3,0.496787192656484,0.496787192656484,0.536007234181996,0.496787192656484,0.339907026554436,1.50604959457966,0.549080581357166,0.286959970494995,1.50604959457966,0.228783575565486,0.0117660124576536,1.50604959457966,6.64165257487486,6.78564504262283,20.9329049988603,1.31393126820018,5.48971283289115,0.496787192656484,0.496787192656484,0.536007234181996,0.315852067752122,0.315852067752122,0.827935076603556
"Cambodia",2019,"Asia",0.0132754899443658,"ASMQ",1373.34032494353,172000,4380,18.2317656739799,79855.1336520321,2283.38427043092,"South-Eastern Asia",NA,0.589327423233252,0.589327423233252,0.589327423233252,NA,NA,NA,0.589327423233252,0.589327423233252,0.589327423233252,NA,NA,NA,NA,0.447888841657271,0.247517517757966,1.28190501101697,NA,NA,NA,0.447888841657271,0.247517517757966,1.28190501101697,0.447888841657271,0.00942923877173203,1.28190501101697,6.64165257487486,6.78564504262283,20.9329049988603,1.31393126820018,5.48971283289115,0.447888841657271,0.247517517757966,1.28190501101697,0.589327423233252,0.589327423233252,0.589327423233252
"Cambodia",2020,"Asia",0.0049210073912189,"ASMQ",1700.70633263356,213000,4330,8.36918843318252,36238.5859156803,1048.17457432962,"South-Eastern Asia",NA,0.5620457238,0.5620457238,0.71188711376508,NA,NA,NA,0.5620457238,0.5620457238,0.71188711376508,NA,NA,NA,NA,0.37274872402416,0.24100520636544,0.8857840607088,NA,NA,NA,0.37274872402416,0.24100520636544,0.8857840607088,0.16861371714,0.0089927315808,0.8857840607088,6.64165257487486,6.78564504262283,20.9329049988603,1.31393126820018,5.48971283289115,0.37274872402416,0.24100520636544,0.8857840607088,0.5620457238,0.5620457238,0.71188711376508
"Cambodia",2015,"Asia",0.0130277504890831,"ASMQ",0,0,3220,0,0,0,"South-Eastern Asia",NA,NA,NA,NA,NA,NA,NA,NA,NA,NA,NA,NA,NA,1,0.576618568241062,0.576618568241062,0.576618568241062,0.576618568241062,0.464107628096465,2.1095801277112,0.576618568241062,0.309405085397643,2.1095801277112,0.267213482843419,0.236554251654016,2.1095801277112,6.64165257487486,6.78564504262283,20.9329049988603,1.31393126820018,5.48971283289115,0.576618568241062,0.576618568241062,0.576618568241062,NA,NA,NA
"Cambodia",2011,"Asia",0.0144676818362412,"ASMQ",0,0,2500,0,0,0,"South-Eastern Asia",NA,NA,NA,NA,NA,NA,NA,NA,NA,NA,NA,NA,NA,3,1.18677378863064,1.08357606788015,1.18677378863064,0.825581766003924,0.824549788796419,1.35481407725269,1.18677378863064,0.824549788796419,1.46196771063195,1.7887604930085,0.564147540102682,2.93821110596772,6.64165257487486,6.78564504262283,20.9329049988603,1.31393126820018,5.48971283289115,1.18677378863064,1.08357606788015,1.18677378863064,NA,NA,NA
"Cambodia",2014,"Asia",0.0141195870874151,"ASMQ",0,0,3020,0,0,0,"South-Eastern Asia",NA,NA,NA,NA,NA,NA,NA,NA,NA,NA,NA,NA,NA,4,0.559267131051962,0.223706852420785,0.559267131051962,0.559267131051962,0.223706852420785,1.90548198571836,0.441526682409444,0.223706852420785,1.90548198571836,0.529832018891333,0.156006094451337,1.90548198571836,6.64165257487486,6.78564504262283,20.9329049988603,1.31393126820018,5.48971283289115,0.559267131051962,0.223706852420785,0.559267131051962,NA,NA,NA
"Cambodia",2012,"Asia",0.0115559554262672,"ASMQ",0,0,2730,0,0,0,"South-Eastern Asia",2,0.504195983948171,0.504195983948171,0.504195983948171,0.504195983948171,0.504195983948171,0.504195983948171,0.504195983948171,0.504195983948171,0.504195983948171,0.504195983948171,0.504195983948171,0.504195983948171,1,0.477659353214057,0.477659353214057,0.477659353214057,0.647234895954006,0.477659353214057,2.31337932686361,1.03557583352641,0.477659353214057,2.31337932686361,1.03557583352641,0.0118120368511606,2.91255703179303,6.64165257487486,6.78564504262283,20.9329049988603,1.31393126820018,5.48971283289115,0.477659353214057,0.477659353214057,0.477659353214057,0.504195983948171,0.504195983948171,0.504195983948171
"Cambodia",2013,"Asia",0.0095647594205707,"ASMQ",0,0,2890,0,0,0,"South-Eastern Asia",NA,NA,NA,NA,NA,NA,NA,NA,NA,NA,NA,NA,NA,1,0.769323450208255,0.769323450208255,0.769323450208255,0.584685822158274,0.538526415145779,1.19398999472321,0.615458760166604,0.538526415145779,1.19398999472321,0.538526415145779,0.153864690041651,1.78329175758274,6.64165257487486,6.78564504262283,20.9329049988603,1.31393126820018,5.48971283289115,0.769323450208255,0.769323450208255,0.769323450208255,NA,NA,NA
"Cambodia",2018,"Asia",0.0221669705202707,"ASMQ",2634.89713506607,330000,4090,58.4076871169554,238887.440308348,7315.10027168933,"South-Eastern Asia",2,0.50546513140785,0.3003452428631,0.50546513140785,0.621575419832576,0.3003452428631,0.621575419832576,0.621575419832576,0.3003452428631,0.621575419832576,0.50546513140785,0.3003452428631,0.50546513140785,NA,0.4102397770895,0.261061676329682,1.30928646433534,NA,NA,NA,0.4102397770895,0.261061676329682,1.30928646433534,0.472397319072757,0.161858239324403,1.66184404246437,6.64165257487486,6.78564504262283,20.9329049988603,1.31393126820018,5.48971283289115,0.4102397770895,0.261061676329682,1.30928646433534,0.50546513140785,0.3003452428631,0.50546513140785
"Colombia",2022,"Americas",0.0113244625043716,"ASMQ",545.264016223219,68290,19490,6.1748219067029,120347.27896164,773.347544423535,"Latin America and the Caribbean",NA,NA,NA,NA,NA,NA,NA,NA,NA,NA,NA,NA,NA,NA,0.7,0.65,0.9,NA,NA,NA,0.7,0.65,0.9,0.3,0.032,0.9,44.5476697095265,43.9357017215977,132.599063737407,9.35951040361769,33.8922270961771,0.7,0.65,0.9,NA,NA,NA
"Colombia",2017,"Americas",0.00538873066217232,"ASMQ",2235.6702964197,280000,14090,12.0474250768247,169748.21933246,1508.84458540825,"Latin America and the Caribbean",NA,0.315852067752122,0.315852067752122,0.827935076603556,NA,NA,NA,NA,NA,NA,0.315852067752122,0.315852067752122,0.827935076603556,NA,0.274540290678583,0.274540290678583,0.522933887006825,NA,NA,NA,0.274540290678583,0.274540290678583,0.522933887006825,0.228783575565486,0.0117660124576536,1.50604959457966,44.5476697095265,43.9357017215977,132.599063737407,9.35951040361769,33.8922270961771,0.274540290678583,0.274540290678583,0.522933887006825,0.315852067752122,0.315852067752122,0.827935076603556
"Colombia",2011,"Americas",0.00354300788200341,"ASMQ",0,0,11200,0,0,0,"Latin America and the Caribbean",NA,NA,NA,NA,NA,NA,NA,NA,NA,NA,NA,NA,NA,4,1.10077568800523,1.10077568800523,1.10077568800523,1.10077568800523,1.10077568800523,2.93821110596772,1.10077568800523,1.10077568800523,2.93821110596772,1.7887604930085,0.564147540102682,2.93821110596772,44.5476697095265,43.9357017215977,132.599063737407,9.35951040361769,33.8922270961771,1.10077568800523,1.10077568800523,1.10077568800523,NA,NA,NA
"Colombia",2021,"Americas",0.0113708705958111,"ASMQ",798.45367729275,100000,16810,9.07911344124534,152619.896947334,1137.08705958111,"Latin America and the Caribbean",NA,NA,NA,NA,NA,NA,NA,NA,NA,NA,NA,NA,NA,NA,0.7009665,0.323523,0.7009665,NA,NA,NA,0.7009665,0.323523,0.7009665,0.1617615,0.1617615,0.9058644,44.5476697095265,43.9357017215977,132.599063737407,9.35951040361769,33.8922270961771,0.7009665,0.323523,0.7009665,NA,NA,NA
"Colombia",2014,"Americas",0.00334854931429433,"ASMQ",0,0,13010,0,0,0,"Latin America and the Caribbean",NA,NA,NA,NA,NA,NA,NA,NA,NA,NA,NA,NA,NA,6,1.03022892562204,1.03022892562204,1.03022892562204,1.03022892562204,0.156006094451337,1.6317354426245,1.03022892562204,0.156006094451337,1.6317354426245,0.529832018891333,0.156006094451337,1.90548198571836,44.5476697095265,43.9357017215977,132.599063737407,9.35951040361769,33.8922270961771,1.03022892562204,1.03022892562204,1.03022892562204,NA,NA,NA
"Colombia",2016,"Americas",0.00636291279224657,"ASMQ",1596.9073545855,200000,13820,10.1609822345247,140424.774481132,1272.58255844932,"Latin America and the Caribbean",NA,0.682029985455064,0.682029985455064,0.682029985455064,NA,NA,NA,NA,NA,NA,0.682029985455064,0.682029985455064,0.682029985455064,NA,0.477420989818545,0.300093193600228,0.477420989818545,NA,NA,NA,0.477420989818545,0.300093193600228,0.477420989818545,0.463780390109443,0.192059643904146,1.43226296945563,44.5476697095265,43.9357017215977,132.599063737407,9.35951040361769,33.8922270961771,0.477420989818545,0.300093193600228,0.477420989818545,0.682029985455064,0.682029985455064,0.682029985455064
"Colombia",2012,"Americas",0.0037410547964797,"ASMQ",0,0,11630,0,0,0,"Latin America and the Caribbean",NA,0.504195983948171,0.504195983948171,0.504195983948171,NA,NA,NA,NA,NA,NA,0.504195983948171,0.504195983948171,0.504195983948171,NA,1.29446979190801,1.19738455751491,2.91255703179303,NA,NA,NA,1.29446979190801,1.19738455751491,2.91255703179303,1.03557583352641,0.0118120368511606,2.91255703179303,44.5476697095265,43.9357017215977,132.599063737407,9.35951040361769,33.8922270961771,1.29446979190801,1.19738455751491,2.91255703179303,0.504195983948171,0.504195983948171,0.504195983948171
"Colombia",2020,"Americas",0.0120349576484077,"ASMQ",1700.70633263356,213000,14940,20.4679286856236,305790.854563217,2563.44597911084,"Latin America and the Caribbean",NA,NA,NA,NA,NA,NA,NA,NA,NA,NA,NA,NA,NA,NA,0.3979283724504,0.19514227530336,0.8430685857,NA,NA,NA,0.3979283724504,0.19514227530336,0.8430685857,0.16861371714,0.0089927315808,0.8857840607088,44.5476697095265,43.9357017215977,132.599063737407,9.35951040361769,33.8922270961771,0.3979283724504,0.19514227530336,0.8430685857,NA,NA,NA
"Colombia",2019,"Americas",0.0113504097950868,"ASMQ",1373.34032494353,172000,15530,15.5879754762268,242081.259145801,1952.27048475493,"Latin America and the Caribbean",NA,NA,NA,NA,NA,NA,NA,NA,NA,NA,NA,NA,NA,NA,0.259304066222631,0.259304066222631,0.707192907879902,NA,NA,NA,0.259304066222631,0.259304066222631,0.707192907879902,0.447888841657271,0.00942923877173203,1.28190501101697,44.5476697095265,43.9357017215977,132.599063737407,9.35951040361769,33.8922270961771,0.259304066222631,0.259304066222631,0.707192907879902,NA,NA,NA
"Colombia",2013,"Americas",0.00409921498667469,"ASMQ",0,0,12360,0,0,0,"Latin America and the Caribbean",NA,NA,NA,NA,NA,NA,NA,NA,NA,NA,NA,NA,NA,NA,0.769323450208255,0.153864690041651,1.78329175758274,NA,NA,NA,0.769323450208255,0.153864690041651,1.78329175758274,0.538526415145779,0.153864690041651,1.78329175758274,44.5476697095265,43.9357017215977,132.599063737407,9.35951040361769,33.8922270961771,0.769323450208255,0.153864690041651,1.78329175758274,NA,NA,NA
"Colombia",2015,"Americas",0.00505073355622816,"ASMQ",0,0,13200,0,0,0,"Latin America and the Caribbean",NA,NA,NA,NA,NA,NA,NA,NA,NA,NA,NA,NA,NA,NA,1.01259846130138,1.01259846130138,1.01259846130138,NA,NA,NA,1.01259846130138,1.01259846130138,1.01259846130138,0.267213482843419,0.236554251654016,2.1095801277112,44.5476697095265,43.9357017215977,132.599063737407,9.35951040361769,33.8922270961771,1.01259846130138,1.01259846130138,1.01259846130138,NA,NA,NA
"Colombia",2018,"Americas",0.00763890647222424,"ASMQ",2634.89713506607,330000,14790,20.1277327787013,297689.167796993,2520.839135834,"Latin America and the Caribbean",NA,0.50546513140785,0.3003452428631,0.50546513140785,NA,NA,NA,NA,NA,NA,0.50546513140785,0.3003452428631,0.50546513140785,NA,0.472397319072757,0.261061676329682,1.21828782287185,NA,NA,NA,0.472397319072757,0.261061676329682,1.21828782287185,0.472397319072757,0.161858239324403,1.66184404246437,44.5476697095265,43.9357017215977,132.599063737407,9.35951040361769,33.8922270961771,0.472397319072757,0.261061676329682,1.21828782287185,0.50546513140785,0.3003452428631,0.50546513140785
"Djibouti",2022,"Africa",0.00455198983018857,"ASMQ",545.264016223219,68290,5780,2.48203625661587,14346.1695632397,310.855385503578,"Sub-Saharan Africa",NA,NA,NA,NA,NA,NA,NA,NA,NA,NA,NA,NA,NA,NA,0.25,0.032,0.65,NA,NA,NA,0.25,0.032,0.65,0.3,0.032,0.9,7.19962338739822,7.3076177382092,21.7068645130057,1.43992467747965,5.36371942361168,0.25,0.032,0.65,NA,NA,NA
"Guyana",2019,"Americas",0.00249325932882448,"ASMQ",1373.34032494353,172000,13240,3.4240935768163,45334.9989570479,428.840604557811,"Latin America and the Caribbean",NA,NA,NA,NA,NA,NA,NA,NA,NA,NA,NA,NA,NA,NA,0.259304066222631,0.259304066222631,0.707192907879902,NA,NA,NA,0.259304066222631,0.259304066222631,0.707192907879902,0.447888841657271,0.00942923877173203,1.28190501101697,8.80153959109433,8.85553676649982,28.6365020233764,1.72790961297557,7.16362527046123,0.259304066222631,0.259304066222631,0.707192907879902,NA,NA,NA
"Guyana",2018,"Americas",0.00250505199189858,"ASMQ",2634.89713506607,330000,12600,6.60055431664512,83166.9843897285,826.66715732653,"Latin America and the Caribbean",NA,0.50546513140785,0.3003452428631,0.50546513140785,NA,NA,NA,NA,NA,NA,0.50546513140785,0.3003452428631,0.50546513140785,2,0.372945251899545,0.372945251899545,0.397808268692848,0.472397319072757,0.261061676329682,1.21828782287185,0.472397319072757,0.261061676329682,1.21828782287185,0.472397319072757,0.161858239324403,1.66184404246437,8.80153959109433,8.85553676649982,28.6365020233764,1.72790961297557,7.16362527046123,0.372945251899545,0.372945251899545,0.397808268692848,0.50546513140785,0.3003452428631,0.50546513140785
"Guyana",2011,"Americas",0.0015277034873882,"ASMQ",0,0,10070,0,0,0,"Latin America and the Caribbean",NA,NA,NA,NA,NA,NA,NA,NA,NA,NA,NA,NA,NA,NA,1.10077568800523,1.10077568800523,2.93821110596772,NA,NA,NA,1.10077568800523,1.10077568800523,2.93821110596772,1.7887604930085,0.564147540102682,2.93821110596772,8.80153959109433,8.85553676649982,28.6365020233764,1.72790961297557,7.16362527046123,1.10077568800523,1.10077568800523,2.93821110596772,NA,NA,NA
"Guyana",2013,"Americas",0.00325569891796839,"ASMQ",0,0,11270,0,0,0,"Latin America and the Caribbean",NA,NA,NA,NA,NA,NA,NA,NA,NA,NA,NA,NA,NA,NA,0.769323450208255,0.153864690041651,1.78329175758274,NA,NA,NA,0.769323450208255,0.153864690041651,1.78329175758274,0.538526415145779,0.153864690041651,1.78329175758274,8.80153959109433,8.85553676649982,28.6365020233764,1.72790961297557,7.16362527046123,0.769323450208255,0.153864690041651,1.78329175758274,NA,NA,NA
"Guyana",2021,"Americas",0.00286353467561521,"ASMQ",798.45367729275,100000,23020,2.28639979180027,52632.9232072422,286.353467561521,"Latin America and the Caribbean",NA,NA,NA,NA,NA,NA,NA,NA,NA,NA,NA,NA,NA,2,0.7009665,0.7009665,0.7009665,0.7009665,0.323523,0.7009665,0.7009665,0.323523,0.7009665,0.1617615,0.1617615,0.9058644,8.80153959109433,8.85553676649982,28.6365020233764,1.72790961297557,7.16362527046123,0.7009665,0.7009665,0.7009665,NA,NA,NA
"Guyana",2022,"Americas",0.00288662769719275,"ASMQ",545.264016223219,68290,37710,1.5739742115125,59354.5675161365,197.127805441293,"Latin America and the Caribbean",NA,NA,NA,NA,NA,NA,NA,NA,NA,NA,NA,NA,NA,1,0.65,0.65,0.65,0.7,0.65,0.9,0.7,0.65,0.9,0.3,0.032,0.9,8.80153959109433,8.85553676649982,28.6365020233764,1.72790961297557,7.16362527046123,0.65,0.65,0.65,NA,NA,NA
"Haiti",2011,"Americas",0.00320309454398407,"ASMQ",0,0,2860,0,0,0,"Latin America and the Caribbean",NA,NA,NA,NA,NA,NA,NA,NA,NA,NA,NA,NA,NA,NA,1.10077568800523,1.10077568800523,2.93821110596772,NA,NA,NA,1.10077568800523,1.10077568800523,2.93821110596772,1.7887604930085,0.564147540102682,2.93821110596772,3.76180321991557,3.83379945378955,11.5373964783057,0.737961397208318,2.89784841342779,1.10077568800523,1.10077568800523,2.93821110596772,NA,NA,NA
"Haiti",2012,"Americas",0.00291303265343165,"ASMQ",0,0,2810,0,0,0,"Latin America and the Caribbean",NA,0.504195983948171,0.504195983948171,0.504195983948171,NA,NA,NA,NA,NA,NA,0.504195983948171,0.504195983948171,0.504195983948171,NA,1.29446979190801,1.19738455751491,2.91255703179303,NA,NA,NA,1.29446979190801,1.19738455751491,2.91255703179303,1.03557583352641,0.0118120368511606,2.91255703179303,3.76180321991557,3.83379945378955,11.5373964783057,0.737961397208318,2.89784841342779,1.29446979190801,1.19738455751491,2.91255703179303,0.504195983948171,0.504195983948171,0.504195983948171
"Haiti",2020,"Americas",0.00464112729571223,"ASMQ",1700.70633263356,213000,3140,7.89319458237624,24784.6309886614,988.560113986704,"Latin America and the Caribbean",NA,NA,NA,NA,NA,NA,NA,NA,NA,NA,NA,NA,NA,1,0.19514227530336,0.19514227530336,0.19514227530336,0.3979283724504,0.19514227530336,0.8430685857,0.3979283724504,0.19514227530336,0.8430685857,0.16861371714,0.0089927315808,0.8857840607088,3.76180321991557,3.83379945378955,11.5373964783057,0.737961397208318,2.89784841342779,0.19514227530336,0.19514227530336,0.19514227530336,NA,NA,NA
"Haiti",2021,"Americas",0.00250315031003492,"ASMQ",798.45367729275,100000,3180,1.99864956986387,6355.7056321671,250.315031003492,"Latin America and the Caribbean",NA,NA,NA,NA,NA,NA,NA,NA,NA,NA,NA,NA,NA,NA,0.7009665,0.323523,0.7009665,NA,NA,NA,0.7009665,0.323523,0.7009665,0.1617615,0.1617615,0.9058644,3.76180321991557,3.83379945378955,11.5373964783057,0.737961397208318,2.89784841342779,0.7009665,0.323523,0.7009665,NA,NA,NA
"Haiti",2016,"Americas",0.00199775087139691,"ASMQ",1596.9073545855,200000,3150,3.19022305916332,10049.2026363645,399.550174279383,"Latin America and the Caribbean",NA,0.682029985455064,0.682029985455064,0.682029985455064,NA,NA,NA,NA,NA,NA,0.682029985455064,0.682029985455064,0.682029985455064,2,0.33405828687589,0.300093193600228,0.33405828687589,0.477420989818545,0.300093193600228,0.477420989818545,0.477420989818545,0.300093193600228,0.477420989818545,0.463780390109443,0.192059643904146,1.43226296945563,3.76180321991557,3.83379945378955,11.5373964783057,0.737961397208318,2.89784841342779,0.33405828687589,0.300093193600228,0.33405828687589,0.682029985455064,0.682029985455064,0.682029985455064
"Haiti",2022,"Americas",0.00388584497699025,"ASMQ",545.264016223219,68290,3310,2.11881143857452,7013.26586168168,265.364353478664,"Latin America and the Caribbean",NA,NA,NA,NA,NA,NA,NA,NA,NA,NA,NA,NA,NA,NA,0.7,0.65,0.9,NA,NA,NA,0.7,0.65,0.9,0.3,0.032,0.9,3.76180321991557,3.83379945378955,11.5373964783057,0.737961397208318,2.89784841342779,0.7,0.65,0.9,NA,NA,NA
"Haiti",2017,"Americas",0.00220453215657117,"ASMQ",2235.6702964197,280000,3210,4.92860705994823,15820.8286624338,617.269003839927,"Latin America and the Caribbean",NA,0.315852067752122,0.315852067752122,0.827935076603556,NA,NA,NA,NA,NA,NA,0.315852067752122,0.315852067752122,0.827935076603556,2,0.274540290678583,0.274540290678583,0.274540290678583,0.274540290678583,0.274540290678583,0.522933887006825,0.274540290678583,0.274540290678583,0.522933887006825,0.228783575565486,0.0117660124576536,1.50604959457966,3.76180321991557,3.83379945378955,11.5373964783057,0.737961397208318,2.89784841342779,0.274540290678583,0.274540290678583,0.274540290678583,0.315852067752122,0.315852067752122,0.827935076603556
"Haiti",2013,"Americas",0.00354421801663518,"ASMQ",0,0,3000,0,0,0,"Latin America and the Caribbean",NA,NA,NA,NA,NA,NA,NA,NA,NA,NA,NA,NA,NA,1,0.584685822158274,0.584685822158274,0.584685822158274,0.769323450208255,0.153864690041651,1.78329175758274,0.769323450208255,0.153864690041651,1.78329175758274,0.538526415145779,0.153864690041651,1.78329175758274,3.76180321991557,3.83379945378955,11.5373964783057,0.737961397208318,2.89784841342779,0.584685822158274,0.584685822158274,0.584685822158274,NA,NA,NA
"India",2011,"Asia",0.679998539241397,"ASMQ",0,0,4430,0,0,0,"Southern Asia",NA,NA,NA,NA,NA,NA,NA,NA,NA,NA,NA,NA,NA,NA,1.18677378863064,0.824549788796419,1.46196771063195,NA,NA,NA,1.18677378863064,0.824549788796419,1.46196771063195,1.7887604930085,0.564147540102682,2.93821110596772,10.0434746254205,10.0434746254205,29.9864314085136,2.06989172387699,7.59560267370513,1.18677378863064,0.824549788796419,1.46196771063195,NA,NA,NA
"India",2013,"Asia",0.620091173621694,"ASMQ",0,0,4950,0,0,0,"Southern Asia",NA,NA,NA,NA,NA,NA,NA,NA,NA,NA,NA,NA,NA,NA,0.615458760166604,0.538526415145779,1.19398999472321,NA,NA,NA,0.615458760166604,0.538526415145779,1.19398999472321,0.538526415145779,0.153864690041651,1.78329175758274,10.0434746254205,10.0434746254205,29.9864314085136,2.06989172387699,7.59560267370513,0.615458760166604,0.538526415145779,1.19398999472321,NA,NA,NA
"India",2014,"Asia",0.654068149179563,"ASMQ",0,0,5130,0,0,0,"Southern Asia",NA,NA,NA,NA,NA,NA,NA,NA,NA,NA,NA,NA,NA,NA,0.441526682409444,0.223706852420785,1.90548198571836,NA,NA,NA,0.441526682409444,0.223706852420785,1.90548198571836,0.529832018891333,0.156006094451337,1.90548198571836,10.0434746254205,10.0434746254205,29.9864314085136,2.06989172387699,7.59560267370513,0.441526682409444,0.223706852420785,1.90548198571836,NA,NA,NA
"India",2015,"Asia",0.705867592568008,"ASMQ",0,0,5350,0,0,0,"Southern Asia",NA,NA,NA,NA,NA,NA,NA,NA,NA,NA,NA,NA,NA,NA,0.576618568241062,0.309405085397643,2.1095801277112,NA,NA,NA,0.576618568241062,0.309405085397643,2.1095801277112,0.267213482843419,0.236554251654016,2.1095801277112,10.0434746254205,10.0434746254205,29.9864314085136,2.06989172387699,7.59560267370513,0.576618568241062,0.309405085397643,2.1095801277112,NA,NA,NA
"India",2019,"Asia",0.525994221158083,"ASMQ",1373.34032494353,172000,6830,722.36907460366,4933780.779543,90471.0060391902,"Southern Asia",NA,0.589327423233252,0.589327423233252,0.589327423233252,NA,NA,NA,0.589327423233252,0.589327423233252,0.589327423233252,NA,NA,NA,NA,0.447888841657271,0.247517517757966,1.28190501101697,NA,NA,NA,0.447888841657271,0.247517517757966,1.28190501101697,0.447888841657271,0.00942923877173203,1.28190501101697,10.0434746254205,10.0434746254205,29.9864314085136,2.06989172387699,7.59560267370513,0.447888841657271,0.247517517757966,1.28190501101697,0.589327423233252,0.589327423233252,0.589327423233252
"India",2022,"Asia",0.376260817914856,"ASMQ",545.264016223219,68290,8210,205.161484723687,1684375.78958147,25694.8512554055,"Southern Asia",NA,NA,NA,NA,NA,NA,NA,NA,NA,NA,NA,NA,NA,NA,0.33,0.23,0.8278,NA,NA,NA,0.33,0.23,0.8278,0.3,0.032,0.9,10.0434746254205,10.0434746254205,29.9864314085136,2.06989172387699,7.59560267370513,0.33,0.23,0.8278,NA,NA,NA
"India",2018,"Asia",0.549027382158386,"ASMQ",2634.89713506607,330000,6520,1446.63067632196,9432032.00961917,181179.036112267,"Southern Asia",NA,0.621575419832576,0.3003452428631,0.621575419832576,NA,NA,NA,0.621575419832576,0.3003452428631,0.621575419832576,0.50546513140785,0.3003452428631,0.50546513140785,NA,0.4102397770895,0.261061676329682,1.30928646433534,NA,NA,NA,0.4102397770895,0.261061676329682,1.30928646433534,0.472397319072757,0.161858239324403,1.66184404246437,10.0434746254205,10.0434746254205,29.9864314085136,2.06989172387699,7.59560267370513,0.4102397770895,0.261061676329682,1.30928646433534,0.621575419832576,0.3003452428631,0.621575419832576
"India",2016,"Asia",0.683447869434681,"ASMQ",1596.9073545855,200000,5660,1091.40292917603,6177340.57913635,136689.573886936,"Southern Asia",NA,0.682029985455064,0.682029985455064,0.682029985455064,NA,NA,NA,0.682029985455064,0.682029985455064,0.682029985455064,0.682029985455064,0.682029985455064,0.682029985455064,NA,0.463780390109443,0.192059643904146,1.43226296945563,NA,NA,NA,0.463780390109443,0.192059643904146,1.43226296945563,0.463780390109443,0.192059643904146,1.43226296945563,10.0434746254205,10.0434746254205,29.9864314085136,2.06989172387699,7.59560267370513,0.463780390109443,0.192059643904146,1.43226296945563,0.682029985455064,0.682029985455064,0.682029985455064
"India",2020,"Asia",0.469379017031584,"ASMQ",1700.70633263356,213000,6430,798.275866670929,5132913.82269407,99977.7306277273,"Southern Asia",NA,0.5620457238,0.5620457238,0.71188711376508,NA,NA,NA,0.5620457238,0.5620457238,0.71188711376508,NA,NA,NA,NA,0.37274872402416,0.24100520636544,0.8857840607088,NA,NA,NA,0.37274872402416,0.24100520636544,0.8857840607088,0.16861371714,0.0089927315808,0.8857840607088,10.0434746254205,10.0434746254205,29.9864314085136,2.06989172387699,7.59560267370513,0.37274872402416,0.24100520636544,0.8857840607088,0.5620457238,0.5620457238,0.71188711376508
"India",2012,"Asia",0.624724240760449,"ASMQ",0,0,4770,0,0,0,"Southern Asia",NA,0.504195983948171,0.504195983948171,0.504195983948171,NA,NA,NA,0.504195983948171,0.504195983948171,0.504195983948171,0.504195983948171,0.504195983948171,0.504195983948171,NA,1.03557583352641,0.477659353214057,2.31337932686361,NA,NA,NA,1.03557583352641,0.477659353214057,2.31337932686361,1.03557583352641,0.0118120368511606,2.91255703179303,10.0434746254205,10.0434746254205,29.9864314085136,2.06989172387699,7.59560267370513,1.03557583352641,0.477659353214057,2.31337932686361,0.504195983948171,0.504195983948171,0.504195983948171
"India",2021,"Asia",0.473520964133651,"ASMQ",798.45367729275,100000,7220,378.084555087722,2729770.48773335,47352.0964133651,"Southern Asia",NA,0.539205,0.539205,0.539205,NA,NA,NA,0.539205,0.539205,0.539205,NA,NA,NA,NA,0.3558753,0.2480343,0.7009665,NA,NA,NA,0.3558753,0.2480343,0.7009665,0.1617615,0.1617615,0.9058644,10.0434746254205,10.0434746254205,29.9864314085136,2.06989172387699,7.59560267370513,0.3558753,0.2480343,0.7009665,0.539205,0.539205,0.539205
"India",2017,"Asia",0.621206505133647,"ASMQ",2235.6702964197,280000,6050,1388.81293146999,8402318.23539342,173937.821437421,"Southern Asia",NA,0.315852067752122,0.315852067752122,0.827935076603556,NA,NA,NA,0.315852067752122,0.315852067752122,0.827935076603556,0.315852067752122,0.315852067752122,0.827935076603556,NA,0.549080581357166,0.286959970494995,1.50604959457966,NA,NA,NA,0.549080581357166,0.286959970494995,1.50604959457966,0.228783575565486,0.0117660124576536,1.50604959457966,10.0434746254205,10.0434746254205,29.9864314085136,2.06989172387699,7.59560267370513,0.549080581357166,0.286959970494995,1.50604959457966,0.315852067752122,0.315852067752122,0.827935076603556
"Indonesia",2022,"Asia",0.128343908382878,"ASMQ",545.264016223219,68290,14250,69.9813149426328,997233.737932518,8764.60550346673,"South-Eastern Asia",NA,NA,NA,NA,NA,NA,NA,NA,NA,NA,NA,NA,NA,NA,0.33,0.23,0.8278,NA,NA,NA,0.33,0.23,0.8278,0.3,0.032,0.9,12.095367290829,12.3293550509195,38.0140114854626,2.35787665937292,9.88148309920406,0.33,0.23,0.8278,NA,NA,NA
"Indonesia",2020,"Asia",0.0873473418714361,"ASMQ",1700.70633263356,213000,11830,148.55217745946,1757372.25934541,18604.9838186159,"South-Eastern Asia",NA,0.5620457238,0.5620457238,0.71188711376508,NA,NA,NA,0.5620457238,0.5620457238,0.71188711376508,NA,NA,NA,2,0.2810228619,0.2810228619,0.2810228619,0.37274872402416,0.24100520636544,0.8857840607088,0.37274872402416,0.24100520636544,0.8857840607088,0.16861371714,0.0089927315808,0.8857840607088,12.095367290829,12.3293550509195,38.0140114854626,2.35787665937292,9.88148309920406,0.2810228619,0.2810228619,0.2810228619,0.5620457238,0.5620457238,0.71188711376508
"Indonesia",2021,"Asia",0.090111190678413,"ASMQ",798.45367729275,100000,12730,71.9496115624071,915918.555189442,9011.1190678413,"South-Eastern Asia",NA,0.539205,0.539205,0.539205,NA,NA,NA,0.539205,0.539205,0.539205,NA,NA,NA,1,0.7009665,0.7009665,0.7009665,0.3558753,0.2480343,0.7009665,0.3558753,0.2480343,0.7009665,0.1617615,0.1617615,0.9058644,12.095367290829,12.3293550509195,38.0140114854626,2.35787665937292,9.88148309920406,0.7009665,0.7009665,0.7009665,0.539205,0.539205,0.539205
"Indonesia",2016,"Asia",0.0598763034334619,"ASMQ",1596.9073545855,200000,10150,95.6169093182883,970511.629580626,11975.2606866924,"South-Eastern Asia",NA,0.682029985455064,0.682029985455064,0.682029985455064,NA,NA,NA,0.682029985455064,0.682029985455064,0.682029985455064,0.682029985455064,0.682029985455064,0.682029985455064,NA,0.463780390109443,0.192059643904146,1.43226296945563,NA,NA,NA,0.463780390109443,0.192059643904146,1.43226296945563,0.463780390109443,0.192059643904146,1.43226296945563,12.095367290829,12.3293550509195,38.0140114854626,2.35787665937292,9.88148309920406,0.463780390109443,0.192059643904146,1.43226296945563,0.682029985455064,0.682029985455064,0.682029985455064
"Indonesia",2018,"Asia",0.0539370609859544,"ASMQ",2634.89713506607,330000,11320,142.118607465775,1608782.63651258,17799.230125365,"South-Eastern Asia",NA,0.621575419832576,0.3003452428631,0.621575419832576,NA,NA,NA,0.621575419832576,0.3003452428631,0.621575419832576,0.50546513140785,0.3003452428631,0.50546513140785,NA,0.4102397770895,0.261061676329682,1.30928646433534,NA,NA,NA,0.4102397770895,0.261061676329682,1.30928646433534,0.472397319072757,0.161858239324403,1.66184404246437,12.095367290829,12.3293550509195,38.0140114854626,2.35787665937292,9.88148309920406,0.4102397770895,0.261061676329682,1.30928646433534,0.621575419832576,0.3003452428631,0.621575419832576
"Indonesia",2014,"Asia",0.068297921766651,"ASMQ",0,0,9890,0,0,0,"South-Eastern Asia",NA,NA,NA,NA,NA,NA,NA,NA,NA,NA,NA,NA,NA,2,0.513642707202986,0.513642707202986,0.513642707202986,0.559267131051962,0.223706852420785,1.90548198571836,0.441526682409444,0.223706852420785,1.90548198571836,0.529832018891333,0.156006094451337,1.90548198571836,12.095367290829,12.3293550509195,38.0140114854626,2.35787665937292,9.88148309920406,0.513642707202986,0.513642707202986,0.513642707202986,NA,NA,NA
"Indonesia",2013,"Asia",0.086665765752749,"ASMQ",0,0,9710,0,0,0,"South-Eastern Asia",NA,NA,NA,NA,NA,NA,NA,NA,NA,NA,NA,NA,NA,3,0.584685822158274,0.584685822158274,0.868412310595079,0.584685822158274,0.538526415145779,1.19398999472321,0.615458760166604,0.538526415145779,1.19398999472321,0.538526415145779,0.153864690041651,1.78329175758274,12.095367290829,12.3293550509195,38.0140114854626,2.35787665937292,9.88148309920406,0.584685822158274,0.584685822158274,0.868412310595079,NA,NA,NA
"Indonesia",2015,"Asia",0.0618769481022408,"ASMQ",0,0,9880,0,0,0,"South-Eastern Asia",NA,NA,NA,NA,NA,NA,NA,NA,NA,NA,NA,NA,NA,NA,0.576618568241062,0.309405085397643,2.1095801277112,NA,NA,NA,0.576618568241062,0.309405085397643,2.1095801277112,0.267213482843419,0.236554251654016,2.1095801277112,12.095367290829,12.3293550509195,38.0140114854626,2.35787665937292,9.88148309920406,0.576618568241062,0.309405085397643,2.1095801277112,NA,NA,NA
"Indonesia",2019,"Asia",0.0733884680382389,"ASMQ",1373.34032494353,172000,11980,100.787342542743,1207432.36366206,12622.8165025771,"South-Eastern Asia",NA,0.589327423233252,0.589327423233252,0.589327423233252,NA,NA,NA,0.589327423233252,0.589327423233252,0.589327423233252,NA,NA,NA,1,0.412529196263276,0.412529196263276,0.412529196263276,0.447888841657271,0.412529196263276,1.28190501101697,0.447888841657271,0.247517517757966,1.28190501101697,0.447888841657271,0.00942923877173203,1.28190501101697,12.095367290829,12.3293550509195,38.0140114854626,2.35787665937292,9.88148309920406,0.412529196263276,0.412529196263276,0.412529196263276,0.589327423233252,0.589327423233252,0.589327423233252
"Indonesia",2012,"Asia",0.0798654934004889,"ASMQ",0,0,9370,0,0,0,"South-Eastern Asia",NA,0.504195983948171,0.504195983948171,0.504195983948171,NA,NA,NA,0.504195983948171,0.504195983948171,0.504195983948171,0.504195983948171,0.504195983948171,0.504195983948171,1,0.913248438191103,0.913248438191103,0.913248438191103,0.647234895954006,0.477659353214057,2.31337932686361,1.03557583352641,0.477659353214057,2.31337932686361,1.03557583352641,0.0118120368511606,2.91255703179303,12.095367290829,12.3293550509195,38.0140114854626,2.35787665937292,9.88148309920406,0.913248438191103,0.913248438191103,0.913248438191103,0.504195983948171,0.504195983948171,0.504195983948171
"Indonesia",2017,"Asia",0.0495348831172652,"ASMQ",2235.6702964197,280000,10600,110.743666821891,1173882.86831205,13869.7672728342,"South-Eastern Asia",NA,0.315852067752122,0.315852067752122,0.827935076603556,NA,NA,NA,0.315852067752122,0.315852067752122,0.827935076603556,0.315852067752122,0.315852067752122,0.827935076603556,1,0.339907026554436,0.339907026554436,0.339907026554436,0.496787192656484,0.339907026554436,1.50604959457966,0.549080581357166,0.286959970494995,1.50604959457966,0.228783575565486,0.0117660124576536,1.50604959457966,12.095367290829,12.3293550509195,38.0140114854626,2.35787665937292,9.88148309920406,0.339907026554436,0.339907026554436,0.339907026554436,0.315852067752122,0.315852067752122,0.827935076603556
"Indonesia",2011,"Asia",0.0712126108595295,"ASMQ",0,0,8770,0,0,0,"South-Eastern Asia",NA,NA,NA,NA,NA,NA,NA,NA,NA,NA,NA,NA,NA,2,0.945979106879497,0.91295583623934,0.945979106879497,0.825581766003924,0.824549788796419,1.35481407725269,1.18677378863064,0.824549788796419,1.46196771063195,1.7887604930085,0.564147540102682,2.93821110596772,12.095367290829,12.3293550509195,38.0140114854626,2.35787665937292,9.88148309920406,0.945979106879497,0.91295583623934,0.945979106879497,NA,NA,NA
"Lao People's Democratic Republic",2012,"Asia",0.00355274875707792,"ASMQ",0,0,4510,0,0,0,"South-Eastern Asia",NA,0.504195983948171,0.504195983948171,0.504195983948171,NA,NA,NA,0.504195983948171,0.504195983948171,0.504195983948171,0.504195983948171,0.504195983948171,0.504195983948171,1,1.05175670592526,1.05175670592526,1.05175670592526,0.647234895954006,0.477659353214057,2.31337932686361,1.03557583352641,0.477659353214057,2.31337932686361,1.03557583352641,0.0118120368511606,2.91255703179303,7.54160549829964,7.54160549829964,23.3627778921072,1.58391714522761,5.59770718370212,1.05175670592526,1.05175670592526,1.05175670592526,0.504195983948171,0.504195983948171,0.504195983948171
"Lao People's Democratic Republic",2014,"Asia",0.00515400837043374,"ASMQ",0,0,5570,0,0,0,"South-Eastern Asia",NA,NA,NA,NA,NA,NA,NA,NA,NA,NA,NA,NA,NA,1,0.956641145220462,0.956641145220462,0.956641145220462,0.559267131051962,0.223706852420785,1.90548198571836,0.441526682409444,0.223706852420785,1.90548198571836,0.529832018891333,0.156006094451337,1.90548198571836,7.54160549829964,7.54160549829964,23.3627778921072,1.58391714522761,5.59770718370212,0.956641145220462,0.956641145220462,0.956641145220462,NA,NA,NA
"Lao People's Democratic Republic",2015,"Asia",0.00372007978683822,"ASMQ",0,0,5850,0,0,0,"South-Eastern Asia",NA,NA,NA,NA,NA,NA,NA,NA,NA,NA,NA,NA,NA,NA,0.576618568241062,0.309405085397643,2.1095801277112,NA,NA,NA,0.576618568241062,0.309405085397643,2.1095801277112,0.267213482843419,0.236554251654016,2.1095801277112,7.54160549829964,7.54160549829964,23.3627778921072,1.58391714522761,5.59770718370212,0.576618568241062,0.309405085397643,2.1095801277112,NA,NA,NA
"Lao People's Democratic Republic",2013,"Asia",0.00388526209654001,"ASMQ",0,0,4960,0,0,0,"South-Eastern Asia",NA,NA,NA,NA,NA,NA,NA,NA,NA,NA,NA,NA,NA,3,1.00012048527073,0.977348511144567,1.00012048527073,0.584685822158274,0.538526415145779,1.19398999472321,0.615458760166604,0.538526415145779,1.19398999472321,0.538526415145779,0.153864690041651,1.78329175758274,7.54160549829964,7.54160549829964,23.3627778921072,1.58391714522761,5.59770718370212,1.00012048527073,0.977348511144567,1.00012048527073,NA,NA,NA
"Myanmar",2012,"Asia",0.0779683000537852,"ASMQ",0,0,3500,0,0,0,"South-Eastern Asia",NA,0.504195983948171,0.504195983948171,0.504195983948171,NA,NA,NA,0.504195983948171,0.504195983948171,0.504195983948171,0.504195983948171,0.504195983948171,0.504195983948171,3,0.647234895954006,0.647234895954006,0.809043619942508,0.647234895954006,0.477659353214057,2.31337932686361,1.03557583352641,0.477659353214057,2.31337932686361,1.03557583352641,0.0118120368511606,2.91255703179303,3.97779192153752,3.86979757072655,11.6093927121796,0.845955748019291,3.09583805658124,0.647234895954006,0.647234895954006,0.809043619942508,0.504195983948171,0.504195983948171,0.504195983948171
"Myanmar",2016,"Asia",0.00892250528388833,"ASMQ",1596.9073545855,200000,3990,14.2484143091693,56851.1730935854,1784.50105677767,"South-Eastern Asia",NA,0.682029985455064,0.682029985455064,0.682029985455064,NA,NA,NA,0.682029985455064,0.682029985455064,0.682029985455064,0.682029985455064,0.682029985455064,0.682029985455064,7,0.600186387200456,0.238710494909272,0.600186387200456,0.463780390109443,0.238710494909272,1.43226296945563,0.463780390109443,0.192059643904146,1.43226296945563,0.463780390109443,0.192059643904146,1.43226296945563,3.97779192153752,3.86979757072655,11.6093927121796,0.845955748019291,3.09583805658124,0.600186387200456,0.238710494909272,0.600186387200456,0.682029985455064,0.682029985455064,0.682029985455064
"Myanmar",2020,"Asia",0.00932676290681537,"ASMQ",1700.70633263356,213000,5080,15.8620847385927,80579.3904720507,1986.60049915167,"South-Eastern Asia",NA,0.5620457238,0.5620457238,0.71188711376508,NA,NA,NA,0.5620457238,0.5620457238,0.71188711376508,NA,NA,NA,NA,0.37274872402416,0.24100520636544,0.8857840607088,NA,NA,NA,0.37274872402416,0.24100520636544,0.8857840607088,0.16861371714,0.0089927315808,0.8857840607088,3.97779192153752,3.86979757072655,11.6093927121796,0.845955748019291,3.09583805658124,0.37274872402416,0.24100520636544,0.8857840607088,0.5620457238,0.5620457238,0.71188711376508
"Myanmar",2014,"Asia",0.0225318307141082,"ASMQ",0,0,3940,0,0,0,"South-Eastern Asia",NA,NA,NA,NA,NA,NA,NA,NA,NA,NA,NA,NA,NA,5,0.662290023614166,0.483766068359947,0.662290023614166,0.559267131051962,0.223706852420785,1.90548198571836,0.441526682409444,0.223706852420785,1.90548198571836,0.529832018891333,0.156006094451337,1.90548198571836,3.97779192153752,3.86979757072655,11.6093927121796,0.845955748019291,3.09583805658124,0.662290023614166,0.483766068359947,0.662290023614166,NA,NA,NA
"Myanmar",2017,"Asia",0.00803720429221519,"ASMQ",2235.6702964197,280000,4200,17.9685389023624,75467.8633899222,2250.41720182025,"South-Eastern Asia",NA,0.315852067752122,0.315852067752122,0.827935076603556,NA,NA,NA,0.315852067752122,0.315852067752122,0.827935076603556,0.315852067752122,0.315852067752122,0.827935076603556,5,0.549080581357166,0.431028256365376,0.594837296470264,0.496787192656484,0.339907026554436,1.50604959457966,0.549080581357166,0.286959970494995,1.50604959457966,0.228783575565486,0.0117660124576536,1.50604959457966,3.97779192153752,3.86979757072655,11.6093927121796,0.845955748019291,3.09583805658124,0.549080581357166,0.431028256365376,0.594837296470264,0.315852067752122,0.315852067752122,0.827935076603556
"Myanmar",2013,"Asia",0.0346675075196565,"ASMQ",0,0,3740,0,0,0,"South-Eastern Asia",NA,NA,NA,NA,NA,NA,NA,NA,NA,NA,NA,NA,NA,4,0.923188140249906,0.553912884149944,0.923188140249906,0.584685822158274,0.538526415145779,1.19398999472321,0.615458760166604,0.538526415145779,1.19398999472321,0.538526415145779,0.153864690041651,1.78329175758274,3.97779192153752,3.86979757072655,11.6093927121796,0.845955748019291,3.09583805658124,0.923188140249906,0.553912884149944,0.923188140249906,NA,NA,NA
"Myanmar",2015,"Asia",0.016171920086002,"ASMQ",0,0,4030,0,0,0,"South-Eastern Asia",NA,NA,NA,NA,NA,NA,NA,NA,NA,NA,NA,NA,NA,6,0.632874038313361,0.478030856939359,0.632874038313361,0.576618568241062,0.464107628096465,2.1095801277112,0.576618568241062,0.309405085397643,2.1095801277112,0.267213482843419,0.236554251654016,2.1095801277112,3.97779192153752,3.86979757072655,11.6093927121796,0.845955748019291,3.09583805658124,0.632874038313361,0.478030856939359,0.632874038313361,NA,NA,NA
"Myanmar",2022,"Asia",0.0648380990446373,"ASMQ",545.264016223219,68290,4760,35.3538822893578,168284.479697343,4427.79378375828,"South-Eastern Asia",NA,NA,NA,NA,NA,NA,NA,NA,NA,NA,NA,NA,NA,1,0.64,0.64,0.64,0.33,0.23,0.7,0.33,0.23,0.8278,0.3,0.032,0.9,3.97779192153752,3.86979757072655,11.6093927121796,0.845955748019291,3.09583805658124,0.64,0.64,0.64,NA,NA,NA
"Myanmar",2018,"Asia",0.00884824191658907,"ASMQ",2634.89713506607,330000,4530,23.3142072763921,105613.358962056,2919.91983247439,"South-Eastern Asia",NA,0.621575419832576,0.3003452428631,0.621575419832576,NA,NA,NA,0.621575419832576,0.3003452428631,0.621575419832576,0.50546513140785,0.3003452428631,0.50546513140785,NA,0.4102397770895,0.261061676329682,1.30928646433534,NA,NA,NA,0.4102397770895,0.261061676329682,1.30928646433534,0.472397319072757,0.161858239324403,1.66184404246437,3.97779192153752,3.86979757072655,11.6093927121796,0.845955748019291,3.09583805658124,0.4102397770895,0.261061676329682,1.30928646433534,0.621575419832576,0.3003452428631,0.621575419832576
"Myanmar",2011,"Asia",0.0521487283400574,"ASMQ",0,0,3200,0,0,0,"South-Eastern Asia",NA,NA,NA,NA,NA,NA,NA,NA,NA,NA,NA,NA,NA,4,0.825581766003924,0.824549788796419,0.825581766003924,0.825581766003924,0.824549788796419,1.35481407725269,1.18677378863064,0.824549788796419,1.46196771063195,1.7887604930085,0.564147540102682,2.93821110596772,3.97779192153752,3.86979757072655,11.6093927121796,0.845955748019291,3.09583805658124,0.825581766003924,0.824549788796419,0.825581766003924,NA,NA,NA
"Myanmar",2021,"Asia",0.0325141972121838,"ASMQ",798.45367729275,100000,4330,25.9610803282898,112411.477821495,3251.41972121838,"South-Eastern Asia",NA,0.539205,0.539205,0.539205,NA,NA,NA,0.539205,0.539205,0.539205,NA,NA,NA,NA,0.3558753,0.2480343,0.7009665,NA,NA,NA,0.3558753,0.2480343,0.7009665,0.1617615,0.1617615,0.9058644,3.97779192153752,3.86979757072655,11.6093927121796,0.845955748019291,3.09583805658124,0.3558753,0.2480343,0.7009665,0.539205,0.539205,0.539205
"Myanmar",2019,"Asia",0.00742338655831172,"ASMQ",1373.34032494353,172000,4870,10.1948361081733,49648.8518468037,1276.82248802962,"South-Eastern Asia",NA,0.589327423233252,0.589327423233252,0.589327423233252,NA,NA,NA,0.589327423233252,0.589327423233252,0.589327423233252,NA,NA,NA,NA,0.447888841657271,0.247517517757966,1.28190501101697,NA,NA,NA,0.447888841657271,0.247517517757966,1.28190501101697,0.447888841657271,0.00942923877173203,1.28190501101697,3.97779192153752,3.86979757072655,11.6093927121796,0.845955748019291,3.09583805658124,0.447888841657271,0.247517517757966,1.28190501101697,0.589327423233252,0.589327423233252,0.589327423233252
"Nicaragua",2021,"Americas",0.00327043815677719,"ASMQ",798.45367729275,100000,5880,2.61129337263727,15354.4050311072,327.043815677719,"Latin America and the Caribbean",NA,NA,NA,NA,NA,NA,NA,NA,NA,NA,NA,NA,NA,NA,0.7009665,0.323523,0.7009665,NA,NA,NA,0.7009665,0.323523,0.7009665,0.1617615,0.1617615,0.9058644,10.4214548532589,10.6734416718179,32.7042892372564,1.99789549000301,8.78354053262583,0.7009665,0.323523,0.7009665,NA,NA,NA
"Nicaragua",2018,"Americas",0.00164115954540906,"ASMQ",2634.89713506607,330000,5480,4.32428658438468,23697.0904824281,541.582649984991,"Latin America and the Caribbean",NA,0.50546513140785,0.3003452428631,0.50546513140785,NA,NA,NA,NA,NA,NA,0.50546513140785,0.3003452428631,0.50546513140785,NA,0.472397319072757,0.261061676329682,1.21828782287185,NA,NA,NA,0.472397319072757,0.261061676329682,1.21828782287185,0.472397319072757,0.161858239324403,1.66184404246437,10.4214548532589,10.6734416718179,32.7042892372564,1.99789549000301,8.78354053262583,0.472397319072757,0.261061676329682,1.21828782287185,0.50546513140785,0.3003452428631,0.50546513140785
"Nicaragua",2020,"Americas",0.00368658288884627,"ASMQ",1700.70633263356,213000,5160,6.26979486483937,32352.1415025712,785.242155324256,"Latin America and the Caribbean",NA,NA,NA,NA,NA,NA,NA,NA,NA,NA,NA,NA,NA,1,0.8430685857,0.8430685857,0.8430685857,0.3979283724504,0.19514227530336,0.8430685857,0.3979283724504,0.19514227530336,0.8430685857,0.16861371714,0.0089927315808,0.8857840607088,10.4214548532589,10.6734416718179,32.7042892372564,1.99789549000301,8.78354053262583,0.8430685857,0.8430685857,0.8430685857,NA,NA,NA
"Pakistan",2020,"Asia",0.0616280074478762,"ASMQ",1700.70633263356,213000,5190,104.811142534191,543969.829752451,13126.7655863976,"Southern Asia",NA,0.5620457238,0.5620457238,0.71188711376508,NA,NA,NA,0.5620457238,0.5620457238,0.71188711376508,NA,NA,NA,2,0.258541032948,0.258541032948,0.39343200666,0.3068769651948,0.24100520636544,0.4957243283916,0.37274872402416,0.24100520636544,0.8857840607088,0.16861371714,0.0089927315808,0.8857840607088,7.99158196001203,8.08157725235451,24.0467421139101,1.69191149603858,5.99368647000902,0.258541032948,0.258541032948,0.39343200666,0.5620457238,0.5620457238,0.71188711376508
"Pakistan",2016,"Asia",0.0560154938991478,"ASMQ",1596.9073545855,200000,4650,89.4515541782883,415949.726929041,11203.0987798296,"Southern Asia",NA,0.682029985455064,0.682029985455064,0.682029985455064,NA,NA,NA,0.682029985455064,0.682029985455064,0.682029985455064,0.682029985455064,0.682029985455064,0.682029985455064,1,0.326692363032975,0.326692363032975,0.326692363032975,0.626376338641931,0.192059643904146,0.818435982546077,0.463780390109443,0.192059643904146,1.43226296945563,0.463780390109443,0.192059643904146,1.43226296945563,7.99158196001203,8.08157725235451,24.0467421139101,1.69191149603858,5.99368647000902,0.326692363032975,0.326692363032975,0.326692363032975,0.682029985455064,0.682029985455064,0.682029985455064
"Pakistan",2018,"Asia",0.0574405026745169,"ASMQ",2634.89713506607,330000,5160,151.34981593384,780965.050218613,18955.3658825906,"Southern Asia",NA,0.621575419832576,0.3003452428631,0.621575419832576,NA,NA,NA,0.621575419832576,0.3003452428631,0.621575419832576,0.50546513140785,0.3003452428631,0.50546513140785,1,0.261061676329682,0.261061676329682,0.261061676329682,0.298356201519636,0.261061676329682,0.745890503799091,0.4102397770895,0.261061676329682,1.30928646433534,0.472397319072757,0.161858239324403,1.66184404246437,7.99158196001203,8.08157725235451,24.0467421139101,1.69191149603858,5.99368647000902,0.261061676329682,0.261061676329682,0.261061676329682,0.621575419832576,0.3003452428631,0.621575419832576
"Pakistan",2015,"Asia",0.0595519354428133,"ASMQ",0,0,4580,0,0,0,"Southern Asia",NA,NA,NA,NA,NA,NA,NA,NA,NA,NA,NA,NA,NA,3,0.421916025542241,0.337532820433793,0.421916025542241,0.421916025542241,0.337532820433793,1.00894185574668,0.576618568241062,0.309405085397643,2.1095801277112,0.267213482843419,0.236554251654016,2.1095801277112,7.99158196001203,8.08157725235451,24.0467421139101,1.69191149603858,5.99368647000902,0.421916025542241,0.337532820433793,0.421916025542241,NA,NA,NA
"Pakistan",2014,"Asia",0.0584046567760442,"ASMQ",0,0,4410,0,0,0,"Southern Asia",NA,NA,NA,NA,NA,NA,NA,NA,NA,NA,NA,NA,NA,1,0.485679350650388,0.485679350650388,0.485679350650388,0.441526682409444,0.441526682409444,1.05421854203295,0.441526682409444,0.223706852420785,1.90548198571836,0.529832018891333,0.156006094451337,1.90548198571836,7.99158196001203,8.08157725235451,24.0467421139101,1.69191149603858,5.99368647000902,0.485679350650388,0.485679350650388,0.485679350650388,NA,NA,NA
"Pakistan",2021,"Asia",0.0561360267790231,"ASMQ",798.45367729275,100000,5700,44.8220170103153,255485.496958797,5613.60267790231,"Southern Asia",NA,0.539205,0.539205,0.539205,NA,NA,NA,0.539205,0.539205,0.539205,NA,NA,NA,1,0.323523,0.323523,0.323523,0.323523,0.29440593,0.3774435,0.3558753,0.2480343,0.7009665,0.1617615,0.1617615,0.9058644,7.99158196001203,8.08157725235451,24.0467421139101,1.69191149603858,5.99368647000902,0.323523,0.323523,0.323523,0.539205,0.539205,0.539205
"Pakistan",2013,"Asia",0.0782496999078405,"ASMQ",0,0,4240,0,0,0,"Southern Asia",NA,NA,NA,NA,NA,NA,NA,NA,NA,NA,NA,NA,NA,1,0.6616181671791,0.6616181671791,0.6616181671791,0.615458760166604,0.538526415145779,1.07705283029156,0.615458760166604,0.538526415145779,1.19398999472321,0.538526415145779,0.153864690041651,1.78329175758274,7.99158196001203,8.08157725235451,24.0467421139101,1.69191149603858,5.99368647000902,0.6616181671791,0.6616181671791,0.6616181671791,NA,NA,NA
"Pakistan",2011,"Asia",0.074922371647729,"ASMQ",0,0,4100,0,0,0,"Southern Asia",NA,NA,NA,NA,NA,NA,NA,NA,NA,NA,NA,NA,NA,NA,1.18677378863064,0.824549788796419,1.46196771063195,NA,NA,NA,1.18677378863064,0.824549788796419,1.46196771063195,1.7887604930085,0.564147540102682,2.93821110596772,7.99158196001203,8.08157725235451,24.0467421139101,1.69191149603858,5.99368647000902,1.18677378863064,0.824549788796419,1.46196771063195,NA,NA,NA
"Pakistan",2022,"Asia",0.29476909754026,"ASMQ",545.264016223219,68290,6350,160.726981983296,1020616.33559393,20129.7816710244,"Southern Asia",NA,NA,NA,NA,NA,NA,NA,NA,NA,NA,NA,NA,NA,4,0.28,0.28,0.35,0.35,0.28,0.8278,0.33,0.23,0.8278,0.3,0.032,0.9,7.99158196001203,8.08157725235451,24.0467421139101,1.69191149603858,5.99368647000902,0.28,0.28,0.35,NA,NA,NA
"Pakistan",2017,"Asia",0.0545737852360241,"ASMQ",2235.6702964197,280000,4820,122.008990615367,588083.334766069,15280.6598660868,"Southern Asia",NA,0.315852067752122,0.315852067752122,0.827935076603556,NA,NA,NA,0.315852067752122,0.315852067752122,0.827935076603556,0.315852067752122,0.315852067752122,0.827935076603556,3,0.286959970494995,0.286959970494995,0.313106664845337,0.286959970494995,0.286959970494995,0.784400830510238,0.549080581357166,0.286959970494995,1.50604959457966,0.228783575565486,0.0117660124576536,1.50604959457966,7.99158196001203,8.08157725235451,24.0467421139101,1.69191149603858,5.99368647000902,0.286959970494995,0.286959970494995,0.313106664845337,0.315852067752122,0.315852067752122,0.827935076603556
"Pakistan",2012,"Asia",0.0734458440808217,"ASMQ",0,0,4140,0,0,0,"Southern Asia",NA,0.504195983948171,0.504195983948171,0.504195983948171,NA,NA,NA,0.504195983948171,0.504195983948171,0.504195983948171,0.504195983948171,0.504195983948171,0.504195983948171,1,0.679596640751706,0.679596640751706,0.679596640751706,1.13266106791951,0.485426171965505,1.55870343818124,1.03557583352641,0.477659353214057,2.31337932686361,1.03557583352641,0.0118120368511606,2.91255703179303,7.99158196001203,8.08157725235451,24.0467421139101,1.69191149603858,5.99368647000902,0.679596640751706,0.679596640751706,0.679596640751706,0.504195983948171,0.504195983948171,0.504195983948171
"Pakistan",2019,"Asia",0.0606923407835414,"ASMQ",1373.34032494353,172000,5280,83.3512390132521,440094.541989971,10439.0826147691,"Southern Asia",NA,0.589327423233252,0.589327423233252,0.589327423233252,NA,NA,NA,0.589327423233252,0.589327423233252,0.589327423233252,NA,NA,NA,2,0.247517517757966,0.247517517757966,0.247517517757966,0.247517517757966,0.247517517757966,0.590506078079718,0.447888841657271,0.247517517757966,1.28190501101697,0.447888841657271,0.00942923877173203,1.28190501101697,7.99158196001203,8.08157725235451,24.0467421139101,1.69191149603858,5.99368647000902,0.247517517757966,0.247517517757966,0.247517517757966,0.589327423233252,0.589327423233252,0.589327423233252
"Papua New Guinea",2017,"Oceania",0.0818811111422454,"ASMQ",2235.6702964197,280000,3890,183.059168018558,712100.163592192,22926.7111198287,"Melanesia",NA,0.315852067752122,0.315852067752122,0.827935076603556,NA,NA,NA,NA,NA,NA,0.315852067752122,0.315852067752122,0.827935076603556,1,0.287613637853754,0.287613637853754,0.287613637853754,0.300686985028924,0.287613637853754,0.300686985028924,0.300686985028924,0.287613637853754,0.300686985028924,0.228783575565486,0.0117660124576536,1.50604959457966,7.46960926442566,7.36161491361468,22.444825910214,1.51192091135363,5.70570153451309,0.287613637853754,0.287613637853754,0.287613637853754,0.315852067752122,0.315852067752122,0.827935076603556
"Papua New Guinea",2019,"Oceania",0.106613539307053,"ASMQ",1373.34032494353,172000,3940,146.416672715327,576881.69049839,18337.5287608131,"Melanesia",NA,NA,NA,NA,NA,NA,NA,NA,NA,NA,NA,NA,NA,3,0.318236808545956,0.318236808545956,0.318236808545956,0.318236808545956,0.318236808545956,0.318236808545956,0.318236808545956,0.318236808545956,0.318236808545956,0.447888841657271,0.00942923877173203,1.28190501101697,7.46960926442566,7.36161491361468,22.444825910214,1.51192091135363,5.70570153451309,0.318236808545956,0.318236808545956,0.318236808545956,NA,NA,NA
"Papua New Guinea",2014,"Oceania",0.0947692188080611,"ASMQ",0,0,3470,0,0,0,"Melanesia",NA,NA,NA,NA,NA,NA,NA,NA,NA,NA,NA,NA,NA,4,0.632854911453536,0.632854911453536,0.632854911453536,0.632854911453536,0.632854911453536,0.632854911453536,0.632854911453536,0.632854911453536,0.632854911453536,0.529832018891333,0.156006094451337,1.90548198571836,7.46960926442566,7.36161491361468,22.444825910214,1.51192091135363,5.70570153451309,0.632854911453536,0.632854911453536,0.632854911453536,NA,NA,NA
"Papua New Guinea",2020,"Oceania",0.166919807710453,"ASMQ",1700.70633263356,213000,3910,283.881574015142,1109976.95439921,35553.9190423264,"Melanesia",NA,NA,NA,NA,NA,NA,NA,NA,NA,NA,NA,NA,NA,3,0.292263776376,0.202336460568,0.33722743428,0.292263776376,0.202336460568,0.33722743428,0.292263776376,0.202336460568,0.33722743428,0.16861371714,0.0089927315808,0.8857840607088,7.46960926442566,7.36161491361468,22.444825910214,1.51192091135363,5.70570153451309,0.292263776376,0.202336460568,0.33722743428,NA,NA,NA
"Papua New Guinea",2011,"Oceania",0.0353417886202895,"ASMQ",0,0,2660,0,0,0,"Melanesia",NA,NA,NA,NA,NA,NA,NA,NA,NA,NA,NA,NA,NA,1,1.30717112950621,1.30717112950621,1.30717112950621,1.30717112950621,1.30717112950621,1.30717112950621,1.30717112950621,1.30717112950621,1.30717112950621,1.7887604930085,0.564147540102682,2.93821110596772,7.46960926442566,7.36161491361468,22.444825910214,1.51192091135363,5.70570153451309,1.30717112950621,1.30717112950621,1.30717112950621,NA,NA,NA
"Papua New Guinea",2016,"Oceania",0.0665733035637488,"ASMQ",1596.9073545855,200000,3810,106.311398080004,405046.426684813,13314.6607127498,"Melanesia",NA,0.682029985455064,0.682029985455064,0.682029985455064,NA,NA,NA,NA,NA,NA,0.682029985455064,0.682029985455064,0.682029985455064,NA,0.341014992727532,0.341014992727532,0.341014992727532,NA,NA,NA,0.341014992727532,0.341014992727532,0.341014992727532,0.463780390109443,0.192059643904146,1.43226296945563,7.46960926442566,7.36161491361468,22.444825910214,1.51192091135363,5.70570153451309,0.341014992727532,0.341014992727532,0.341014992727532,0.682029985455064,0.682029985455064,0.682029985455064
"Papua New Guinea",2022,"Oceania",0.184300076051537,"ASMQ",545.264016223219,68290,4270,100.492199658106,429101.692540113,12585.8521935595,"Melanesia",NA,NA,NA,NA,NA,NA,NA,NA,NA,NA,NA,NA,NA,4,0.2952,0.2952,0.35,0.2952,0.2952,0.35,0.2952,0.2952,0.35,0.3,0.032,0.9,7.46960926442566,7.36161491361468,22.444825910214,1.51192091135363,5.70570153451309,0.2952,0.2952,0.35,NA,NA,NA
"Papua New Guinea",2012,"Oceania",0.0555384152764597,"ASMQ",0,0,2890,0,0,0,"Melanesia",NA,0.504195983948171,0.504195983948171,0.504195983948171,NA,NA,NA,NA,NA,NA,0.504195983948171,0.504195983948171,0.504195983948171,3,1.22974630231261,0.728139257948257,1.22974630231261,1.22974630231261,0.728139257948257,1.22974630231261,1.22974630231261,0.728139257948257,1.22974630231261,1.03557583352641,0.0118120368511606,2.91255703179303,7.46960926442566,7.36161491361468,22.444825910214,1.51192091135363,5.70570153451309,1.22974630231261,0.728139257948257,1.22974630231261,0.504195983948171,0.504195983948171,0.504195983948171
"Papua New Guinea",2015,"Oceania",0.0526693502787693,"ASMQ",0,0,3640,0,0,0,"Melanesia",NA,NA,NA,NA,NA,NA,NA,NA,NA,NA,NA,NA,NA,4,0.435979893060315,0.435979893060315,0.435979893060315,0.435979893060315,0.435979893060315,0.435979893060315,0.435979893060315,0.435979893060315,0.435979893060315,0.267213482843419,0.236554251654016,2.1095801277112,7.46960926442566,7.36161491361468,22.444825910214,1.51192091135363,5.70570153451309,0.435979893060315,0.435979893060315,0.435979893060315,NA,NA,NA
"Papua New Guinea",2013,"Oceania",0.0804714442868317,"ASMQ",0,0,2880,0,0,0,"Melanesia",NA,NA,NA,NA,NA,NA,NA,NA,NA,NA,NA,NA,NA,5,0.69239110518743,0.688390623246347,0.69239110518743,0.69239110518743,0.688390623246347,0.69239110518743,0.69239110518743,0.688390623246347,0.69239110518743,0.538526415145779,0.153864690041651,1.78329175758274,7.46960926442566,7.36161491361468,22.444825910214,1.51192091135363,5.70570153451309,0.69239110518743,0.688390623246347,0.69239110518743,NA,NA,NA
"Papua New Guinea",2018,"Oceania",0.105983588893035,"ASMQ",2634.89713506607,330000,3860,279.255854738278,1077927.59928975,34974.5843347015,"Melanesia",NA,0.50546513140785,0.3003452428631,0.50546513140785,NA,NA,NA,NA,NA,NA,0.50546513140785,0.3003452428631,0.50546513140785,2,0.348082235106242,0.348082235106242,0.348082235106242,0.348082235106242,0.348082235106242,0.348082235106242,0.348082235106242,0.348082235106242,0.348082235106242,0.472397319072757,0.161858239324403,1.66184404246437,7.46960926442566,7.36161491361468,22.444825910214,1.51192091135363,5.70570153451309,0.348082235106242,0.348082235106242,0.348082235106242,0.50546513140785,0.3003452428631,0.50546513140785
"Papua New Guinea",2021,"Oceania",0.137349298604982,"ASMQ",798.45367729275,100000,3880,109.667052544728,425508.163873543,13734.9298604982,"Melanesia",NA,NA,NA,NA,NA,NA,NA,NA,NA,NA,NA,NA,NA,2,0.3774435,0.282112056,0.3774435,0.282112056,0.282112056,0.3774435,0.282112056,0.282112056,0.3774435,0.1617615,0.1617615,0.9058644,7.46960926442566,7.36161491361468,22.444825910214,1.51192091135363,5.70570153451309,0.3774435,0.282112056,0.3774435,NA,NA,NA
"Peru",2015,"Americas",0.00517307131106425,"ASMQ",0,0,11090,0,0,0,"Latin America and the Caribbean",NA,NA,NA,NA,NA,NA,NA,NA,NA,NA,NA,NA,NA,NA,1.01259846130138,1.01259846130138,1.01259846130138,NA,NA,NA,1.01259846130138,1.01259846130138,1.01259846130138,0.267213482843419,0.236554251654016,2.1095801277112,23.9207487046306,24.0647411723786,72.6262009203796,5.11173260505274,17.9990584684956,1.01259846130138,1.01259846130138,1.01259846130138,NA,NA,NA
"Peru",2020,"Americas",0.00337729551352775,"ASMQ",1700.70633263356,213000,11500,5.74378786703154,66053.5604708627,719.36394438141,"Latin America and the Caribbean",NA,NA,NA,NA,NA,NA,NA,NA,NA,NA,NA,NA,NA,NA,0.3979283724504,0.19514227530336,0.8430685857,NA,NA,NA,0.3979283724504,0.19514227530336,0.8430685857,0.16861371714,0.0089927315808,0.8857840607088,23.9207487046306,24.0647411723786,72.6262009203796,5.11173260505274,17.9990584684956,0.3979283724504,0.19514227530336,0.8430685857,NA,NA,NA
"Peru",2016,"Americas",0.00401081017858997,"ASMQ",1596.9073545855,200000,11440,6.40489227203671,73271.9675921,802.162035717995,"Latin America and the Caribbean",NA,0.682029985455064,0.682029985455064,0.682029985455064,NA,NA,NA,NA,NA,NA,0.682029985455064,0.682029985455064,0.682029985455064,NA,0.477420989818545,0.300093193600228,0.477420989818545,NA,NA,NA,0.477420989818545,0.300093193600228,0.477420989818545,0.463780390109443,0.192059643904146,1.43226296945563,23.9207487046306,24.0647411723786,72.6262009203796,5.11173260505274,17.9990584684956,0.477420989818545,0.300093193600228,0.477420989818545,0.682029985455064,0.682029985455064,0.682029985455064
"Peru",2019,"Americas",0.00433398927463469,"ASMQ",1373.34032494353,172000,12800,5.95204223872858,76186.1406557258,745.446155237167,"Latin America and the Caribbean",NA,NA,NA,NA,NA,NA,NA,NA,NA,NA,NA,NA,NA,NA,0.259304066222631,0.259304066222631,0.707192907879902,NA,NA,NA,0.259304066222631,0.259304066222631,0.707192907879902,0.447888841657271,0.00942923877173203,1.28190501101697,23.9207487046306,24.0647411723786,72.6262009203796,5.11173260505274,17.9990584684956,0.259304066222631,0.259304066222631,0.707192907879902,NA,NA,NA
"Peru",2017,"Americas",0.00484222340000198,"ASMQ",2235.6702964197,280000,11870,10.8256150240128,128500.050335032,1355.82255200056,"Latin America and the Caribbean",NA,0.315852067752122,0.315852067752122,0.827935076603556,NA,NA,NA,NA,NA,NA,0.315852067752122,0.315852067752122,0.827935076603556,NA,0.274540290678583,0.274540290678583,0.522933887006825,NA,NA,NA,0.274540290678583,0.274540290678583,0.522933887006825,0.228783575565486,0.0117660124576536,1.50604959457966,23.9207487046306,24.0647411723786,72.6262009203796,5.11173260505274,17.9990584684956,0.274540290678583,0.274540290678583,0.522933887006825,0.315852067752122,0.315852067752122,0.827935076603556
"Peru",2013,"Americas",0.00355090404445189,"ASMQ",0,0,10620,0,0,0,"Latin America and the Caribbean",NA,NA,NA,NA,NA,NA,NA,NA,NA,NA,NA,NA,NA,NA,0.769323450208255,0.153864690041651,1.78329175758274,NA,NA,NA,0.769323450208255,0.153864690041651,1.78329175758274,0.538526415145779,0.153864690041651,1.78329175758274,23.9207487046306,24.0647411723786,72.6262009203796,5.11173260505274,17.9990584684956,0.769323450208255,0.153864690041651,1.78329175758274,NA,NA,NA
"Peru",2021,"Americas",0.00258131130614352,"ASMQ",798.45367729275,100000,12750,2.06105750462765,26278.4831840025,258.131130614352,"Latin America and the Caribbean",NA,NA,NA,NA,NA,NA,NA,NA,NA,NA,NA,NA,NA,NA,0.7009665,0.323523,0.7009665,NA,NA,NA,0.7009665,0.323523,0.7009665,0.1617615,0.1617615,0.9058644,23.9207487046306,24.0647411723786,72.6262009203796,5.11173260505274,17.9990584684956,0.7009665,0.323523,0.7009665,NA,NA,NA
"Peru",2018,"Americas",0.00475910215432517,"ASMQ",2634.89713506607,330000,12360,12.5397446319182,154991.243650509,1570.50371092731,"Latin America and the Caribbean",NA,0.50546513140785,0.3003452428631,0.50546513140785,NA,NA,NA,NA,NA,NA,0.50546513140785,0.3003452428631,0.50546513140785,NA,0.472397319072757,0.261061676329682,1.21828782287185,NA,NA,NA,0.472397319072757,0.261061676329682,1.21828782287185,0.472397319072757,0.161858239324403,1.66184404246437,23.9207487046306,24.0647411723786,72.6262009203796,5.11173260505274,17.9990584684956,0.472397319072757,0.261061676329682,1.21828782287185,0.50546513140785,0.3003452428631,0.50546513140785
"Peru",2022,"Americas",0.00399686911918997,"ASMQ",545.264016223219,68290,14080,2.17934890824808,30685.232628133,272.946192149483,"Latin America and the Caribbean",NA,NA,NA,NA,NA,NA,NA,NA,NA,NA,NA,NA,NA,NA,0.7,0.65,0.9,NA,NA,NA,0.7,0.65,0.9,0.3,0.032,0.9,23.9207487046306,24.0647411723786,72.6262009203796,5.11173260505274,17.9990584684956,0.7,0.65,0.9,NA,NA,NA
"Peru",2014,"Americas",0.00492886916464311,"ASMQ",0,0,10890,0,0,0,"Latin America and the Caribbean",NA,NA,NA,NA,NA,NA,NA,NA,NA,NA,NA,NA,NA,NA,1.03022892562204,0.156006094451337,1.6317354426245,NA,NA,NA,1.03022892562204,0.156006094451337,1.6317354426245,0.529832018891333,0.156006094451337,1.90548198571836,23.9207487046306,24.0647411723786,72.6262009203796,5.11173260505274,17.9990584684956,1.03022892562204,0.156006094451337,1.6317354426245,NA,NA,NA
"Solomon Islands",2012,"Oceania",0.00232087082454579,"ASMQ",0,0,2230,0,0,0,"Melanesia",NA,0.504195983948171,0.504195983948171,0.504195983948171,NA,NA,NA,NA,NA,NA,0.504195983948171,0.504195983948171,0.504195983948171,NA,1.22974630231261,0.728139257948257,1.22974630231261,NA,NA,NA,1.22974630231261,0.728139257948257,1.22974630231261,1.03557583352641,0.0118120368511606,2.91255703179303,8.24356877857097,8.35156312938194,24.5687148094964,1.85390302225504,6.13767893775699,1.22974630231261,0.728139257948257,1.22974630231261,0.504195983948171,0.504195983948171,0.504195983948171
"Solomon Islands",2015,"Oceania",0.0023700186655862,"ASMQ",0,0,2420,0,0,0,"Melanesia",NA,NA,NA,NA,NA,NA,NA,NA,NA,NA,NA,NA,NA,NA,0.435979893060315,0.435979893060315,0.435979893060315,NA,NA,NA,0.435979893060315,0.435979893060315,0.435979893060315,0.267213482843419,0.236554251654016,2.1095801277112,8.24356877857097,8.35156312938194,24.5687148094964,1.85390302225504,6.13767893775699,0.435979893060315,0.435979893060315,0.435979893060315,NA,NA,NA
"Solomon Islands",2020,"Oceania",0.01280386150511,"ASMQ",1700.70633263356,213000,2670,21.7756083439036,58140.8742782226,2727.22250058843,"Melanesia",NA,NA,NA,NA,NA,NA,NA,NA,NA,NA,NA,NA,NA,NA,0.292263776376,0.202336460568,0.33722743428,NA,NA,NA,0.292263776376,0.202336460568,0.33722743428,0.16861371714,0.0089927315808,0.8857840607088,8.24356877857097,8.35156312938194,24.5687148094964,1.85390302225504,6.13767893775699,0.292263776376,0.202336460568,0.33722743428,NA,NA,NA
"Solomon Islands",2011,"Oceania",0.00246379187853596,"ASMQ",0,0,2140,0,0,0,"Melanesia",NA,NA,NA,NA,NA,NA,NA,NA,NA,NA,NA,NA,NA,NA,1.30717112950621,1.30717112950621,1.30717112950621,NA,NA,NA,1.30717112950621,1.30717112950621,1.30717112950621,1.7887604930085,0.564147540102682,2.93821110596772,8.24356877857097,8.35156312938194,24.5687148094964,1.85390302225504,6.13767893775699,1.30717112950621,1.30717112950621,1.30717112950621,NA,NA,NA
"Solomon Islands",2022,"Oceania",0.0177638627519554,"ASMQ",545.264016223219,68290,2670,9.68599514776925,25861.6070445439,1213.09418733104,"Melanesia",NA,NA,NA,NA,NA,NA,NA,NA,NA,NA,NA,NA,NA,NA,0.2952,0.2952,0.35,NA,NA,NA,0.2952,0.2952,0.35,0.3,0.032,0.9,8.24356877857097,8.35156312938194,24.5687148094964,1.85390302225504,6.13767893775699,0.2952,0.2952,0.35,NA,NA,NA
"Solomon Islands",2018,"Oceania",0.00705703489413918,"ASMQ",2634.89713506607,330000,2660,18.5945610246287,49461.5323255122,2328.82151506593,"Melanesia",NA,0.50546513140785,0.3003452428631,0.50546513140785,NA,NA,NA,NA,NA,NA,0.50546513140785,0.3003452428631,0.50546513140785,NA,0.348082235106242,0.348082235106242,0.348082235106242,NA,NA,NA,0.348082235106242,0.348082235106242,0.348082235106242,0.472397319072757,0.161858239324403,1.66184404246437,8.24356877857097,8.35156312938194,24.5687148094964,1.85390302225504,6.13767893775699,0.348082235106242,0.348082235106242,0.348082235106242,0.50546513140785,0.3003452428631,0.50546513140785
"Solomon Islands",2019,"Oceania",0.013197015822487,"ASMQ",1373.34032494353,172000,2700,18.1239939979392,48934.7837944358,2269.88672146776,"Melanesia",NA,NA,NA,NA,NA,NA,NA,NA,NA,NA,NA,NA,NA,NA,0.318236808545956,0.318236808545956,0.318236808545956,NA,NA,NA,0.318236808545956,0.318236808545956,0.318236808545956,0.447888841657271,0.00942923877173203,1.28190501101697,8.24356877857097,8.35156312938194,24.5687148094964,1.85390302225504,6.13767893775699,0.318236808545956,0.318236808545956,0.318236808545956,NA,NA,NA
"Solomon Islands",2017,"Oceania",0.00689453754310542,"ASMQ",2235.6702964197,280000,2570,15.4139127926712,39613.7558771651,1930.47051206952,"Melanesia",NA,0.315852067752122,0.315852067752122,0.827935076603556,NA,NA,NA,NA,NA,NA,0.315852067752122,0.315852067752122,0.827935076603556,2,0.300686985028924,0.300686985028924,0.300686985028924,0.300686985028924,0.287613637853754,0.300686985028924,0.300686985028924,0.287613637853754,0.300686985028924,0.228783575565486,0.0117660124576536,1.50604959457966,8.24356877857097,8.35156312938194,24.5687148094964,1.85390302225504,6.13767893775699,0.300686985028924,0.300686985028924,0.300686985028924,0.315852067752122,0.315852067752122,0.827935076603556
"Solomon Islands",2016,"Oceania",0.00463542739886218,"ASMQ",1596.9073545855,200000,2480,7.40234810489014,18357.8233001276,927.085479772435,"Melanesia",NA,0.682029985455064,0.682029985455064,0.682029985455064,NA,NA,NA,NA,NA,NA,0.682029985455064,0.682029985455064,0.682029985455064,6,0.341014992727532,0.341014992727532,0.341014992727532,0.341014992727532,0.341014992727532,0.341014992727532,0.341014992727532,0.341014992727532,0.341014992727532,0.463780390109443,0.192059643904146,1.43226296945563,8.24356877857097,8.35156312938194,24.5687148094964,1.85390302225504,6.13767893775699,0.341014992727532,0.341014992727532,0.341014992727532,0.682029985455064,0.682029985455064,0.682029985455064
"Solomon Islands",2021,"Oceania",0.0168131630222992,"ASMQ",798.45367729275,100000,2680,13.4245318420773,35977.7453367671,1681.31630222992,"Melanesia",NA,NA,NA,NA,NA,NA,NA,NA,NA,NA,NA,NA,NA,2,0.282112056,0.282112056,0.282112056,0.282112056,0.282112056,0.3774435,0.282112056,0.282112056,0.3774435,0.1617615,0.1617615,0.9058644,8.24356877857097,8.35156312938194,24.5687148094964,1.85390302225504,6.13767893775699,0.282112056,0.282112056,0.282112056,NA,NA,NA
"Thailand",2014,"Asia",0.00242039326663482,"ASMQ",0,0,14360,0,0,0,"South-Eastern Asia",NA,NA,NA,NA,NA,NA,NA,NA,NA,NA,NA,NA,NA,1,1.90548198571836,1.90548198571836,1.90548198571836,0.559267131051962,0.223706852420785,1.90548198571836,0.441526682409444,0.223706852420785,1.90548198571836,0.529832018891333,0.156006094451337,1.90548198571836,22.6428155533674,22.6248164948989,69.4403675714559,4.4817655586554,17.1711017789448,1.90548198571836,1.90548198571836,1.90548198571836,NA,NA,NA
"Thailand",2012,"Asia",0.00208416608868223,"ASMQ",0,0,13920,0,0,0,"South-Eastern Asia",NA,0.504195983948171,0.504195983948171,0.504195983948171,NA,NA,NA,0.504195983948171,0.504195983948171,0.504195983948171,0.504195983948171,0.504195983948171,0.504195983948171,2,2.31337932686361,2.23360762593728,2.31337932686361,0.647234895954006,0.477659353214057,2.31337932686361,1.03557583352641,0.477659353214057,2.31337932686361,1.03557583352641,0.0118120368511606,2.91255703179303,22.6428155533674,22.6248164948989,69.4403675714559,4.4817655586554,17.1711017789448,2.31337932686361,2.23360762593728,2.31337932686361,0.504195983948171,0.504195983948171,0.504195983948171
"Venezuela (Bolivarian Republic of)",2011,"Americas",0.00210563871296475,"ASMQ",0,0,16960,0,0,0,"Latin America and the Caribbean",NA,NA,NA,NA,NA,NA,NA,NA,NA,NA,NA,NA,NA,NA,1.10077568800523,1.10077568800523,2.93821110596772,NA,NA,NA,1.10077568800523,1.10077568800523,2.93821110596772,1.7887604930085,0.564147540102682,2.93821110596772,29.6264502391437,29.8784370577026,92.7851464050946,6.33566858091044,23.6507628276032,1.10077568800523,1.10077568800523,2.93821110596772,NA,NA,NA
"Venezuela (Bolivarian Republic of)",2013,"Americas",0.00522184438610224,"ASMQ",0,0,13847.8125,0,0,0,"Latin America and the Caribbean",NA,NA,NA,NA,NA,NA,NA,NA,NA,NA,NA,NA,NA,NA,0.769323450208255,0.153864690041651,1.78329175758274,NA,NA,NA,0.769323450208255,0.153864690041651,1.78329175758274,0.538526415145779,0.153864690041651,1.78329175758274,29.6264502391437,29.8784370577026,92.7851464050946,6.33566858091044,23.6507628276032,0.769323450208255,0.153864690041651,1.78329175758274,NA,NA,NA
"Venezuela (Bolivarian Republic of)",2016,"Americas",0.01552302922887,"ASMQ",1596.9073545855,200000,14923.125,24.7888395410282,369926.951075707,3104.60584577401,"Latin America and the Caribbean",NA,0.682029985455064,0.682029985455064,0.682029985455064,NA,NA,NA,NA,NA,NA,0.682029985455064,0.682029985455064,0.682029985455064,NA,0.477420989818545,0.300093193600228,0.477420989818545,NA,NA,NA,0.477420989818545,0.300093193600228,0.477420989818545,0.463780390109443,0.192059643904146,1.43226296945563,29.6264502391437,29.8784370577026,92.7851464050946,6.33566858091044,23.6507628276032,0.477420989818545,0.300093193600228,0.477420989818545,0.682029985455064,0.682029985455064,0.682029985455064
"Venezuela (Bolivarian Republic of)",2021,"Americas",0.0227247544978656,"ASMQ",798.45367729275,100000,16754.6875,18.1446637943957,304008.171667664,2272.47544978656,"Latin America and the Caribbean",NA,NA,NA,NA,NA,NA,NA,NA,NA,NA,NA,NA,NA,NA,0.7009665,0.323523,0.7009665,NA,NA,NA,0.7009665,0.323523,0.7009665,0.1617615,0.1617615,0.9058644,29.6264502391437,29.8784370577026,92.7851464050946,6.33566858091044,23.6507628276032,0.7009665,0.323523,0.7009665,NA,NA,NA
"Venezuela (Bolivarian Republic of)",2012,"Americas",0.00274881485414215,"ASMQ",0,0,13313.4375,0,0,0,"Latin America and the Caribbean",NA,0.504195983948171,0.504195983948171,0.504195983948171,NA,NA,NA,NA,NA,NA,0.504195983948171,0.504195983948171,0.504195983948171,NA,1.29446979190801,1.19738455751491,2.91255703179303,NA,NA,NA,1.29446979190801,1.19738455751491,2.91255703179303,1.03557583352641,0.0118120368511606,2.91255703179303,29.6264502391437,29.8784370577026,92.7851464050946,6.33566858091044,23.6507628276032,1.29446979190801,1.19738455751491,2.91255703179303,0.504195983948171,0.504195983948171,0.504195983948171
"Venezuela (Bolivarian Republic of)",2020,"Americas",0.0253594074853222,"ASMQ",1700.70633263356,213000,15200.9375,43.1289049021223,655599.787860604,5401.55379437363,"Latin America and the Caribbean",NA,NA,NA,NA,NA,NA,NA,NA,NA,NA,NA,NA,NA,NA,0.3979283724504,0.19514227530336,0.8430685857,NA,NA,NA,0.3979283724504,0.19514227530336,0.8430685857,0.16861371714,0.0089927315808,0.8857840607088,29.6264502391437,29.8784370577026,92.7851464050946,6.33566858091044,23.6507628276032,0.3979283724504,0.19514227530336,0.8430685857,NA,NA,NA
"Venezuela (Bolivarian Republic of)",2018,"Americas",0.0386892901028342,"ASMQ",2634.89713506607,330000,16129.6875,101.942299649698,1644297.43638099,12767.4657339353,"Latin America and the Caribbean",NA,0.50546513140785,0.3003452428631,0.50546513140785,NA,NA,NA,NA,NA,NA,0.50546513140785,0.3003452428631,0.50546513140785,NA,0.472397319072757,0.261061676329682,1.21828782287185,NA,NA,NA,0.472397319072757,0.261061676329682,1.21828782287185,0.472397319072757,0.161858239324403,1.66184404246437,29.6264502391437,29.8784370577026,92.7851464050946,6.33566858091044,23.6507628276032,0.472397319072757,0.261061676329682,1.21828782287185,0.50546513140785,0.3003452428631,0.50546513140785
"Venezuela (Bolivarian Republic of)",2022,"Americas",0.0170977178987571,"ASMQ",545.264016223219,68290,19243.4375,9.32277032972791,179402.148166973,1167.60315530612,"Latin America and the Caribbean",NA,NA,NA,NA,NA,NA,NA,NA,NA,NA,NA,NA,NA,6,0.7,0.7,0.9,0.7,0.65,0.9,0.7,0.65,0.9,0.3,0.032,0.9,29.6264502391437,29.8784370577026,92.7851464050946,6.33566858091044,23.6507628276032,0.7,0.7,0.9,NA,NA,NA
"Venezuela (Bolivarian Republic of)",2017,"Americas",0.0321219943182147,"ASMQ",2235.6702964197,280000,15612.5,71.814188558995,1121199.01887731,8994.15840910012,"Latin America and the Caribbean",NA,0.315852067752122,0.315852067752122,0.827935076603556,NA,NA,NA,NA,NA,NA,0.315852067752122,0.315852067752122,0.827935076603556,NA,0.274540290678583,0.274540290678583,0.522933887006825,NA,NA,NA,0.274540290678583,0.274540290678583,0.522933887006825,0.228783575565486,0.0117660124576536,1.50604959457966,29.6264502391437,29.8784370577026,92.7851464050946,6.33566858091044,23.6507628276032,0.274540290678583,0.274540290678583,0.522933887006825,0.315852067752122,0.315852067752122,0.827935076603556
"Venezuela (Bolivarian Republic of)",2014,"Americas",0.00622914496897847,"ASMQ",0,0,14224.375,0,0,0,"Latin America and the Caribbean",NA,NA,NA,NA,NA,NA,NA,NA,NA,NA,NA,NA,NA,NA,1.03022892562204,0.156006094451337,1.6317354426245,NA,NA,NA,1.03022892562204,0.156006094451337,1.6317354426245,0.529832018891333,0.156006094451337,1.90548198571836,29.6264502391437,29.8784370577026,92.7851464050946,6.33566858091044,23.6507628276032,1.03022892562204,0.156006094451337,1.6317354426245,NA,NA,NA
"Venezuela (Bolivarian Republic of)",2015,"Americas",0.00950489940383711,"ASMQ",0,0,14509.6875,0,0,0,"Latin America and the Caribbean",NA,NA,NA,NA,NA,NA,NA,NA,NA,NA,NA,NA,NA,NA,1.01259846130138,1.01259846130138,1.01259846130138,NA,NA,NA,1.01259846130138,1.01259846130138,1.01259846130138,0.267213482843419,0.236554251654016,2.1095801277112,29.6264502391437,29.8784370577026,92.7851464050946,6.33566858091044,23.6507628276032,1.01259846130138,1.01259846130138,1.01259846130138,NA,NA,NA
"Venezuela (Bolivarian Republic of)",2019,"Americas",0.0443000634332485,"ASMQ",1373.34032494353,172000,16600,60.8390635104365,1009928.45427325,7619.61091051875,"Latin America and the Caribbean",NA,NA,NA,NA,NA,NA,NA,NA,NA,NA,NA,NA,NA,NA,0.259304066222631,0.259304066222631,0.707192907879902,NA,NA,NA,0.259304066222631,0.259304066222631,0.707192907879902,0.447888841657271,0.00942923877173203,1.28190501101697,29.6264502391437,29.8784370577026,92.7851464050946,6.33566858091044,23.6507628276032,0.259304066222631,0.259304066222631,0.707192907879902,NA,NA,NA
"Yemen",2018,"Asia",0.070914814961663,"ASMQ",2634.89713506607,330000,35882.6666666667,186.853242776227,6704792.62612508,23401.8889373488,"Western Asia",NA,0.621575419832576,0.3003452428631,0.621575419832576,NA,NA,NA,0.621575419832576,0.3003452428631,0.621575419832576,0.50546513140785,0.3003452428631,0.50546513140785,NA,0.4102397770895,0.261061676329682,1.30928646433534,NA,NA,NA,0.4102397770895,0.261061676329682,1.30928646433534,0.472397319072757,0.161858239324403,1.66184404246437,7.59560267370513,7.52360643983114,22.4268268517455,1.6379143206331,5.72370059298159,0.4102397770895,0.261061676329682,1.30928646433534,0.621575419832576,0.3003452428631,0.621575419832576
"Yemen",2016,"Asia",0.0364127114642893,"ASMQ",1596.9073545855,200000,32934.6666666667,58.1477267377234,1915075.99753134,7282.54229285787,"Western Asia",NA,0.682029985455064,0.682029985455064,0.682029985455064,NA,NA,NA,0.682029985455064,0.682029985455064,0.682029985455064,0.682029985455064,0.682029985455064,0.682029985455064,1,0.286452593891127,0.286452593891127,0.286452593891127,0.286452593891127,0.286452593891127,0.286452593891127,0.463780390109443,0.192059643904146,1.43226296945563,0.463780390109443,0.192059643904146,1.43226296945563,7.59560267370513,7.52360643983114,22.4268268517455,1.6379143206331,5.72370059298159,0.286452593891127,0.286452593891127,0.286452593891127,0.682029985455064,0.682029985455064,0.682029985455064
"Yemen",2020,"Asia",0.0908574810814113,"ASMQ",1700.70633263356,213000,35015.3333333333,154.52189344229,5410635.60617959,19352.6434703406,"Western Asia",NA,0.5620457238,0.5620457238,0.71188711376508,NA,NA,NA,0.5620457238,0.5620457238,0.71188711376508,NA,NA,NA,NA,0.37274872402416,0.24100520636544,0.8857840607088,NA,NA,NA,0.37274872402416,0.24100520636544,0.8857840607088,0.16861371714,0.0089927315808,0.8857840607088,7.59560267370513,7.52360643983114,22.4268268517455,1.6379143206331,5.72370059298159,0.37274872402416,0.24100520636544,0.8857840607088,0.5620457238,0.5620457238,0.71188711376508
"Yemen",2014,"Asia",0.0344868164963971,"ASMQ",0,0,40155.3333333333,0,0,0,"Western Asia",NA,NA,NA,NA,NA,NA,NA,NA,NA,NA,NA,NA,NA,2,0.441526682409444,0.33850378984724,0.441526682409444,0.441526682409444,0.33850378984724,0.441526682409444,0.441526682409444,0.223706852420785,1.90548198571836,0.529832018891333,0.156006094451337,1.90548198571836,7.59560267370513,7.52360643983114,22.4268268517455,1.6379143206331,5.72370059298159,0.441526682409444,0.33850378984724,0.441526682409444,NA,NA,NA
"Yemen",2011,"Asia",0.0311638067416368,"ASMQ",0,0,3130,0,0,0,"Western Asia",NA,NA,NA,NA,NA,NA,NA,NA,NA,NA,NA,NA,NA,NA,1.18677378863064,0.824549788796419,1.46196771063195,NA,NA,NA,1.18677378863064,0.824549788796419,1.46196771063195,1.7887604930085,0.564147540102682,2.93821110596772,7.59560267370513,7.52360643983114,22.4268268517455,1.6379143206331,5.72370059298159,1.18677378863064,0.824549788796419,1.46196771063195,NA,NA,NA
"Yemen",2021,"Asia",0.108799995559034,"ASMQ",798.45367729275,100000,37874,86.8717565435458,3290180.90733025,10879.9995559034,"Western Asia",NA,0.539205,0.539205,0.539205,NA,NA,NA,0.539205,0.539205,0.539205,NA,NA,NA,NA,0.3558753,0.2480343,0.7009665,NA,NA,NA,0.3558753,0.2480343,0.7009665,0.1617615,0.1617615,0.9058644,7.59560267370513,7.52360643983114,22.4268268517455,1.6379143206331,5.72370059298159,0.3558753,0.2480343,0.7009665,0.539205,0.539205,0.539205
"Yemen",2022,"Asia",0.0987004624155523,"ASMQ",545.264016223219,68290,44667.1428571429,53.8178105397929,2403887.83163958,6740.25457835806,"Western Asia",NA,NA,NA,NA,NA,NA,NA,NA,NA,NA,NA,NA,NA,NA,0.33,0.23,0.8278,NA,NA,NA,0.33,0.23,0.8278,0.3,0.032,0.9,7.59560267370513,7.52360643983114,22.4268268517455,1.6379143206331,5.72370059298159,0.33,0.23,0.8278,NA,NA,NA
"Yemen",2013,"Asia",0.0396873545399404,"ASMQ",0,0,3280,0,0,0,"Western Asia",NA,NA,NA,NA,NA,NA,NA,NA,NA,NA,NA,NA,NA,NA,0.615458760166604,0.538526415145779,1.19398999472321,NA,NA,NA,0.615458760166604,0.538526415145779,1.19398999472321,0.538526415145779,0.153864690041651,1.78329175758274,7.59560267370513,7.52360643983114,22.4268268517455,1.6379143206331,5.72370059298159,0.615458760166604,0.538526415145779,1.19398999472321,NA,NA,NA
"Yemen",2019,"Asia",0.0788089637539594,"ASMQ",1373.34032494353,172000,36486,108.231527890325,3948935.52660641,13555.141765681,"Western Asia",NA,0.589327423233252,0.589327423233252,0.589327423233252,NA,NA,NA,0.589327423233252,0.589327423233252,0.589327423233252,NA,NA,NA,NA,0.447888841657271,0.247517517757966,1.28190501101697,NA,NA,NA,0.447888841657271,0.247517517757966,1.28190501101697,0.447888841657271,0.00942923877173203,1.28190501101697,7.59560267370513,7.52360643983114,22.4268268517455,1.6379143206331,5.72370059298159,0.447888841657271,0.247517517757966,1.28190501101697,0.589327423233252,0.589327423233252,0.589327423233252
"Yemen",2015,"Asia",0.0305883678047987,"ASMQ",0,0,33929.3333333333,0,0,0,"Western Asia",NA,NA,NA,NA,NA,NA,NA,NA,NA,NA,NA,NA,NA,3,0.309405085397643,0.309405085397643,0.351596687951867,0.309405085397643,0.309405085397643,0.351596687951867,0.576618568241062,0.309405085397643,2.1095801277112,0.267213482843419,0.236554251654016,2.1095801277112,7.59560267370513,7.52360643983114,22.4268268517455,1.6379143206331,5.72370059298159,0.309405085397643,0.309405085397643,0.351596687951867,NA,NA,NA
"Yemen",2012,"Asia",0.0382639472021331,"ASMQ",0,0,3110,0,0,0,"Western Asia",NA,0.504195983948171,0.504195983948171,0.504195983948171,NA,NA,NA,0.504195983948171,0.504195983948171,0.504195983948171,0.504195983948171,0.504195983948171,0.504195983948171,1,0.550149661560905,0.550149661560905,0.550149661560905,0.550149661560905,0.550149661560905,0.550149661560905,1.03557583352641,0.477659353214057,2.31337932686361,1.03557583352641,0.0118120368511606,2.91255703179303,7.59560267370513,7.52360643983114,22.4268268517455,1.6379143206331,5.72370059298159,0.550149661560905,0.550149661560905,0.550149661560905,0.504195983948171,0.504195983948171,0.504195983948171
"Yemen",2017,"Asia",0.0497302972351232,"ASMQ",2235.6702964197,280000,35280.6666666667,111.180548360688,3922523.86653063,13924.4832258345,"Western Asia",NA,0.315852067752122,0.315852067752122,0.827935076603556,NA,NA,NA,0.315852067752122,0.315852067752122,0.827935076603556,0.315852067752122,0.315852067752122,0.827935076603556,NA,0.549080581357166,0.286959970494995,1.50604959457966,NA,NA,NA,0.549080581357166,0.286959970494995,1.50604959457966,0.228783575565486,0.0117660124576536,1.50604959457966,7.59560267370513,7.52360643983114,22.4268268517455,1.6379143206331,5.72370059298159,0.549080581357166,0.286959970494995,1.50604959457966,0.315852067752122,0.315852067752122,0.827935076603556
