country_name,code,1960,1961,1962,1963,1964,1965,1966,1967,1968,1969,1970,1971,1972,1973,1974,1975,1976,1977,1978,1979,1980,1981,1982,1983,1984,1985,1986,1987,1988,1989,1990,1991,1992,1993,1994,1995,1996,1997,1998,1999,2000,2001,2002,2003,2004,2005,2006,2007,2008,2009,2010,2011,2012,2013,2014,2015,2016,2017,2018,2019,2020,2021,2022,2023
Aruba,ABW,,,,,,,,,,,,,,,,,,,,,,,,,,,,,10670,11870,12120,12940,13840,14380,15460,16340,16410,17050,17390,17750,20060,20340,19220,21020,23610,19720,23920,22600,26780,24340,23050,23100,23970,24830,24750,24460,25270,27110,28130,28720,22220,28020,30590,30120
Africa Eastern and Southern,AFE,,,189.3852933,202.9943078,204.8186075,217.1845607,227.0604068,239.8526921,251.3678304,266.5227608,267.2489535,287.7154208,305.2133857,362.0110333,444.2257934,501.2995204,492.6316111,491.1073447,527.6179023,616.0561329,737.4548608,798.4302701,755.3002761,688.0888682,652.5699896,582.3686265,572.3465371,615.6936214,691.8662793,724.3990602,726.9468957,761.2855894,711.8992601,704.04773,688.235847,723.7264486,740.9024496,744.5408522,686.7964149,665.0701127,656.6697817,629.19081,614.1868861,664.2528823,808.1308285,1011.070477,1137.584951,1245.800341,1328.341194,1343.533152,1408.712822,1531.075309,1632.983343,1656.991984,1632.594795,1520.193335,1388.377418,1360.729674,1426.994115,1489.693436,1381.202876,1451.6099,1534.027144,1579.924932
Afghanistan,AFG,,,,,,,,,,,,,,,,,,,,,,,,,,,,,,,,,,,,,,,,,,,180,190,210,250,270,330,370,460,530,550,640,670,640,590,560,530,520,520,490,380,370,380
Africa Western and Central,AFW,,,,,,,,,,,,,,,,,,,,,,,,,,,,,,,,,,,,,,,,,,,,,,,,,1405.972463,1472.465089,1529.511594,1564.117102,1734.114402,1892.432733,2061.135849,1972.431208,1750.339272,1570.400788,1598.675892,1671.338955,1674.520056,1729.821959,1771.570654,1680.838434
Angola,AGO,,,,,,,,,,,,,,,,,,,,,,,,,,600,690,680,660,870,790,920,340,290,190,370,370,450,420,340,360,400,600,710,1020,1380,1830,2480,3040,3180,3240,3410,4160,4700,4800,3920,2540,2090,1970,2110,1680,1640,1870,2120
Albania,ALB,,,,,,,,,,,,,,,,,,,,,,,,,630,640,700,730,730,760,650,410,280,320,380,640,890,800,860,950,1100,1280,1370,1650,2100,2620,3050,3460,4040,4280,4360,4410,4360,4540,4540,4390,4320,4290,4880,5280,5320,6150,6820,7680
Andorra,AND,,,,,,,,,,,,,,,,,,,,,,,,,,,,,,,,,,,,,,,,,,,,,,,,,,,,,,,,,,,,46450,42450,44720,50150,
Arab World,ARB,,,,,,,,,297.0176872,325.3268494,357.6908875,388.73733,471.945585,562.8574782,823.7209935,1131.688239,1536.301056,1651.047767,1828.166952,2283.263365,2782.351134,3019.798705,2837.554977,2509.845058,2401.815864,2325.089958,2295.613885,2346.640397,2376.266775,2353.133828,2627.599757,2084.967159,2137.872391,2073.558562,2066.465996,2099.40662,2174.139182,2271.842625,2250.590987,2245.146878,2432.226311,2526.810806,2475.622195,2616.509855,3045.125943,3487.223799,4027.41037,4614.087964,5393.238538,5460.169876,5773.477758,6063.296061,6884.835591,7293.810451,7335.525438,6852.158518,6395.561021,5971.760025,6232.894014,6459.974715,5967.442206,6308.323458,6987.067581,7248.640805
United Arab Emirates,ARE,,,,,,,,,,,,,5160,6600,11910,20330,30320,33860,32030,39670,46940,47820,41910,35220,33790,30820,23880,24940,24020,25390,29240,27120,27190,26150,26670,28240,28320,28830,26620,24390,28170,28360,27200,29030,33220,36880,41670,43420,44890,41310,42040,44790,49010,52160,51990,48510,44750,41390,43370,45070,41100,42640,46070,49020
Argentina,ARG,,,,,1120,1230,1350,1240,1210,1300,1320,1470,1470,1820,2470,2720,2360,2210,2480,2950,3260,2800,2660,2860,3200,3070,3380,3490,3860,2910,3180,3850,6040,7080,7570,7310,7680,8080,7960,7510,7400,6930,4010,3620,3340,4230,5440,6460,7600,7720,9160,10590,11770,12760,12240,12500,12130,13070,12390,11210,9040,10070,11820,12890
Armenia,ARM,,,,,,,,,,,,,,,,,,,,,,,,,,,,,,,,,300,350,390,460,500,540,570,600,630,680,760,910,1120,1460,1910,2600,3390,3140,3280,3360,3700,3940,4000,3910,3690,3900,4220,4650,4230,4580,5680,6780
American Samoa,ASM,,,,,,,,,,,,,,,,,,,,,,,,,,,,,,,,,,,,,,,,,,,,,,,,,,,,,,,,,,,,,,,,
Antigua and Barbuda,ATG,,,,,,,,,,,,,,,,,,,,1680,2100,2340,2380,2600,3070,3520,3910,4840,6050,6550,7040,7550,7850,8410,9000,8720,9380,9850,10130,10590,11200,10600,10710,11680,12850,14050,15740,17300,17750,15750,14390,14070,14350,14350,14690,14560,15080,15820,17460,18240,15370,16670,18900,20200
Australia,AUS,,,1870,1970,2110,2270,2350,2540,2730,2980,3270,3470,3890,4650,5950,7220,7870,8080,8470,9600,10830,11870,12080,11570,12000,11990,12310,12560,14140,15600,17340,18240,18570,18950,18930,19370,20590,22060,21920,21610,21300,20330,20210,21380,25850,30740,34600,37390,42410,44100,46750,50410,60290,66080,65220,60520,54100,51480,53080,54890,53630,57180,60710,63150
Austria,AUT,,,1080,1160,1270,1370,1500,1590,1720,1890,2090,2330,2760,3580,4650,5540,5980,6660,7540,9620,11460,11180,10380,9600,9270,9360,10820,13810,18070,19300,20630,21810,24520,24870,26140,28190,30100,29560,27970,27090,26820,25330,25040,28110,33860,38780,41460,44510,49210,49210,49770,50700,50090,50690,50430,47510,46250,45060,48990,51050,49050,53220,55930,55030
Azerbaijan,AZE,,,,,,,,,,,,,,,,,,,,,,,,,,,,,,,,,160,110,80,180,240,410,510,600,630,680,740,840,960,1290,1920,2730,3890,4820,5410,5570,6480,7450,7740,6610,4790,4110,4080,4510,4480,4910,5670,6660
Burundi,BDI,,,70,80,80,70,60,50,50,50,70,70,70,80,90,110,120,140,140,170,200,240,220,210,200,220,230,250,240,220,210,210,200,180,170,150,140,150,150,140,130,130,130,120,120,130,150,160,180,190,200,220,230,240,240,240,240,240,230,220,210,220,230,220
Belgium,BEL,,,1480,1560,1700,1840,1980,2130,2310,2560,2830,3100,3640,4690,6000,6910,7580,8220,9560,11730,13980,13190,11180,9430,8860,8820,10170,13090,17010,18030,19310,20580,23170,23410,25090,27070,28550,28450,26530,25980,25890,24460,24060,27100,32910,37780,39940,42740,46570,46900,47110,46370,46980,47820,47850,45650,43430,42480,45980,48050,46090,51210,53680,54580
Benin,BEN,,,90,90,100,110,110,110,110,110,110,110,120,150,180,190,200,220,240,290,370,390,340,270,250,250,260,290,340,320,350,360,350,360,310,340,330,360,350,390,450,510,510,570,690,780,810,870,970,1020,1020,1030,1050,1140,1180,1100,1040,1020,1120,1170,1190,1280,1350,1390
Burkina Faso,BFA,,,80,80,80,80,80,90,90,90,90,90,90,110,140,160,170,170,200,250,290,290,280,230,200,200,230,260,310,320,320,340,360,350,270,250,240,250,240,260,260,270,260,310,370,440,470,490,550,590,630,660,710,750,730,680,650,650,730,750,780,830,860,860
Bangladesh,BGD,,,,,,,,,,,,,,110,140,190,180,160,150,170,210,240,230,210,200,200,220,250,270,280,290,300,300,300,300,320,350,370,390,400,410,420,420,440,490,530,550,580,640,700,780,870,950,1010,1080,1200,1400,1640,2020,2220,2320,2600,2850,2880
Bulgaria,BGR,,,,,,,,,,,,,,,,,,,,,,,2360,2090,2010,1950,2190,2720,3110,2830,2250,1620,1430,1250,1240,1520,1590,1460,1440,1480,1660,1770,1970,2370,3060,3800,4300,4820,6070,6680,7010,7270,7500,7600,7690,7420,7380,7600,8490,9440,9550,11100,12770,14280
Bahrain,BHR,,,,,,,,,,,,,,,,,,,,,7600,8530,8500,9060,9130,7700,7020,7470,7560,7410,8740,9930,10010,10150,9780,10470,10880,10410,10210,10120,12500,12730,12480,13180,14680,16550,17850,19600,21070,18940,19510,20040,24670,25970,25480,23640,22720,22360,24200,25800,23870,25240,28310,28300
"Bahamas, The",BHS,,,1460,1560,1660,1800,1940,2120,2340,2600,2710,2860,2890,3380,3460,4180,2800,3030,3350,4690,5480,5270,5820,6110,7120,7890,8720,10030,10880,11540,11020,10530,10750,10530,10790,13250,14770,13460,16180,22250,23880,24520,25220,25900,27470,28880,29230,29690,29660,27920,27320,26990,27630,26660,27000,27270,27470,29040,30150,30960,24180,28150,31780,33330
Bosnia and Herzegovina,BIH,,,,,,,,,,,,,,,,,,,,,,,,,,,,,,,,,1140,980,580,510,640,900,1230,1270,1330,1420,1570,1830,2450,2810,3160,3680,4500,4790,4820,4900,4900,5170,5180,5140,5070,5070,5720,6180,6160,6970,7710,8280
Belarus,BLR,,,,,,,,,,,,,,,,,,,,,,,,,,,,,,,,,1680,1610,1460,1370,1450,1540,1560,1410,1380,1300,1380,1630,2170,2820,3510,4310,5470,5660,6150,6350,6630,7030,7620,6740,5640,5320,5730,6370,6410,7040,7210,7790
Belize,BLZ,,,330,340,350,370,400,430,430,420,430,460,530,610,750,860,810,860,930,1120,1530,1690,1720,1560,1600,1660,1860,2200,2550,2830,3080,3330,3690,3840,3800,3900,3910,3950,3860,4060,4480,4470,4550,4830,5000,5050,5160,5210,5170,5280,5050,5150,5310,5580,5670,5790,5650,5490,5630,5870,5170,6090,6710,6890
Bermuda,BMU,,,,,,,,,,,,,,,,,,,,,,,,,,,,,,,,,,,,,,,,,,,,,,,,,,,105750,102930,101910,104040,102450,103940,105430,113460,117160,116920,110950,120990,132240,130290
Bolivia,BOL,,,,,,,,,,,,,,,,,530,570,630,740,790,870,820,800,820,800,710,690,690,690,690,710,740,760,790,820,870,930,960,950,960,930,900,890,940,1000,1090,1210,1460,1600,1760,1970,2220,2550,2800,2920,3000,3050,3320,3470,3150,3330,3530,3620
Brazil,BRA,,,260,260,270,270,270,310,370,420,450,510,590,730,960,1180,1400,1510,1700,1990,2170,2110,2060,1770,1680,1540,1750,2030,2300,2630,2610,2660,2450,2310,2620,3440,4420,5110,4980,4230,3950,3370,3120,3010,3370,4030,4890,6240,7680,8400,9750,11210,12460,12950,12280,10330,9050,8830,9320,9410,8080,8060,8450,9280
Barbados,BRB,,,520,510,540,620,620,680,720,770,860,960,1070,1300,1570,1760,2070,2340,2670,3270,3460,4110,4410,4480,4960,5320,5920,6710,7460,7920,7670,7640,7540,7770,8110,8470,8850,9250,9670,10110,11170,11030,11030,11660,12660,13610,14630,15950,16600,16150,16710,16990,18550,18530,18450,18010,18070,18240,18820,19490,17610,18320,22290,22870
Brunei Darussalam,BRN,,,,,,,,,,,,,,,,,,,,,,,,,,,,,,20550,21430,23400,23920,23250,23220,24460,25200,26590,21000,19960,19390,19270,18960,19840,22190,25670,30720,33470,36700,35470,35370,36520,41690,44580,42370,38180,32570,29230,28790,31550,30810,29890,30970,34480
Bhutan,BTN,,,,,,,,,,,,,170,190,220,220,210,210,210,220,250,270,250,230,260,260,300,430,480,500,500,430,420,400,430,450,500,550,520,550,710,780,860,960,1090,1260,1390,1700,1850,1980,2180,2430,2620,2630,2670,2740,2880,2960,3150,3370,3040,3300,3600,
Botswana,BWA,,,70,80,80,90,100,100,120,150,170,220,280,370,460,540,550,590,670,850,1060,1290,1230,1110,1030,1020,1100,1290,1930,2270,2680,3030,3230,3280,2900,3200,3120,3260,3150,3090,3110,3190,2860,3300,3830,4830,5400,5620,5470,4890,5370,6500,6910,6950,6990,6140,6060,6210,6680,7520,6600,7530,8250,8340
Central African Republic,CAF,,,70,70,70,80,80,90,90,100,100,100,100,120,140,160,180,210,240,280,320,320,320,260,260,280,340,410,480,480,470,460,460,430,360,340,290,290,270,260,240,240,240,250,290,320,330,360,390,460,500,510,540,360,380,390,400,420,470,500,490,510,520,530
Canada,CAN,,,2380,2410,2520,2720,2980,3150,3430,3740,4010,4360,5010,6040,7190,8020,8780,9130,9750,10600,11600,12370,11900,12180,13150,13940,14560,16320,18620,19860,20650,20990,21420,21270,20890,20850,20820,21330,20900,21450,22740,23120,23590,25480,29530,34310,37900,41540,44930,43230,44490,47190,51080,52800,52200,47580,43900,42900,45060,46580,43900,48780,53300,54040
Central Europe and the Baltics,CEB,,,,,,,,,,,,,,,,,,,,,,,,,,,,,,,,,2195.701487,2405.886355,2682.713153,3177.889298,3617.197598,3816.089619,3863.251279,3920.245704,4098.002944,4174.834757,4426.641513,5191.079145,6390.576126,7740.558719,8863.41221,10327.13846,12392.77013,12755.49935,12803.72066,13009.03596,13176.09349,13420.72278,13589.31808,13277.84083,12860.08873,13103.99124,14748.05719,16011.53798,15929.59184,17852.03868,19424.74968,20427.69063
Switzerland,CHE,,,2160,2320,2520,2650,2840,3020,3270,3550,4220,4700,5510,7230,9290,10530,11210,12370,14400,17980,22320,21930,19650,18230,18470,18580,20930,26360,34580,36220,37950,38580,42050,41950,43050,46700,49670,49290,46130,44190,44580,42010,40640,46660,55000,62770,65290,64120,64870,71800,79040,81330,86720,90590,88250,86810,83360,80770,82470,83160,81740,90810,95480,95070
Channel Islands,CHI,,,,,,,,,,,,,,,,,,,,,,,,,,,,,,,,,,,,,,,,,,,,,,,,,,,,,,,,,,,,,,,,
Chile,CHL,,,590,650,670,660,750,770,790,820,880,1050,1140,1350,1640,1140,1010,1050,1350,1780,2290,2760,2030,1640,1450,1410,1450,1640,1910,2170,2320,2570,3080,3400,3690,4380,5030,5560,5470,5100,5030,4780,4520,4570,5200,6200,7350,8700,9950,9880,10720,11860,14170,15080,14690,14080,13310,13200,14460,14690,12960,14790,15470,15800
China,CHN,,,70,80,90,100,110,100,90,110,120,130,130,160,180,200,190,190,200,210,220,220,220,220,250,290,310,320,330,320,330,350,390,420,470,540,650,750,800,860,940,1010,1110,1280,1510,1760,2060,2510,3100,3680,4340,5040,5910,6740,7470,7890,8210,8670,9540,10310,10520,11950,12860,13390
Cote d'Ivoire,CIV,,,160,180,210,200,220,220,250,270,280,290,300,360,450,560,650,750,920,1100,1130,1110,940,710,650,630,720,800,900,810,760,740,760,720,660,670,510,630,710,680,610,550,530,580,710,850,850,880,1000,1080,1120,1020,1140,1240,1860,1880,1880,1870,2010,2120,2120,2300,2420,2470
Cameroon,CMR,,,,,,,,120,140,160,160,170,190,220,290,360,340,350,530,650,650,800,790,720,740,800,980,1150,1230,1120,1000,930,960,990,890,870,770,790,770,760,730,700,700,820,1030,1140,1200,1250,1360,1460,1450,1470,1470,1530,1570,1530,1470,1410,1520,1560,1540,1610,1660,1690
"Congo, Dem. Rep.",COD,,,230,270,230,230,220,220,220,230,240,270,280,350,430,460,430,460,510,600,640,560,480,410,340,260,250,240,250,240,230,210,200,190,150,140,120,110,110,100,130,130,180,160,180,190,210,240,270,280,300,320,350,380,420,430,440,430,460,490,520,540,590,630
"Congo, Rep.",COG,,,140,140,150,160,170,180,190,200,210,220,260,320,400,470,460,430,470,590,800,1070,1210,1070,1060,990,980,1050,920,940,920,950,1050,900,750,470,460,590,580,490,560,620,670,690,760,1100,1560,1650,2090,2410,2640,2580,3330,3560,3800,3080,2260,1740,2070,2180,2230,2040,2170,2450
Colombia,COL,,,290,290,320,320,330,300,310,330,340,370,410,470,560,610,640,710,880,1090,1290,1390,1370,1320,1310,1240,1240,1270,1330,1280,1350,1410,1600,1780,2080,2390,2580,2700,2600,2370,2370,2360,2410,2410,2650,3030,3540,4170,4770,5200,5690,6370,7340,8010,8280,7420,6560,6030,6350,6630,5850,6260,6640,6810
Comoros,COM,,,,,,,,,,,,,,,,,,,,,,,610,540,510,500,570,710,880,860,910,890,1030,1030,840,820,770,780,730,710,730,710,690,800,970,1120,1170,1210,1350,1440,1450,1490,1510,1590,1590,1480,1410,1380,1490,1530,1530,1590,1620,1610
Cabo Verde,CPV,,,,,,,,,,,,,,,,,,,,,,,450,420,400,400,460,580,750,810,810,820,940,1080,1190,1300,1250,1260,1240,1290,1330,1270,1230,1440,1810,2070,2200,2770,3360,3650,3600,3760,3730,3840,3750,3620,3580,3620,4040,4420,3510,3870,4550,4780
Costa Rica,CRI,,,360,350,350,370,390,410,440,470,520,570,630,760,880,970,1050,1250,1480,1740,1940,1420,1020,940,1110,1240,1430,1590,1650,1660,1740,1950,2350,2740,2990,3190,3250,3360,3420,3480,3590,3700,3790,4050,4400,4670,5090,5710,6440,6570,7290,8130,9330,9990,10410,10770,11170,11580,12070,12240,11700,12630,13210,14260
Caribbean small states,CSS,,,387.8259991,378.2338719,411.381337,474.4095235,512.4447387,560.040119,589.693606,636.0728173,673.1306735,720.7874005,768.0918214,887.7982873,1025.195775,1256.752462,1161.147465,1250.301604,1397.935629,1716.456236,1946.35379,2085.733461,2120.908979,2105.313254,2300.658158,2503.86844,2782.536583,3132.047834,3538.512291,3587.258241,3465.03932,3413.837005,3547.885044,3620.721036,3786.308458,4238.177622,4621.823532,4589.378259,5027.338353,5861.165423,6294.441836,6298.416616,6466.408006,6809.134882,7390.290074,7928.174574,8469.548289,9206.33645,10081.27188,9984.475917,10142.23711,10352.30931,10881.17785,10965.81356,11096.42241,11004.91519,10776.65122,10934.31034,11353.48388,11712.34393,10353.38557,11097.20171,12907.40631,14317.72837
Cuba,CUB,,,,,,,,,,,,,840,1030,1230,1500,1550,1600,1790,2000,2150,2440,2350,2180,2300,2300,2370,2470,2770,2740,2640,2330,2120,1870,2130,2540,2700,2500,2240,2400,2620,2760,2830,3100,3490,3960,4410,4740,5030,5080,5170,5590,6090,6640,6850,7270,7530,8010,8710,9010,,,,
Curacao,CUW,,,,,,,,,,,,,,,,,,,,,,,,,,,,,,,,,,,,,,,,,,,,,,17910,17930,18390,19020,19100,19540,19420,19330,19020,18980,18780,18260,18230,18820,19140,16250,18130,20450,
Cayman Islands,CYM,,,,,,,,,,,,,,,,,,,,,,,,,,,,,,,,,,,,,,,,,,,,,,,,,,,73550,73950,51150,44990,43420,44430,47830,51890,57880,64520,56260,67650,61780,
Cyprus,CYP,,,,,,,,,,,,,,,,,,1520,1800,2400,3390,4050,4490,4220,4360,4480,5020,6300,7910,8570,9300,9460,11020,10970,11680,12810,13880,14280,15490,14340,14180,14170,14510,16710,20260,23990,25600,27340,31970,32820,32170,32680,29760,27860,26590,26090,24840,25020,27570,28840,27280,30270,33070,32960
Czechia,CZE,,,,,,,,,,,,,,,,,,,,,,,,,,,,,,,,,3360,3500,4170,5140,5980,6160,6100,6110,6340,6350,6640,8100,10250,12470,14000,15850,18500,18830,19280,19420,19470,19430,18890,18330,17620,18240,20500,22100,21770,24400,26060,27370
Germany,DEU,,,1370,1470,1610,1750,1860,1900,2080,2300,2590,2980,3600,4670,5800,6720,7130,7670,8870,11050,13010,12540,11120,10020,9880,9840,11240,14240,18620,19760,21300,22890,25810,26010,27550,29560,30910,30180,27960,26800,26130,24740,23650,26130,31660,35730,38240,40450,43630,43610,44650,47270,46560,47220,47630,45830,44330,43780,47540,49470,48020,52140,53800,54800
Djibouti,DJI,,,,,,,,,,,,,,,,,,,,,,,,,,,,,,,,,,,,,,,,,,,,,,,,,,,,,,,,2380,2470,2560,2720,2780,2790,3010,3320,3400
Dominica,DMA,,,,,,,,,,,,,,,,,,,,730,990,1200,1250,1260,1370,1510,1820,2190,2580,2620,2840,3010,3260,3480,3570,3800,3970,4090,4260,4260,4290,4560,4360,4790,5080,5190,5640,5920,6520,6710,6920,7110,7040,6820,7110,6950,7460,7600,8200,8690,7630,8390,9220,9790
Denmark,DNK,,,1630,1720,1970,2180,2370,2640,2870,3140,3310,3670,4310,5600,6820,8090,8960,9780,11170,13560,15110,14190,12860,11700,11520,11840,14050,17740,22120,23060,24380,25540,28690,28550,30330,32530,34740,35090,33440,33050,32560,31430,30870,34800,42740,49750,53630,55870,60620,60300,61290,62050,61570,63400,63650,60350,57830,56600,61090,63020,62710,70310,73320,73340
Dominican Republic,DOM,,,220,240,270,240,260,260,260,290,340,380,440,530,620,730,790,840,910,1040,1150,1220,1250,1250,1310,1100,1030,940,920,910,870,1040,1350,1610,1740,1940,2150,2340,2420,2510,2650,2700,2850,2600,2520,3000,3590,4380,4700,4860,5260,5460,5710,5940,6240,6480,6760,6990,7670,7980,7160,8090,9070,9710
Algeria,DZA,,,180,230,240,250,230,260,290,320,350,330,460,570,760,970,1100,1140,1370,1700,2050,2270,2330,2250,2320,2450,2630,2850,2780,2590,2400,2010,1930,1750,1640,1570,1530,1510,1550,1540,1600,1720,1840,2090,2440,2910,3310,3780,4430,4570,4870,5050,5630,5970,6030,5390,4920,4440,4450,4480,4020,4120,4430,4950
East Asia & Pacific (excluding high income),EAP,,,72.49693368,78.66355676,86.97444207,98.36757084,106.2970222,100.4013623,97.48101591,109.293076,122.2182211,125.6218266,132.6243911,160.1321146,187.6865554,218.525454,214.1719305,227.5525386,241.4819512,266.670867,294.9027768,312.1269408,311.7625074,307.4583922,325.1625452,347.3365909,368.8856969,385.5929603,405.5001897,407.5957466,423.0817329,453.1891248,503.2690114,546.5593191,612.9645221,705.1518671,820.2912743,887.8662956,831.8195102,854.2174354,910.0257611,980.5539104,1060.831835,1205.606512,1417.936836,1633.084702,1889.407423,2266.310789,2760.286048,3206.291336,3747.854208,4331.617594,5061.679882,5684.945443,6180.248922,6429.273082,6635.320681,6973.807388,7653.525094,8240.390989,8314.55194,9322.691132,10030.20993,10425.39035
Early-demographic dividend,EAR,,,158.7150541,167.8397176,180.0834413,192.1156099,197.1239869,201.3266517,208.8650316,223.9566343,237.7128556,251.9125935,271.5282901,322.827919,414.4809366,498.9502212,544.6165026,557.5736231,604.0546467,702.9429706,829.7364963,924.4799647,902.1532036,841.6064478,814.621185,809.6559127,824.040577,859.8860628,891.522595,860.9758974,897.6570985,937.3598756,1023.474116,1060.381303,1106.467924,1130.528695,1178.75919,1212.754724,1179.103106,1190.634141,1253.76157,1271.907849,1243.107841,1317.977533,1493.731452,1707.195759,1911.831452,2156.854417,2410.695489,2490.834959,2716.190627,2963.39004,3267.555805,3393.006733,3424.817191,3304.992764,3267.560549,3327.290211,3507.529467,3574.9042,3302.422919,3626.188706,3970.485963,4194.682624
East Asia & Pacific,EAS,,,151.0963111,164.9587125,183.9939674,202.5848061,221.8907527,232.8381482,252.673268,287.5346249,312.8800155,340.3789528,397.9811624,506.16845,614.3255862,715.6266455,741.1112682,800.6381617,945.2154835,1147.550468,1302.938972,1356.364749,1306.414854,1268.066743,1309.514651,1402.388469,1608.504303,1958.328794,2502.42763,2694.482301,2803.494184,2907.038024,3108.471617,3373.008129,3692.595212,4156.332641,4366.694837,4231.45146,3700.137667,3658.920594,3867.341219,3953.054729,3905.210791,4087.768058,4597.499377,5034.788677,5318.688064,5681.720885,6185.771223,6530.462684,7344.274291,8148.416842,9106.509441,9694.40796,9913.888962,9794.609034,9869.80923,10205.09077,11071.52383,11665.13959,11621.25016,12817.96744,13484.46515,13705.87505
Europe & Central Asia (excluding high income),ECA,,,,,,,,,,,,,,,,,,,,,,,,,,,,,,,1494.026649,1551.337613,1615.383819,1612.430836,1382.489902,1420.765377,1457.24087,1575.975295,1657.830292,1669.562832,1830.070343,1628.554635,1671.622625,1915.42115,2522.341961,3217.929854,3820.275177,4545.036715,5281.062201,5305.000012,5764.462277,6206.961892,6798.451374,7381.621459,7398.045212,6947.233825,6306.183807,6100.148164,6091.319435,6054.311508,5856.54213,6412.969453,6886.095571,7737.615315
Europe & Central Asia,ECS,,,732.2150363,790.3797974,863.0413171,936.639254,1009.460569,1073.65755,1154.780197,1248.258259,1352.035444,1489.714258,1732.861995,2196.33024,2681.181672,3087.00808,3260.96034,3479.968789,3935.231711,4864.78122,5829.119798,5857.599161,5364.158632,4800.293545,4628.703684,4611.570839,5268.126531,6652.661144,8523.803919,9099.171238,9765.956865,10365.57781,11423.5116,11261.06962,11451.66441,11942.36461,12663.60848,12924.99452,12536.18392,12398.73056,12493.79325,12089.78285,12013.03013,13587.88013,16537.16054,19158.81602,20741.37849,22485.45529,24492.48928,24258.01968,24496.22823,24969.83336,25284.14988,25975.22717,26014.5616,24640.19121,23320.74051,22838.87882,24392.86753,25319.77714,23990.93823,26737.82246,28344.85665,29122.79387
Ecuador,ECU,,,380,350,380,430,440,460,460,490,510,500,500,590,810,1070,1260,1330,1520,1780,2060,2400,2340,2060,1850,1770,1720,1590,1470,1330,1340,1450,1570,1640,1790,1950,2060,2170,2150,1780,1500,1490,1650,2010,2410,2750,3000,3210,3770,3970,4290,4770,5320,5880,6190,5970,5750,5930,6120,6100,5410,6120,6590,6590
"Egypt, Arab Rep.",EGY,,,,,,160,170,170,170,190,220,240,260,290,300,330,340,370,380,410,480,510,540,550,620,660,720,840,810,760,730,710,720,720,780,880,970,1070,1140,1240,1330,1350,1250,1160,1120,1130,1230,1420,1710,1970,2200,2380,2630,2810,3000,3100,3200,2880,2710,2640,2960,3470,4040,3840
Euro area,EMU,,,1095.780055,1193.841609,1312.142617,1440.676145,1563.741738,1665.163699,1813.416151,1997.473651,2194.568038,2429.191345,2845.056145,3652.203957,4530.105751,5229.528113,5546.473725,5954.864198,6766.174798,8393.282715,10071.38969,9972.132012,9034.863203,8052.80117,7828.015138,7836.842687,9040.895897,11552.45568,15015.39558,16102.81631,17360.41899,18592.37779,20875.25024,20573.11692,21114.80077,22250.49581,23514.89738,23497.42652,22474.91027,22058.28377,21862.97669,20984.45559,20489.16109,23091.23846,28072.99781,32142.9941,34248.40537,36410.7877,39225.08664,39329.53327,39496.32815,39982.53543,38915.6363,39130.44263,39052.25332,37432.9567,36061.91595,35579.0889,38552.01167,40009.71634,37907.7293,42038.07217,43854.42328,44304.25161
Eritrea,ERI,,,,,,,,,,,,,,,,,,,,,,,,,,,,,,,,,,,310,300,310,330,330,320,310,320,310,310,350,410,440,450,440,520,550,650,,,,,,,,,,,,
Spain,ESP,,,520,590,660,750,860,960,1040,1140,1190,1320,1590,2090,2730,3240,3430,3640,4040,5010,6210,6310,5680,4860,4580,4550,5400,7110,9410,10700,12210,13700,15610,15010,14470,14830,15560,15810,15430,15470,15770,15530,15620,18070,22120,25890,27830,29730,32190,32520,31930,31030,29570,29240,29150,28460,27560,27120,29340,30370,27180,30110,32000,32830
Estonia,EST,,,,,,,,,,,,,,,,,,,,,,,,,,,,,,,,,,,,3020,3370,3640,3820,3840,4170,4310,4620,5730,7500,9730,11500,13430,15190,14570,14580,15830,16740,18120,18880,18540,18240,18730,21160,23060,23230,26260,27290,27620
Ethiopia,ETH,,,,80,80,90,90,100,100,100,110,120,120,140,160,170,160,170,180,200,230,230,220,220,210,200,240,290,280,260,260,250,230,220,170,150,150,150,130,130,120,120,120,110,130,160,180,210,270,330,370,380,400,450,530,580,650,710,770,820,860,930,1010,1110
European Union,EUU,,,931.3840505,1013.286478,1114.672382,1223.441962,1327.814476,1416.3336,1541.719658,1696.480035,1862.294096,2057.431624,2404.775144,3080.762878,3812.71607,4405.329226,4670.923199,5009.008335,5681.321759,7023.062726,8397.479628,8313.467441,7529.006671,6700.340315,6506.334765,6511.368702,7514.337291,9585.139637,12406.0158,13293.96282,14314.07271,15304.75993,17170.79871,16932.46599,17416.79183,18415.87981,19543.67824,19604.46601,18824.57238,18531.35252,18448.2635,17769.28514,17455.91987,19731.37814,24023.13372,27623.32681,29597.03508,31665.2039,34401.87656,34530.8929,34751.19818,35220.49126,34498.17568,34801.18348,34795.59652,33403.3165,32174.72798,31819.35476,34566.42529,36003.2164,34335.76591,38194.64734,40020.04736,40531.5433
Fragile and conflict affected situations,FCS,,,,,,,,,,,,,,,,,,,,,,,,,,,,,,,,,,,,,,,,,,,,,,,,,1641.746632,1730.634671,1866.014396,1870.639204,2089.170463,2160.993607,2210.506042,1943.019647,1767.080717,1653.868004,1712.311618,1807.76789,1704.326513,1740.557217,1792.437806,1794.400204
Finland,FIN,,,1370,1470,1620,1810,1970,2060,2090,2270,2520,2720,3170,4030,5130,6320,6840,7190,7910,9540,11450,11980,11700,10840,10790,11130,13010,16470,21540,24110,26000,25090,24170,20680,20170,22030,24970,26680,25820,26040,26480,25850,25620,28800,35380,40230,42840,46190,50160,48950,49740,50260,48990,49510,49410,47170,45540,44840,48220,49950,50030,53200,54710,53230
Fiji,FJI,,,280,280,300,290,300,330,340,340,390,430,520,710,930,1120,1230,1300,1360,1640,1850,2020,1790,1570,1650,1560,1740,1700,1710,1690,1690,1690,1890,2000,2150,2390,2600,2520,2230,2280,2150,2050,2050,2270,2820,3320,3340,3530,3730,3620,3450,3570,3910,4460,4740,4820,5010,5120,5690,5620,4680,4520,5440,5680
France,FRA,,,1530,1690,1860,2030,2200,2360,2560,2820,3020,3240,3650,4680,5790,6720,7140,7800,8820,10810,13070,13170,12030,10430,9810,9770,11310,14460,18530,19510,20640,21430,23840,23590,24380,25730,27110,26930,25830,25420,25010,23900,23160,26010,31460,35920,37920,40230,43590,44070,43960,44470,43450,43820,43350,41130,39100,38300,41130,42470,39200,43800,45180,45180
Faroe Islands,FRO,,,,,,,,,,,,,,,,,,,,,,,,,,,,,,,,,,,,,,,,,,,,,,,,,,,49050,53420,56500,59530,60430,57670,57410,57920,62900,66010,64200,70020,72330,72150
"Micronesia, Fed. Sts.",FSM,,,,,,,,,,,,,410,610,790,820,790,760,810,880,900,1020,990,990,960,1140,1380,1470,1610,1590,1700,1830,1900,2060,2070,2150,2090,1880,1890,1980,2120,2160,2160,2260,2330,2430,2440,2450,2460,2690,2780,2950,3060,3120,3120,3500,3420,3430,3380,4050,3980,4020,4130,4250
Gabon,GAB,,,330,400,330,360,410,430,460,520,570,610,680,890,1670,2800,4340,3900,3000,3420,4460,5120,4680,4120,4160,3730,3710,3310,4010,4420,4650,4990,4940,4280,3990,3770,3960,4130,3810,3160,2980,3290,3460,3700,4110,5240,5450,6240,6920,7170,7420,7680,8610,8870,8880,7610,6770,6230,6540,6870,6730,6520,7480,7930
United Kingdom,GBR,,,1710,1820,1960,2080,2200,2330,2400,2420,2480,2760,3210,3910,4370,4890,5030,5240,5950,7590,9560,10670,10670,9870,9280,9170,10260,12720,16180,17400,18590,19410,21510,21390,21920,21120,22850,25570,26970,28120,29420,29110,29190,32260,37820,42710,44850,47390,48380,44080,41760,41100,41800,42790,44580,44380,42960,41660,42020,43240,38770,45510,48520,47700
Georgia,GEO,,,,,,,,,,,,,,,,,,,,,,,,,,,,,,,1640,1330,750,540,510,550,670,820,870,840,790,780,840,990,1210,1520,1910,2380,2820,2950,3220,3580,4250,4680,4850,4500,4180,4130,4580,4780,4330,4760,5690,6710
Ghana,GHA,,,190,190,210,230,240,240,220,220,240,260,250,290,330,310,280,290,330,350,390,380,330,290,320,330,370,400,420,380,380,400,420,400,370,360,370,380,380,390,330,290,270,310,370,450,570,770,1120,1160,1200,1350,1490,1790,1830,1880,1760,1830,2060,2170,2250,2310,2400,2360
Gibraltar,GIB,,,,,,,,,,,,,,,,,,,,,,,,,,,,,,,,,,,,,,,,,,,,,,,,,,,,,,,,,,,,,,,,
Guinea,GIN,,,,,,,,,,,,,840,1010,1230,1370,1420,1360,1530,1690,1910,1920,1930,2040,2460,3110,1140,730,590,580,600,610,660,700,700,710,730,720,670,640,580,530,500,500,550,530,500,530,610,660,680,670,680,680,730,740,760,800,860,970,1030,1120,1280,1350
"Gambia, The",GMB,,,,,,,,,100,90,100,100,110,130,160,200,210,210,240,280,340,340,300,270,250,260,270,290,270,270,280,360,470,630,620,620,630,620,600,580,560,510,410,360,430,480,600,650,750,820,830,710,710,680,600,590,590,620,680,720,720,760,830,870
Guinea-Bissau,GNB,,,,,,,,,,,,,400,430,480,500,460,400,430,440,370,460,480,470,460,440,390,450,480,540,590,650,630,590,570,590,630,630,460,500,410,350,330,360,410,470,470,480,540,590,620,660,630,660,660,670,670,710,750,850,840,890,920,940
Equatorial Guinea,GNQ,,,,,,,,,,,,,,,,,,,,,,,110,110,120,140,150,190,220,200,230,230,330,320,230,220,310,760,610,710,660,760,1050,960,1370,3080,6420,9200,11310,9950,7920,9170,11060,11220,10610,8720,6660,5260,5450,5130,4790,4820,4570,4840
Greece,GRC,,,650,740,820,920,1020,1110,1230,1380,1540,1720,2000,2490,2850,3480,3750,3940,4600,5650,6500,6370,5910,5280,5140,5010,5360,6130,7590,8310,8970,9850,11200,11140,11610,12410,13380,14070,13790,13380,13350,13080,13220,15750,19650,22850,24620,26390,28770,29490,27390,24450,23190,22420,22000,20170,18620,17960,19100,19690,17870,20000,21970,22590
Grenada,GRD,,,,,,,,,,,,,,,,,,,,1060,1220,1260,1290,1290,1380,1560,1850,2240,2490,2620,2730,2910,3010,2990,3100,3200,3380,3530,3840,4140,4410,4310,4450,5050,5110,6340,6120,6500,6910,6390,6610,6730,6700,7040,7170,7410,8000,8400,9220,9400,8390,8890,10030,10470
Greenland,GRL,,,,,,,,,,,,,1890,2440,3130,3800,4330,5140,6160,7550,9270,9100,8020,7270,6740,7060,8540,11470,15170,16970,15690,16510,17440,16600,17830,19470,20780,20540,20440,19740,20290,19390,18760,20440,25730,30920,30240,34800,,,,,,,,,,,,,,,,
Guatemala,GTM,,,260,280,290,290,300,300,320,330,350,370,390,450,540,610,690,800,920,1080,1200,1240,1170,1120,1140,1170,1080,1020,990,980,930,970,1030,1140,1230,1350,1430,1520,1600,1640,1660,1590,1590,1660,1830,1980,2130,2340,2570,2610,2690,2850,3090,3300,3460,3610,3760,3980,4270,4490,4360,4800,5220,5480
Guam,GUM,,,,,,,,,,,,,,,,,,,,,,,,,,,,,,,,,,,,,,,,,,,,,,,,,,,,,,,,,,,,,,,,
Guyana,GUY,,,290,260,290,320,330,350,340,350,360,380,390,430,540,680,670,610,620,670,770,740,590,510,470,500,520,450,460,350,390,330,390,470,570,670,830,880,860,850,870,860,870,910,1010,1070,1450,2250,3820,4160,4520,4860,5350,5610,5640,5530,5610,5870,6100,6380,8090,7810,9780,13600
High income,HIC,,,1345.839374,1427.515248,1536.930435,1661.483804,1802.789163,1909.775816,2081.007021,2256.898533,2404.987307,2631.511025,3027.619024,3706.713503,4348.243834,4874.722534,5184.404251,5561.059735,6346.659595,7612.741647,8795.391828,9167.122092,8726.563767,8371.45557,8680.461372,9076.993927,10190.76339,12196.12598,14826.90874,15654.6982,16398.06645,17038.08469,18412.75829,18853.38881,19755.89753,21077.99793,22097.35288,22257.2228,21383.4089,21600.5867,22522.00512,22545.17255,22468.1625,24269.35157,27798.31725,30737.60648,32415.57346,33890.82033,35608.92494,35041.84246,36147.17073,37443.09486,38865.53393,39748.20851,39872.6785,38451.24172,37444.13677,37674.11999,40418.84019,42040.24371,40476.61719,44757.81365,47522.51819,48441.35158
"Hong Kong SAR, China",HKG,,,,570,630,700,710,710,740,840,930,1060,1300,1750,2150,2450,2900,3340,3930,4700,5730,6360,6290,5890,6170,6090,7230,9080,10770,11550,12660,14320,16560,19560,21820,23570,24140,26080,25110,25800,26930,26350,25270,26340,28120,28890,30290,32070,33950,32350,33620,35690,36340,38570,40240,41180,42970,46380,50050,50480,48550,54380,54000,55170
Honduras,HND,,,170,180,190,210,220,230,250,250,260,260,280,320,350,370,410,460,600,820,1080,1070,1010,990,1070,1150,1250,1400,1400,1270,1100,940,920,940,870,890,870,900,910,930,1020,1050,1070,1130,1210,1290,1360,1490,1620,1670,1730,1860,1950,1990,1980,2030,2090,2210,2280,2330,2120,2440,2700,2890
Heavily indebted poor countries (HIPC),HPC,,,,150.9367518,152.0103857,160.2858372,166.7229285,171.9247213,177.6110372,183.5893844,176.6205593,185.3635036,195.2923644,227.0307179,274.5742568,310.1584847,315.4064684,329.2845204,368.5979973,424.2169219,475.8368094,486.3388302,456.5547269,415.4393143,403.5400946,406.3461017,393.1605035,415.9116453,433.7052203,419.7960556,412.9609733,423.8844926,380.1997717,358.8067056,316.6127157,322.7355278,323.8064529,339.4148645,335.9536438,335.2131962,333.8231796,331.3171477,336.9499108,363.5204946,417.5394788,472.179657,520.0343839,585.5518436,682.2559991,734.8053773,764.5027941,789.4001893,823.2096059,873.9231156,931.8764845,924.2428504,898.2995398,887.9098846,932.6886518,963.9880303,950.0966458,994.5451662,1058.615255,1111.800213
Croatia,HRV,,,,,,,,,,,,,,,,,,,,,,,,,,,,,,,,,,,,,,,,5250,5310,5360,5650,6700,8570,10200,11240,12510,13990,13960,13890,13980,13520,13940,13810,13580,13090,13350,14670,15800,15130,17420,19370,20590
Haiti,HTI,,,,,,,,,,,,,,,,,,,,,250,260,250,250,260,290,330,350,390,380,430,460,400,320,260,310,370,400,410,460,560,650,740,690,680,710,800,900,1010,1160,1140,1260,1320,1410,1460,1430,1380,1370,1430,1410,1340,1450,1620,1760
Hungary,HUN,,,,,,,,,,,570,620,700,870,1050,1200,1260,1390,1590,1850,2160,2300,2270,2100,2020,1950,2130,2520,2840,2900,3010,2910,3310,3660,4030,4250,4370,4400,4410,4490,4620,4790,5290,6630,8650,10380,11240,11770,13250,13410,13260,13250,13080,13520,13560,13230,13100,13180,14980,16570,16040,17740,19050,19670
IBRD only,IBD,,,153.8758337,164.403247,180.1097679,193.8148555,202.0678175,202.4465308,208.4754147,226.6661026,244.6052349,259.3927956,281.8026453,339.8193988,423.6566267,501.5483311,529.5806531,551.7927584,601.7901175,695.0379616,799.9212105,856.0088564,838.9240418,784.082304,781.848452,795.0982455,835.6708094,895.8783989,949.2923194,951.3644973,1001.733447,998.5647805,1041.796278,1068.822833,1126.992388,1222.251818,1350.864741,1444.530454,1402.983006,1378.291631,1425.828121,1436.752374,1453.887492,1578.406357,1836.134497,2143.859508,2492.326783,2960.816291,3493.974727,3755.144005,4194.372825,4676.441461,5304.628449,5727.643664,5908.291726,5726.447009,5614.148101,5738.147809,6180.531674,6513.414341,6286.177109,6962.179029,7503.996259,7910.784204
IDA & IBRD total,IBT,,,147.5327118,157.4096687,170.6561443,183.4037323,191.3118905,192.6461855,198.6819281,215.2384203,230.4667259,244.1614092,264.4838927,315.8566258,391.9753861,462.5009475,486.7681647,505.654513,551.6050252,635.9912635,730.922658,780.3662903,762.3234857,711.2066681,706.8429735,717.7361945,749.6661826,801.4438247,848.0400608,846.5957036,885.9640366,884.3477577,915.6172951,934.8394839,977.0858492,1053.199863,1154.911092,1229.16453,1192.651128,1170.893541,1209.066507,1216.87348,1230.284352,1331.603571,1543.720324,1794.348167,2072.766317,2446.113695,2873.811364,3080.880224,3421.119022,3790.949029,4277.128626,4607.211986,4754.043368,4607.941187,4507.593391,4586.502816,4920.799512,5164.116336,4972.276957,5467.586918,5863.91946,6135.64368
IDA total,IDA,,,,,,,,,,,,,,,,,,,,,,,,,,,,,,,463.1314409,473.6723775,456.238995,448.6543531,428.9870566,436.3409495,439.2019844,447.9421429,441.2843991,441.8029552,457.4952917,466.4716954,480.4212529,514.2994069,586.2272469,660.4578889,720.403603,799.4300095,912.2493595,976.3234109,1038.758388,1096.88997,1186.638848,1270.098076,1351.584571,1346.488782,1318.294596,1307.67515,1381.166883,1425.973788,1386.635629,1455.31258,1533.352904,1524.480604
IDA blend,IDB,,,,,,,,,,,,,,,,,,,,,,,,,,,,,,,,,,,,,,,,,,,,,,,,,1327.694192,1382.305312,1444.14572,1511.312661,1689.181267,1846.581791,1990.158407,1966.839942,1867.754931,1771.649047,1815.169767,1842.571492,1763.498655,1834.780323,1914.245355,1824.641375
Indonesia,IDN,,,,,,,,,,70,80,80,90,110,160,210,260,300,350,390,470,530,560,520,520,500,510,500,510,520,560,600,650,730,840,970,1070,1080,640,560,570,700,780,880,1060,1200,1350,1570,1900,2110,2490,2960,3520,3670,3570,3390,3370,3490,3810,4020,3850,4130,4520,4810
IDA only,IDX,,,,,,,,,,,,,,193.8255792,238.132952,277.7397523,283.7730423,285.2705522,307.6417895,350.6432704,400.7574787,414.700975,393.0520916,362.3952682,351.1787517,357.6550711,347.5012557,362.2690669,377.1384958,363.9577639,367.0366603,380.6922239,357.5271793,349.5149252,330.0636847,333.8725803,330.9550749,340.705559,339.9863082,341.6598987,349.9478703,352.065669,358.043389,386.008971,438.2948917,492.5955997,538.9616474,604.8504096,701.6459509,770.0586076,832.3006836,885.4395179,929.9537813,975.3479181,1025.206532,1029.954676,1038.79987,1072.421683,1161.800532,1216.183131,1197.507624,1265.386896,1343.216486,1375.585717
Isle of Man,IMN,,,,,,,,,,,,,,,,,,,,,,,,,,,6120,7930,10360,11430,12410,13120,14420,13920,13740,14170,15490,17210,18970,21680,22470,23100,24130,27590,33670,39430,44860,47950,43640,46790,72410,74840,82400,87680,88570,83630,78690,77890,83430,84470,79280,76440,,
India,IND,,,90,100,110,110,110,110,100,110,120,120,130,150,170,190,180,190,210,230,270,300,290,290,290,300,320,360,400,390,390,350,350,330,340,370,400,410,410,440,440,450,460,510,610,700,780,910,990,1110,1210,1350,1460,1500,1540,1580,1670,1790,1970,2070,1900,2170,2380,2540
Not classified,INX,,,,,,,,,,,,,,,,,,,,,,,,,,,,,,,,,,,,,,,,,,,,,,,,,,,,,,,,,,,,,,,,
Ireland,IRL,,,860,930,1010,1090,1170,1280,1380,1450,1520,1720,2070,2540,2990,3390,3280,3580,4120,5120,6380,6780,6390,5720,5610,5630,6370,8220,10420,11100,12560,13130,14440,14600,15480,16920,18880,20650,21430,22690,24130,24080,24920,29980,37840,44640,47950,50540,50940,46810,44980,42260,40670,43430,46480,50220,51810,53660,59520,63590,66310,76130,78890,78970
"Iran, Islamic Rep.",IRN,,,210,210,220,250,270,280,320,350,380,430,530,700,1040,1430,1940,2010,1960,2160,2080,2270,2840,3100,2980,3280,3450,3320,2850,2440,2450,2460,2270,1590,1300,1270,1600,1790,1770,1730,1750,1780,1880,2180,2450,2850,3330,4070,4720,5260,5910,6680,7310,7220,6660,5460,5460,5470,5250,4530,3740,3880,4110,4650
Iraq,IRQ,,,300,300,340,370,380,350,420,430,440,460,610,690,950,1480,1910,2130,2610,3250,3930,3430,3020,2340,2520,2740,3030,3480,3660,3650,7000,70,50,40,60,120,380,730,890,1240,1530,1660,1330,790,1310,1510,1880,2480,3470,4010,4390,4740,5980,6620,6440,5460,5060,4430,4820,5520,4720,4740,5490,5640
Iceland,ISL,,,1550,1760,2070,2470,3010,3150,2820,2510,2550,2990,3680,4880,6580,7370,7840,8870,10690,12970,15190,15990,14860,12380,11710,11740,14020,18800,23100,23820,24410,24860,26080,25680,25250,25080,26790,28130,29070,30270,31730,30770,30750,33410,41650,51040,54890,63100,52430,43610,38020,39370,42510,49180,50210,52790,58720,62450,72600,75160,65820,67030,73720,80400
Israel,ISR,,,1540,1550,1520,1680,1710,1720,2010,2220,2370,2530,2900,3330,4460,5100,4980,4840,5060,5890,6380,7060,6930,6930,6850,6830,7440,8910,10930,11470,12730,13520,15110,15510,16450,17870,19270,19760,19510,19160,19990,19920,19130,19310,20670,22190,23040,24720,26910,28000,30340,32390,33090,35090,36660,36550,36830,38190,41550,43800,43130,49380,55120,54650
Italy,ITA,,,1000,1110,1210,1330,1470,1610,1770,1930,2110,2280,2620,3250,3930,4320,4510,4730,5270,6740,8430,8710,8220,7630,7760,8030,9380,12160,15950,17300,18660,20370,22960,21590,20860,20670,21850,22310,22230,22000,21920,21190,20760,23400,28360,32470,34250,35920,37980,37970,37910,37930,36170,35550,34920,33030,31960,31370,33850,34890,32430,36410,38330,37920
Jamaica,JAM,,,,,,,,,620,640,720,760,980,1020,1190,1380,1380,1460,1420,1330,1230,1310,1370,1410,1150,940,970,1190,1510,1720,1800,1760,1630,1860,1900,2330,2560,2800,2940,3170,3300,3300,3320,3500,3730,3870,4170,4400,4660,4420,4490,4700,5100,5150,5060,4850,4750,4930,5210,5480,4880,5180,5730,6200
Jordan,JOR,,,,,,,,,,,,,,,,,,,1250,1650,1930,2170,2090,1840,1810,1740,1940,2160,2200,1580,1260,1040,1200,1230,1290,1370,1380,1390,1410,1460,1590,1650,1680,1800,2050,2240,2340,2500,2910,3270,3510,3710,3970,4080,3980,3840,3810,3920,4090,4190,4070,4240,4370,4420
Japan,JPN,,,650,740,860,960,1110,1290,1530,1790,1940,2190,2760,3660,4490,5230,5480,6020,7550,9570,11000,11300,10690,10360,10640,11690,14080,18370,25200,27480,28390,29070,31030,34090,37630,42840,43940,40760,35010,34320,36810,37380,35360,35660,39000,41280,40590,39310,39380,39230,43910,47470,50060,48850,44440,39380,38460,38930,41800,41970,40940,43670,42550,39350
Kazakhstan,KAZ,,,,,,,,,,,,,,,,,,,,,,,,,,,,,,,,,,1350,1240,1210,1270,1330,1340,1250,1220,1290,1450,1720,2180,2780,3670,4740,5870,6580,7210,8030,9640,11490,11720,11040,8500,7780,7790,8500,8380,8540,9420,10730
Kenya,KEN,,,100,110,110,110,120,120,130,140,130,160,190,200,230,250,250,280,330,400,460,460,410,350,320,320,350,390,420,410,390,360,340,280,270,280,350,400,450,450,430,410,390,420,460,520,590,710,830,830,930,1010,1060,1130,1250,1320,1490,1540,1720,1880,1910,2070,2170,2110
Kyrgyz Republic,KGZ,,,,,,,,,,,,,,,,,,,,,,,,,,,,,,,,,510,450,370,360,390,390,360,300,280,280,290,340,400,450,500,610,760,860,850,870,1030,1180,1230,1160,1090,1090,1200,1240,1210,1270,1540,1760
Cambodia,KHM,,,,,,,,,,,,,,,,,,100,120,120,120,120,120,120,130,140,150,160,190,170,170,170,210,290,210,260,320,310,280,290,290,310,320,370,430,510,580,670,780,840,910,990,1110,1230,1330,1430,1550,1690,1920,2100,2050,2120,2270,2390
Kiribati,KIR,,,,,,,,,,,,,,,,,,,690,690,620,590,640,590,470,410,400,480,600,590,610,830,1020,1080,1180,1290,1200,1440,1540,1340,1370,1340,1220,1200,1430,1620,1670,1790,1860,1850,2030,2110,2630,3040,3260,3490,2990,3130,3280,3610,3090,3170,3340,3740
St. Kitts and Nevis,KNA,,,,,,,,,,,,,,,,,,,,1390,1680,1860,1950,2020,2240,2510,3060,3660,4350,4610,5200,5260,5710,6180,6680,7260,7620,7980,7690,8100,8890,9200,9190,9190,10390,11750,12650,13350,15980,15840,15970,16760,17010,18460,18850,18670,19640,20420,21930,23660,19330,18990,21090,21520
"Korea, Rep.",KOR,,,120,120,130,130,140,150,190,240,280,310,340,430,550,660,810,970,1280,1680,1870,2030,2050,2170,2340,2480,2850,3530,4520,5380,6450,7570,8310,9010,10090,11820,13320,13550,10330,10430,11030,11950,12850,13790,16200,18520,20800,23440,23860,22040,22280,23580,25650,26970,28160,28720,29330,30290,32740,33830,33040,35180,36160,35490
Kuwait,KWT,,,,,,,,,,,,,3380,4010,5930,9130,13380,12500,13960,17570,17940,19470,17240,15880,15090,13500,15770,14700,13830,16600,16460,12450,16200,18590,18550,19590,19620,20550,19540,17330,18810,19550,19640,23150,29080,35740,42460,47510,51800,45410,43190,44290,49860,53330,51350,41830,34920,30650,32340,35680,33160,36140,39000,41320
Latin America & Caribbean (excluding high income),LAC,,,360.6597182,369.1091372,400.9698518,424.1536411,450.3410304,465.2666274,499.5033055,533.1659569,564.4443023,619.1301308,681.9913288,828.6094573,1061.117591,1253.08203,1332.541001,1366.424323,1508.685001,1771.382855,2051.647947,2183.126973,2077.349811,1821.622913,1771.787249,1709.435922,1774.730581,1906.544958,2049.464117,2131.950181,2233.143554,2425.737033,2674.496314,2911.722096,3307.753933,3572.447401,3972.514989,4295.529565,4301.266285,4064.736075,4104.762268,3960.889756,3734.765027,3749.011939,4026.951575,4483.050553,5143.517727,5979.774892,6864.762413,6984.18027,7747.367247,8598.928831,9496.505377,9949.353175,9776.761754,8935.921017,8181.49869,8053.719348,8341.174764,8411.717232,7351.758849,7787.049424,8381.091486,9116.002492
Lao PDR,LAO,,,,,,,,,,,,,,,,,,,,,,,,,,,550,430,250,210,190,210,240,270,310,350,380,370,300,280,280,300,310,330,380,450,500,600,740,880,990,1130,1350,1590,1810,1960,2110,2240,2460,2520,2470,2500,2300,2110
Lebanon,LBN,,,,,,,,,,,,,,,,,,,,,,,,,,,,,,,1020,1350,1580,1880,2280,2820,3330,3560,3750,3950,4090,4040,3940,3670,4700,4910,4870,5320,5860,6620,7340,7720,8000,7880,7440,7360,7670,8260,8700,8630,6350,4770,4170,
Liberia,LBR,,,160,160,180,190,200,210,220,230,250,260,280,290,340,370,410,440,470,530,530,520,460,450,410,410,390,380,410,430,250,250,150,100,80,80,100,160,180,170,190,210,250,180,210,240,270,310,370,410,440,500,540,610,620,620,610,620,620,600,570,630,680,710
Libya,LBY,,,350,470,590,820,1010,1200,1610,1930,2010,2010,2580,3160,5150,6180,7510,7180,7340,8800,10360,9480,9480,8650,7650,8120,6740,6230,6570,6700,6460,7260,7320,6800,6610,6050,5900,5810,5500,4990,5930,6130,5190,5160,5150,6760,8540,10500,12020,11140,11550,6080,13310,11960,9130,8370,7670,9760,11000,10100,7010,6930,5960,5940
St. Lucia,LCA,,,,,,,,,,,,,,,,,,,,,,,1510,1480,1630,1890,2450,2780,3290,3550,3740,3870,4410,4410,4480,4610,4800,4710,4870,5100,5500,5270,5280,5650,6300,6550,7210,7500,8150,8130,8240,8890,9000,9030,9050,9030,9710,10260,11060,11100,8560,9790,11770,12350
Latin America & Caribbean,LCN,,,403.5935848,417.4929125,445.3170975,465.0081739,490.2095982,504.7511131,539.5598651,574.1897129,610.9737118,669.709435,735.7968814,889.782088,1130.369486,1309.665242,1389.514468,1429.298487,1582.610431,1861.575012,2162.648341,2328.961479,2207.534207,1942.263219,1885.436533,1825.833029,1895.246793,2017.911598,2161.213287,2207.361832,2307.927676,2495.650849,2754.093947,2982.802972,3350.909005,3632.25397,4022.131162,4354.335136,4359.996767,4154.658049,4223.30019,4108.840229,3864.57998,3860.687103,4180.78088,4675.375741,5372.824182,6257.268487,7199.416323,7357.66902,8153.417244,8981.321847,9919.600296,10343.82314,10237.44722,9267.370583,8528.406384,8419.909544,8761.37108,8869.656983,7772.486891,8276.693287,8909.340349,9651.446334
Least developed countries: UN classification,LDC,,,,,,,,,,,,,,183.0973526,223.6425235,260.4149565,263.2505558,261.2923536,278.064162,319.1400179,363.6838286,374.1150613,353.9567155,325.0708962,312.4420665,314.5048179,303.4184494,318.4304563,333.0541253,340.7773666,344.8932279,362.8437654,313.9010248,304.4804448,284.989401,291.6140243,288.9099263,296.7477519,291.7514043,292.3311863,302.5068466,307.3768954,317.766227,342.7187621,394.3286388,449.3610297,498.9881216,569.7770384,660.8117074,722.7894392,774.2343143,820.9247404,886.0130882,952.2880491,994.1674982,974.5841038,949.3352775,967.4124533,1046.028983,1103.920598,1083.92913,1143.020136,1228.913114,1268.362869
Low income,LIC,,,,,,,,,,144.8327392,151.1552514,162.4355637,174.9502845,200.2650954,247.6094688,289.1310469,298.277858,310.8320828,340.6346153,387.8474729,443.9789966,449.6335684,423.1105397,387.6168369,353.0866459,342.2994596,353.560791,375.0002626,401.3736758,390.2184054,395.4753141,427.822376,356.8446846,338.6575925,310.432676,295.6213582,268.1700602,264.7210687,255.0966313,250.5852398,257.850497,266.8066675,280.5939818,304.2874605,350.1152066,397.8589155,445.4858061,510.3600395,588.8814495,643.2033122,678.7782285,691.9906726,673.7125334,676.0242167,696.3517021,677.4752186,651.5741308,633.8319055,640.2344569,663.1629439,645.7839751,669.4985344,711.6560664,754.7037812
Liechtenstein,LIE,,,,,,,,,,,,,5130,6430,8050,9980,11130,12370,14730,18430,22930,23110,20540,19020,19330,20030,23130,31480,41760,43830,45550,47500,54210,56490,61900,70290,79390,81680,79220,79990,80170,68970,65420,68640,78690,92620,103870,112050,121890,116380,,,,,,,,,,,,,,
Sri Lanka,LKA,,,,140,130,130,150,170,170,170,170,170,190,210,250,280,260,260,240,270,280,310,320,320,340,380,420,450,480,470,490,530,580,630,670,720,760,810,810,830,850,800,810,910,1030,1170,1320,1500,1740,1950,2360,2830,3340,3630,3810,3920,4020,4230,4360,4220,3880,4020,3620,3540
Lower middle income,LMC,,,,,,134.9652121,133.5902279,136.3588731,136.4645688,145.9344378,150.3210059,156.1345382,163.3936462,186.3424487,218.2969615,249.2995182,249.1376009,255.6135563,282.7091813,316.7998575,374.5875481,404.137618,394.3858987,376.6867966,372.5803204,380.3468023,395.62739,434.8414571,471.7363185,465.7694068,456.0651727,436.2195081,439.0235151,430.6976039,447.5519021,481.5869557,524.6133276,542.8764092,544.4660002,561.6071828,571.9879594,580.1519955,582.4428164,630.7556186,723.5939075,818.6842994,901.6351313,1027.080279,1151.420578,1263.002362,1370.571149,1495.514782,1649.199533,1749.504535,1835.726179,1856.907753,1885.750766,1935.282896,2079.153496,2163.859952,2047.826537,2247.766732,2442.500299,2511.427121
Low & middle income,LMY,,,126.5726176,134.9389167,146.9469313,158.7421794,165.6372584,166.5784657,171.4828236,186.0164105,198.7639537,209.9359543,227.1241278,271.0561703,335.7414126,398.3988411,418.6264483,434.206895,472.4471874,542.9778204,621.6623302,660.1832084,646.3327791,604.50667,602.5779388,612.8332987,639.728423,684.5168109,724.2073162,726.6463568,760.5203238,757.5875152,800.7276933,823.6145863,875.7182388,947.7414392,1048.965509,1119.342061,1097.703805,1087.743817,1125.5757,1130.890251,1138.317586,1227.489215,1411.58168,1625.129723,1858.030406,2172.377741,2528.857019,2746.530943,3075.162125,3429.294672,3864.810258,4168.775873,4326.33817,4272.987329,4230.194514,4324.113268,4625.948215,4840.449333,4666.722093,5131.815569,5498.614092,5735.775289
Lesotho,LSO,,,,,,,80,90,80,80,90,90,100,140,210,220,260,300,320,380,420,490,570,510,460,380,360,390,460,490,510,550,620,630,660,670,690,690,620,610,590,650,600,680,820,1040,1160,1320,1310,1190,1270,1350,1490,1440,1330,1280,1240,1160,1250,1310,1170,1190,1270,1250
Late-demographic dividend,LTE,,,135.8564283,146.0106387,161.3047569,176.0801534,188.1906298,186.031957,190.3962736,210.8068584,234.1177377,249.9541966,274.16913,331.7334081,404.0044698,471.5547252,498.9798648,534.4698308,583.8834728,682.3732869,767.321656,796.9808508,769.0879319,714.4113548,729.0404061,742.6099963,799.2661875,872.9351952,952.3680662,1009.975837,1035.315346,1077.338999,1090.770472,1109.895906,1178.807175,1349.381197,1554.69707,1703.629354,1655.716963,1592.047235,1636.336005,1648.25511,1725.680298,1922.392355,2281.57612,2697.182643,3198.047107,3885.218589,4708.110926,5142.858032,5787.722575,6522.521414,7492.676624,8284.669453,8687.94511,8512.956318,8354.376158,8557.677652,9354.631715,10021.87304,9897.913334,10987.22435,11811.1152,12408.97266
Lithuania,LTU,,,,,,,,,,,,,,,,,,,,,,,,,,,,,,,,,,,,,,2600,2860,2980,3210,3450,3820,4700,5990,7580,8830,10580,12660,12440,12600,13310,14110,15390,16120,15200,14950,15330,17470,19130,19710,21910,23970,25080
Luxembourg,LUX,,,1730,1790,1980,2040,2140,2200,2380,2720,3050,3350,4050,5200,6850,7890,8470,9030,10600,12870,15390,15400,14850,13410,12990,13050,15520,19980,25870,28540,31330,35170,38990,40050,41330,45760,48560,49360,46350,46520,45690,45000,42520,46050,62680,73180,71370,85730,86000,70650,77640,79210,87950,85160,86760,73530,73730,75800,79770,79180,80980,87610,89200,83980
Latvia,LVA,,,,,,,,,,,,,,,,,,,,,,,,,,,,,,,,,,,,,,2720,2870,2990,3320,3590,3980,4750,5860,7420,9080,11350,13490,13700,12510,12890,13950,14860,15350,15090,14810,14900,16590,17580,17860,19950,22260,22630
"Macao SAR, China",MAC,,,,,,,,,,,,,,,,,,,,,,,,,4590,4500,5220,6540,7600,8270,9210,10050,12280,13800,15260,16420,16580,16670,15220,14330,14620,15910,16670,18510,23050,24430,25920,33070,32190,35520,45360,54610,60370,67800,68490,58150,59840,67080,73140,71920,43830,46810,45960,
St. Martin (French part),MAF,,,,,,,,,,,,,,,,,,,,,,,,,,,,,,,,,,,,,,,,,,,,,,,,,,,,,,,,,,,,,,,,
Morocco,MAR,,,,,,,,,240,250,260,280,310,370,460,560,600,620,670,800,1000,990,970,800,740,700,790,880,1100,1130,1180,1260,1300,1250,1380,1330,1550,1490,1540,1550,1580,1580,1550,1740,2060,2300,2490,2630,2970,3150,3190,3260,3230,3350,3330,3300,3150,3160,3380,3510,3260,3630,3690,3760
Monaco,MCO,,,,,,,,,,,,,,,,,,,,,,,,,,,,,,,,,,,,,,,,,,,,,,,,,,,,,,,,,,,,,,,,
Moldova,MDA,,,,,,,,,,,,,,,,,,,,,,,,,,,,,,,,,790,800,570,590,600,630,580,510,490,500,590,710,910,1120,1280,1440,1870,1950,2380,2730,3140,3620,3730,3290,3170,3300,3850,4490,4360,5270,5520,6200
Madagascar,MDG,,,130,130,140,140,150,160,170,170,180,180,190,210,260,300,290,300,300,380,480,490,500,460,420,380,380,350,330,290,300,260,280,280,270,270,280,290,290,270,280,290,260,320,330,320,310,360,430,450,450,460,470,490,490,460,440,450,470,490,450,480,500,510
Maldives,MDV,,,,,,,,,,,,,160,190,240,210,170,150,150,190,240,270,240,260,370,510,630,670,820,820,920,900,990,1090,1250,1530,1640,1740,1830,1950,2050,2240,2650,3470,3890,3660,4710,4570,5500,5490,6000,6710,6800,7050,7710,8210,8740,9400,10220,10750,7060,9350,10570,11070
Middle East & North Africa,MEA,,,,,,292.4273052,304.6550416,315.9414258,357.4615693,394.9172447,431.2207593,473.9730735,575.6597022,701.8576831,1025.596846,1387.146366,1845.987058,1956.084424,2105.946139,2571.884496,3006.72417,3265.927959,3233.09562,3014.259356,2891.552337,2894.757468,2912.135913,2943.341149,2883.344212,2759.768744,3006.580604,2527.948227,2614.869949,2428.647984,2388.594904,2433.471751,2601.1968,2741.308494,2722.074407,2705.167253,2896.144263,2987.634425,2943.696036,3128.351235,3585.906183,4076.809615,4655.830052,5343.410991,6201.013915,6401.355961,6875.48578,7338.641684,8245.392895,8645.4001,8608.253803,7939.244852,7534.469071,7197.529731,7500.820328,7647.554668,7053.708388,7538.758161,8329.230974,8653.198883
Mexico,MEX,,,370,400,450,490,520,560,620,650,690,740,830,1000,1220,1480,1550,1490,1600,1910,2580,3310,3040,2410,2220,2300,2090,2070,2120,2400,2820,3280,3810,4640,5540,5110,4900,4930,5340,5850,6570,7100,7490,7780,8240,8490,9140,9720,10260,9230,9470,9760,10500,10710,10950,10580,9740,9270,9560,9860,8920,9880,10720,11980
Marshall Islands,MHL,,,,,,,,,,,,,520,710,850,860,860,900,990,1110,1120,1240,1270,1410,1470,1390,1800,2060,2270,2170,2210,2240,2500,2690,2890,3210,2790,2630,2690,2810,2940,3100,3100,3200,3400,3610,3540,3730,3630,3730,3820,3860,3860,4350,4560,4980,5060,5310,6040,6770,6610,6660,7500,7860
Middle income,MIC,,,127.951454,136.3977168,149.522107,161.8150671,169.1684963,169.986399,175.0566106,190.0617637,203.2892076,214.5748462,232.1976883,277.5904968,343.8981104,408.3809035,429.4780786,445.4495022,484.6526835,557.3318674,638.128949,678.8266976,665.574459,623.0854029,623.1195244,634.8627438,663.0859623,709.8665914,750.9318291,754.4277002,790.5539388,785.7788576,836.5551075,863.0441337,921.869993,1001.364042,1113.635328,1190.880697,1169.10805,1159.629046,1200.99983,1207.012666,1215.162666,1311.566005,1509.736226,1740.395492,1992.930281,2333.762473,2720.266241,2957.438639,3319.014224,3711.768526,4198.362052,4538.311768,4715.131779,4663.15533,4624.212402,4736.748045,5079.103426,5324.102672,5141.079551,5667.996986,6084.738697,6357.810096
North Macedonia,MKD,,,,,,,,,,,,,,,,,,,,,,,,,,,,,,,,,1710,1440,1390,1780,2160,2220,2010,1910,1920,1820,1850,2120,2610,3070,3430,3730,4540,4860,5010,5140,5090,5400,5630,5550,5440,5390,6050,6520,6460,7050,7570,7900
Mali,MLI,,,,,,,,,,50,60,60,70,80,90,120,130,150,160,210,230,230,190,160,150,170,190,220,270,270,270,300,310,300,270,250,260,270,260,280,270,290,280,330,380,430,470,500,570,620,660,690,690,730,760,750,730,720,780,800,780,800,830,840
Malta,MLT,,,,,,,,,,,,,1090,1260,1560,1990,2120,2320,2660,3300,4280,4670,4550,3940,3830,3690,4000,4930,6260,6910,7600,7940,8720,8570,8600,9270,10000,10530,10250,10720,11480,11030,10770,12210,14200,15380,16330,17990,20290,20050,21390,22030,22450,23270,24530,25420,23780,26640,28990,29820,28110,32630,33310,34750
Myanmar,MMR,,,30,30,20,20,10,10,20,20,20,20,20,30,30,40,40,40,30,30,40,40,40,40,40,40,40,40,40,50,50,50,60,70,80,110,130,130,130,150,190,190,170,190,230,280,300,360,490,660,880,1040,1170,1260,1260,1230,1230,1230,1310,1380,1320,1240,1290,1230
Middle East & North Africa (excluding high income),MNA,,,,,,232.2292711,242.427516,253.5799166,284.3339449,313.9795654,334.6632755,361.5513513,442.5284578,535.2277599,734.331618,963.5392202,1195.493398,1245.033184,1330.355286,1553.137462,1748.343203,1789.54061,1914.350088,1871.660058,1848.767082,1984.227059,2065.142702,2126.299525,2030.662699,1857.590063,2080.953319,1514.01108,1477.864844,1278.297561,1235.190922,1221.105701,1333.4973,1418.211256,1450.539573,1486.69518,1572.844414,1616.951211,1574.766574,1634.407438,1844.482156,2083.729873,2361.062452,2758.954938,3239.996205,3537.713181,3854.285458,4028.559023,4513.186678,4609.952641,4472.250594,4034.201288,3933.372026,3771.831662,3758.577877,3649.096249,3286.142792,3482.548158,3782.328058,3891.16748
Montenegro,MNE,,,,,,,,,,,,,,,,,,,,,,,,,,,,,,,,,,,,,,,,1360,1510,1710,1970,2440,3100,3660,4320,5120,6470,6740,6920,7260,7000,7330,7320,7260,7090,7410,8450,9140,7900,9370,10480,11590
Mongolia,MNG,,,,,,,,,,,,,,,,,,,,,,,,1440,1320,1230,1350,1520,1700,1600,1490,1230,830,540,440,480,570,590,530,480,470,480,530,610,760,890,1110,1400,1790,1780,1990,2570,3630,4310,4180,3770,3460,3200,3650,3800,3690,3690,4210,4870
Northern Mariana Islands,MNP,,,,,,,,,,,,,,,,,,,,,,,,,,,,,,,,,,,,,,,,,,,,,,,,,,,,,,,,,,,,,,,,
Mozambique,MOZ,,,,,,,,,,,,,,,,,,,,,,,,,,,,,,,,,,230,200,190,220,250,290,330,330,330,300,330,380,420,450,480,530,570,550,570,630,690,710,670,550,480,470,500,480,490,500,540
Mauritania,MRT,,,,180,240,280,280,280,300,290,300,290,300,360,500,540,570,580,590,670,740,750,700,670,630,600,640,690,770,800,760,840,940,980,870,900,970,880,840,820,730,660,660,730,820,960,1180,1260,1430,1500,1550,1640,1800,1890,1780,1680,1540,1550,1680,1720,1720,1810,2010,2130
Mauritius,MUS,,,290,330,300,310,300,310,280,290,280,300,350,470,660,790,970,960,1030,1240,1260,1290,1200,1080,1040,1080,1260,1640,2090,2250,2460,2650,3030,3160,3280,3520,3840,3950,3830,3710,3960,4030,4010,4470,5240,5670,6050,6580,7480,7830,8150,8400,9550,10090,10460,10410,10270,10560,11910,12440,10220,10280,11010,11590
Malawi,MWI,,,,,,,,,,,,,,,,,,,,,,,270,260,250,240,230,230,240,240,270,310,290,310,230,230,250,290,290,260,230,210,250,320,440,430,440,480,530,590,650,710,650,590,530,510,490,480,490,540,560,600,610,600
Malaysia,MYS,,,250,260,280,320,340,350,360,370,390,420,470,610,790,910,970,1030,1200,1540,1900,2030,1950,1880,2010,1960,1900,1990,2170,2290,2420,2590,2900,3260,3630,4080,4540,4660,3670,3420,3490,3570,3810,4170,4720,5240,5790,6560,7420,7500,8130,8890,9980,10590,10840,10350,9800,9560,10200,10750,10110,10520,11610,11710
North America,NAC,,,3178.921424,3301.604992,3485.36428,3745.589962,4053.629814,4227.232683,4590.099208,4914.440067,5126.298329,5507.470421,6157.18271,7170.877984,7908.833916,8462.497199,8945.606384,9549.666742,10666.65588,12047.35544,13214.68509,14172.88544,13993.97467,14336.92294,15909.8697,17121.19849,18665.24081,20898.69678,23017.27114,23384.30112,23725.60854,23950.85149,25260.99122,25885.09241,26991.14548,28233.87635,29343.04495,30301.61728,30944.31132,32485.98931,34675.12077,35386.41693,35979.16667,38372.55773,42157.43032,45034.59099,46883.56169,47850.01409,48712.03833,47456.98095,48732.32973,50329.87944,52537.26096,53763.84858,55332.55281,55621.72115,55744.127,57501.09067,61507.44206,64210.62258,62499.89849,69162.7159,74942.27433,77638.60495
Namibia,NAM,,,,,,,,,,,,,,,,,,,,,,,2170,2010,1820,1440,1470,1770,1860,1990,2090,2240,2390,2270,2320,2500,2530,2520,2370,2230,2210,2060,1970,2240,2840,3480,3990,4200,4310,4260,4520,5160,5730,5900,5690,5180,4580,4430,4670,4870,4240,4140,4300,4280
New Caledonia,NCL,,,,,,,,1790,2120,2500,3300,3580,3960,4090,5260,6170,6070,6190,6560,6460,7460,7480,6820,5680,5270,5310,5960,7820,12880,14100,14290,14700,15530,15360,15810,17140,17580,17110,13920,13070,12630,,,,,,,,,,,,,,,,,,,35550,34890,35430,,
Niger,NER,,,150,150,150,160,160,160,160,140,140,150,150,150,200,220,210,230,280,340,400,380,350,280,210,210,240,260,320,310,330,350,410,380,290,260,230,230,250,240,220,220,220,240,280,330,350,380,440,480,510,520,550,570,590,560,530,520,580,610,560,600,600,620
Nigeria,NGA,,,,,,,,,,,,,,,,,,,,,,,,,,,,,,,,,,,,,,,,,,,,,,,,,1890,1960,2050,2100,2360,2600,2870,2760,2370,2020,1950,2050,2060,2110,2120,1880
Nicaragua,NIC,,,140,150,170,200,230,280,290,300,300,310,330,380,510,560,600,670,640,500,600,660,680,690,710,690,760,860,680,360,310,220,240,290,450,620,880,880,890,930,970,980,980,1020,1100,1180,1220,1310,1420,1410,1490,1600,1700,1760,1850,1910,1980,2050,1990,1930,1810,2030,2160,2350
Netherlands,NLD,,,1290,1380,1550,1800,1950,2120,2370,2630,2900,3230,3770,4970,6240,7470,8170,8910,10240,12500,14520,13710,12090,10840,10510,10120,11450,14410,18190,19130,19900,20830,23030,23540,24850,27110,29230,29380,27830,28150,28190,26820,26360,30260,36610,41970,45270,48620,51640,52220,53470,53680,51530,51960,51600,49250,46430,46200,50480,51920,50030,58150,60030,62540
Norway,NOR,,,1620,1730,1880,2080,2260,2500,2660,2890,3140,3580,4230,5320,6750,8380,9150,9960,11110,13110,15650,16410,15750,14930,15140,15710,17550,20830,23970,25080,26500,27820,30780,30210,30850,32690,35790,37910,36110,35570,36600,38280,39930,44830,54290,64050,70300,78750,87850,88130,88940,90920,99750,104830,105070,93440,81870,76230,80970,82430,78610,81770,94420,102910
Nepal,NPL,,,50,50,50,50,60,70,70,70,70,70,80,80,100,110,110,110,110,120,130,150,150,140,150,160,160,170,200,200,200,200,190,190,190,200,210,210,200,210,220,230,230,250,280,300,330,370,430,480,530,620,750,840,860,870,860,970,1120,1240,1190,1250,1380,1430
Nauru,NRU,,,,,,,,,,,,,3770,4520,5810,7090,7250,7030,7080,7440,7830,7950,7650,7120,6760,6180,5910,5780,6010,6230,6570,5870,5490,5060,5010,4700,4240,4080,3550,3300,3050,2800,2500,2650,3090,3500,3880,3030,3520,4090,5080,6960,9710,11340,12540,12160,11640,11310,12690,15790,17210,19400,22520,23980
New Zealand,NZL,,,2440,2570,2750,2640,2490,2170,2100,2250,2200,2490,3000,3990,4930,4970,4650,4550,5230,6530,7670,8240,7860,7370,7010,6950,7860,10010,12550,13570,13640,12160,12050,12360,13400,15280,16730,17170,15790,15040,14070,13800,14170,16990,21530,25450,26380,28150,28610,29690,29670,32220,36710,39950,41680,40650,39440,38810,41650,43050,41660,45520,48530,48220
OECD members,OED,,,1474.658749,1561.852924,1680.016838,1813.219492,1963.17926,2075.452567,2257.849378,2442.19023,2594.599406,2827.649638,3243.172381,3958.823846,4627.579712,5172.304887,5458.942752,5832.317217,6641.145051,7937.81168,9149.641361,9519.96254,9033.33947,8632.15036,8933.531251,9354.521998,10479.46306,12529.09995,15210.76764,16033.95027,16786.13026,17422.41478,18879.58761,19368.04534,20325.66933,21603.04566,22582.42287,22679.57558,21872.82361,22142.95497,23108.55189,23079.19739,22942.99508,24678.71408,28146.31503,30986.74295,32491.43624,33749.80372,35178.43873,34543.98904,35493.00342,36617.4357,37727.08148,38371.54415,38483.67845,37362.48892,36499.93428,36680.8186,39098.89498,40401.20373,38814.37126,42834.95812,45357.97781,46161.37208
Oman,OMN,,,100,110,110,320,170,170,250,300,350,360,400,340,790,1720,3150,3110,3040,3530,4570,6320,7170,7090,7250,7420,6550,5820,5500,5880,6110,6710,7610,7370,7270,7460,7680,8000,7460,7270,8070,8980,9210,9640,11050,12590,14850,17290,21190,22010,22510,20820,21960,22920,22060,20550,18550,16640,17260,17810,17100,17900,19610,20470
Other small states,OSS,,,,,,,,,,,,,,,,,,,,,,,,,,,,,,3400.414211,3650.907386,3840.292755,4188.234464,4243.769327,4320.022829,4631.399288,4942.637453,5105.829524,4992.825358,4953.681665,5288.507291,5284.557603,5321.000798,5956.066177,7158.709561,8486.432833,9449.684521,10578.52278,11493.58026,11039.4536,11099.235,11600.54762,12354.10185,12835.62899,12757.72233,12376.23106,12039.59817,12280.21405,13506.4658,14322.7827,13163.5742,14186.60449,15292.24377,15954.20622
Pakistan,PAK,,,90,100,100,110,120,130,140,150,170,170,170,150,140,150,180,200,230,260,300,330,340,330,320,320,330,350,370,370,370,370,400,400,400,430,440,430,410,410,470,530,600,640,740,830,890,940,1000,1020,1000,1020,1110,1210,1250,1280,1360,1450,1560,1520,1370,1420,1510,1460
Panama,PAN,,,500,530,550,590,630,670,710,770,820,900,960,1100,1230,1380,1360,1570,1810,2040,2280,2500,2660,2570,2590,2860,2930,3290,2770,2570,2660,2750,3030,3260,3430,3430,3280,3380,3510,3620,3810,3770,3890,4030,4490,4880,5270,5990,6770,7120,7500,8860,9870,10950,11520,12570,13180,14230,14910,15640,13070,14920,16970,17870
Peru,PER,,,290,300,330,380,450,480,470,470,500,560,630,740,930,1090,1080,1030,880,910,1030,1180,1140,930,890,820,920,1240,1010,910,840,1220,1420,1550,1760,1950,2150,2270,2150,2030,1960,1890,1940,2060,2270,2520,2790,3190,3770,3950,4400,4960,5780,6410,6520,6340,6130,6090,6500,6850,6080,6550,6920,7090
Philippines,PHL,,,230,210,180,200,210,220,240,260,240,240,240,290,350,420,470,500,560,660,780,840,830,760,650,580,610,680,740,790,820,820,870,920,1040,1150,1310,1380,1300,1230,1150,1140,1110,1150,1260,1350,1470,1680,1970,2130,2310,2450,2780,3060,3220,3280,3350,3440,3610,3760,3350,3570,4010,4320
Palau,PLW,,,,,,,,,,,,,1260,1420,1610,1780,1840,1980,2200,2520,2860,3020,3020,3090,3420,3850,4470,5270,6040,6490,7020,7580,7380,6560,7120,8010,8770,8780,8690,8250,6860,7480,7730,7740,8370,9050,9440,9990,10000,10030,10180,10930,11300,11710,12660,14030,14520,15180,15940,16220,15440,13830,14050,14110
Papua New Guinea,PNG,,,130,130,140,150,170,180,200,220,250,270,300,390,490,550,520,530,640,730,810,820,750,710,700,710,750,810,940,950,880,920,970,1120,1160,1060,1030,930,770,670,600,530,490,480,540,650,780,1040,1360,1460,1660,1730,2150,2340,2790,2520,2410,2310,2310,2420,2410,2370,2690,2820
Poland,POL,,,,,,,,,,,,,,,,,,,,,,,,,,,,,,,,,2080,2480,2750,3300,3880,4270,4390,4460,4690,4720,4890,5510,6290,7340,8450,9940,11980,12520,12730,12900,13170,13290,13540,13320,12740,12780,14310,15510,15480,17470,19110,19900
Pre-demographic dividend,PRE,,,,,,,,,,,,,,,,,,,,,,,,,,,,,,,,,,,,,,,,,,,,,,,,,1167.873839,1238.803603,1297.103197,1344.092331,1501.830491,1631.190721,1726.996679,1613.70652,1439.0549,1295.757294,1321.682858,1398.773572,1340.355446,1377.890387,1455.00687,1441.897396
Puerto Rico,PRI,,,820,900,960,1060,1160,1240,1370,1560,1750,1910,2100,2380,2590,2660,2650,2740,2980,3390,3720,3890,3770,3670,3970,4280,4750,5350,5860,6050,5950,6300,6760,7100,7370,7820,8130,8510,8690,9590,10550,10950,11250,12170,14260,14750,15030,15860,16360,16580,16920,17670,18680,19170,19280,19420,19710,20000,21010,22040,21200,22580,24760,25240
"Korea, Dem. People's Rep.",PRK,,,,,,,,,,,,,,,,,,,,,,,,,,,,,,,,,,,,,,,,,,,,,,,,,,,,,,,,,,,,,,,,
Portugal,PRT,,,430,460,500,550,600,670,770,840,960,1080,1270,1700,2070,2210,2330,2430,2530,2870,3350,3420,3230,2830,2520,2530,3080,4160,5630,6320,7130,8180,9860,10100,10450,11210,12100,12370,12190,12260,12180,11850,11780,13290,16190,18600,19410,20860,22640,22990,23010,22760,21160,21380,21200,20460,19930,20050,22050,23180,21830,23930,25820,26150
Paraguay,PRY,,,170,180,190,210,210,230,230,240,250,270,300,370,490,590,650,730,870,1120,1500,1810,1720,1610,1450,1190,1070,1050,1150,1190,1240,1320,1490,1690,1620,1750,1920,1920,1800,1670,1500,1470,1400,1300,1440,1620,1980,2500,3320,3740,4410,4840,5180,5970,6290,6100,5880,5810,6060,5950,5550,5750,5920,6220
West Bank and Gaza,PSE,,,,,,,,,,,,,,,,,,,,,,,,,,,,,,,,,,,,,1470,1630,1780,1800,1550,1370,1190,1370,1640,1780,1710,1790,2040,2250,2510,2880,3210,3470,3560,3670,3900,3930,4190,4200,3700,4270,4720,4180
Pacific island small states,PSS,,,,,,,,,,,,,449.2834036,597.603881,756.437501,883.3427411,942.9673962,972.6514264,1021.741792,1210.768697,1324.025736,1419.499172,1288.507499,1176.785664,1200.641721,1161.069186,1271.494106,1281.275555,1347.447412,1362.983527,1399.451771,1412.35741,1544.884234,1615.148215,1716.210469,1904.620987,2051.151305,2012.973441,1881.245466,1872.291875,1777.632199,1724.080437,1689.932752,1823.693861,2153.991853,2480.6036,2554.78399,2691.460808,2877.974933,2882.18663,2893.586134,3031.206866,3253.531113,3605.860929,3732.522882,3764.588429,3805.028422,3859.869852,4153.676684,4280.173909,3844.789076,3777.461099,4138.71599,4292.726926
Post-demographic dividend,PST,,,1545.438991,1639.397313,1766.16913,1910.298721,2072.423125,2195.833974,2392.843376,2595.257783,2763.347203,3019.849106,3474.731407,4255.016917,4973.044471,5565.641217,5887.333671,6315.847023,7215.666947,8637.634775,9957.079296,10334.82041,9854.170012,9484.051535,9874.827032,10371.08838,11689.50766,14044.02699,17131.99327,18084.90916,18913.98815,19616.66708,21253.60867,21758.71739,22845.45798,24380.98175,25546.78802,25678.29017,24709.14557,25028.50362,26083.48699,26095.4406,25942.0511,27977.38107,31969.66842,35206.45018,36869.18679,38210.89569,39789.86574,39180.99241,40319.99648,41652.29688,42887.78767,43631.56783,43761.3831,42532.18152,41737.67651,42138.60339,45083.1164,46748.21554,45043.49082,49779.93429,52805.27391,53793.75849
French Polynesia,PYF,,,,,,,,2040,2450,2360,2330,2560,2580,3240,4480,4990,5480,5790,6640,7830,8860,8870,8060,7350,7310,7430,9740,12330,14340,14790,15190,16110,21490,21190,21230,22180,22970,21960,20520,19810,19380,,,,,,,,,,,,,,,,,,,,,,,
Qatar,QAT,,,,,,,,,,,,,2780,3620,6390,9820,14240,12620,15150,18600,25440,29520,27630,23190,21080,19160,18380,16780,16470,16690,17040,16270,17900,16400,15860,16060,17000,21470,19860,19050,19620,23090,25590,28090,35220,40110,53410,58500,66030,63010,73040,83890,92920,96800,92440,80370,69170,60920,63410,65700,57730,66970,71070,79430
Romania,ROU,,,,,,,,,,,,,,,,,,,,,,,,,,,,,,,,,1240,1190,1270,1490,1640,1590,1580,1610,1710,1760,1950,2250,2960,3880,4900,6510,8800,9220,8710,9010,9200,9390,9760,9610,9460,10030,11530,12700,12740,14220,15440,16660
Russian Federation,RUS,,,,,,,,,,,,,,,,,,,,,,,,,,,,,,,,3440,3090,2920,2650,2640,2600,2650,2130,1750,1710,1780,2100,2590,3410,4450,5810,7560,9580,9230,9980,11060,13470,15160,14590,11740,9680,9160,10180,11190,10660,11720,12810,14250
Rwanda,RWA,,,40,40,30,40,40,40,40,50,50,60,60,70,80,90,120,150,170,220,260,270,260,250,240,250,290,320,360,350,340,300,300,250,130,220,200,220,230,250,270,260,260,250,270,310,350,400,470,540,590,640,690,710,720,740,730,720,770,820,770,840,940,990
South Asia,SAS,,,87.46604136,94.55800896,104.9893559,109.6200132,105.3834539,106.5460742,103.9396694,111.492169,118.0710169,122.0722738,126.0151888,142.148564,164.5554416,187.4601411,181.3983682,184.2185586,202.9506629,221.5518004,266.0227708,292.1255896,286.214131,280.0217132,277.9524285,287.3273803,306.5421768,341.1199923,378.5385083,375.6558263,371.992966,344.6370639,346.1166749,331.6272232,345.0914772,370.0163979,400.7928583,408.3437303,409.2416221,428.8743349,440.4773731,453.4926665,465.3307266,517.4100405,603.5351692,692.6389496,764.9680199,872.2909105,950.1642471,1050.976483,1138.877328,1262.393423,1373.014333,1420.711385,1465.251329,1509.68911,1606.257268,1732.495023,1915.43434,2000.791071,1853.996844,2084.176162,2272.801495,2381.897842
Saudi Arabia,SAU,,,680,690,740,790,870,860,990,1090,1490,1890,2320,2970,5530,7830,12790,13920,14920,19080,23500,27500,24190,20100,17310,14800,13510,11990,11640,10820,11230,12160,12720,11970,11180,11020,11280,11440,10780,10250,10450,10540,10310,11140,12880,14620,16250,17870,20540,19810,21820,23950,27320,28150,28440,25840,23220,22320,25550,27720,25640,28190,31120,31860
Sudan,SDN,,,110,110,110,110,110,110,120,120,130,140,150,170,230,290,340,370,380,410,450,480,440,380,340,320,380,460,530,640,750,1030,510,360,310,390,390,400,340,330,330,370,420,510,620,750,920,1160,1350,1310,1230,1250,1120,1060,1130,1180,1140,1010,810,720,600,620,720,880
Senegal,SEN,,,,,,,,,320,300,310,300,330,360,430,530,570,560,560,680,800,800,740,580,540,540,620,800,920,920,900,910,960,910,760,720,690,700,680,670,650,640,610,710,850,980,1020,1090,1240,1330,1340,1310,1320,1350,1370,1310,1270,1270,1390,1430,1440,1530,1590,1630
Singapore,SGP,,,490,530,510,540,590,660,750,850,970,1090,1280,1600,2090,2660,2930,3020,3370,3990,4730,5380,5680,6170,6930,7100,7330,8080,9320,10320,11450,12970,15270,17710,20780,23630,25610,27730,24010,23360,23680,22130,22000,23440,26170,28830,32550,36010,37230,37320,44930,48250,51710,54470,56380,53160,53310,54920,56550,58810,55290,64970,66970,70590
Solomon Islands,SLB,,,,,,,,,,,,,,,,,,,,,,,730,690,640,590,550,570,570,560,600,620,750,800,940,1120,1230,1220,1150,1080,920,870,790,870,980,1130,1190,1260,1380,1460,1600,1690,1820,2090,2090,2010,2000,2020,2150,2210,2170,2140,2120,2100
Sierra Leone,SLE,,,,,160,160,160,150,140,150,160,170,170,190,230,250,230,220,250,320,380,370,370,310,310,250,180,180,180,210,190,180,140,160,170,190,210,200,170,160,150,170,260,420,410,440,470,510,590,640,670,690,830,1060,1140,900,880,840,830,850,840,890,920,870
El Salvador,SLV,,,,,,,,300,300,300,310,320,350,390,440,490,530,620,720,780,740,760,710,690,710,730,760,820,850,840,880,910,1020,1130,1260,1440,1560,1660,1730,1790,1890,1940,1990,2120,2280,2430,2600,2730,2910,2870,2940,3120,3280,3410,3480,3520,3600,3700,3940,4130,3800,4380,4710,4960
San Marino,SMR,,,,,,,,,,,,,,,,,,,,,,,,,,,,,,,,,,,,,,,,,,,,,,,,,,,,,,,,,,40010,41800,43770,40570,48190,53930,
Somalia,SOM,,,70,70,70,70,80,80,80,80,80,90,110,120,110,170,180,170,140,110,110,120,120,110,110,120,130,150,160,160,160,140,120,130,130,190,230,240,270,320,370,320,270,260,310,390,450,480,510,380,290,250,280,340,410,440,450,500,510,520,500,540,570,590
Serbia,SRB,,,,,,,,,,,,,,,,,,,,,,,,,,,,,,,,,,,,,,3210,3250,2800,1720,1630,1610,2510,3340,3940,4280,5000,6250,6680,6500,6380,6310,6630,6450,6210,5920,5810,6700,7380,7790,8890,9790,10760
Sub-Saharan Africa (excluding high income),SSA,,,,,,,,,,,,,,,,,,,,,,,,,,639.177112,611.2656092,655.5215735,731.6948684,752.5383856,749.0732244,779.5934962,747.3628411,734.8707386,703.7682606,727.9689552,733.6805086,744.4921657,696.4362058,675.4888646,660.313209,634.3272185,621.1883037,677.2092558,820.0696002,1012.846003,1135.589458,1248.052549,1358.995678,1395.352961,1457.237306,1543.629562,1673.209229,1752.013475,1806.307883,1703.440276,1534.757025,1444.941302,1495.529193,1562.101171,1499.106341,1563.251889,1628.842886,1619.269367
South Sudan,SSD,,,,,,,,,,,,,,,,,,,,,,,,,,,,,,,,,,,,,,,,,,,,,,,,,,,,770,800,1080,1170,1050,,,,,,,,
Sub-Saharan Africa,SSF,,,,,,,,,,,,,,,,,,,,,,,,,,639.395986,611.5442128,655.8865889,732.1644888,753.0908688,749.7094535,780.2372919,748.1506993,735.7374893,704.6571937,728.8360886,734.6204457,745.4950941,697.3813754,676.4532583,661.3103864,635.296008,622.0834494,678.141649,821.1827376,1014.133734,1137.035261,1249.34357,1360.040976,1396.247347,1458.11078,1544.542802,1674.224745,1752.995371,1807.363944,1704.629367,1536.024331,1446.248083,1496.934663,1563.569588,1500.276874,1564.360306,1630.146793,1620.725868
Small states,SST,,,,,,,,,,,,,,,,,,,,,2030.933713,2208.395043,2175.430852,2053.116717,2092.279147,2080.816525,2265.500424,2659.37409,3086.062316,3182.907403,3327.584251,3445.772385,3722.841753,3782.53479,3879.514554,4202.225841,4504.550569,4605.27405,4587.196302,4705.303804,4996.988356,4987.777904,5038.489176,5556.112014,6535.162873,7595.001871,8371.1377,9307.226094,10125.31266,9797.680337,9869.028298,10267.61524,10911.41246,11310.93727,11296.17344,11018.21306,10749.73406,10955.30978,11928.5718,12579.69437,11483.85278,12318.85132,13438.24416,14152.04716
Sao Tome and Principe,STP,,,,,,,,,,,,,550,650,780,870,750,740,680,770,860,810,820,730,670,750,750,900,980,890,820,800,780,780,820,830,840,710,590,510,480,510,520,600,690,800,910,940,1000,1070,1090,1140,1170,1330,1440,1400,1420,1440,1660,1810,2030,2220,2430,2580
Suriname,SUR,,,290,250,260,380,460,510,520,530,560,580,640,710,900,1220,1310,1530,1810,2060,2200,2530,2410,2210,2230,2260,2340,2420,2890,2170,1400,1130,1050,990,1130,1360,1660,1860,2070,1950,1950,1640,1870,2120,2710,3190,3880,4860,6090,6700,7330,7620,8220,8610,8900,8550,6670,5710,5730,5960,4460,4470,5040,5200
Slovak Republic,SVK,,,,,,,,,,,,,,,,,,,,,,,,,,,,,,,,,2360,2960,3480,4220,5020,5420,5430,5380,5530,5710,6030,6970,9050,11360,12950,14940,17270,17140,17630,17600,17830,18260,18330,17750,16830,16660,18390,19210,19250,20660,22090,22790
Slovenia,SVN,,,,,,,,,,,,,,,,,,,,,,,,,,,,,,,,,7120,6890,7610,9400,10530,11250,11010,11320,11270,10950,10910,12630,15610,18310,19820,21790,24650,24560,24580,24530,23220,23300,23630,22270,21790,22170,24650,26040,25460,28360,29580,30860
Sweden,SWE,,,2410,2600,2860,3090,3330,3610,3940,4280,4690,4990,5670,7050,8580,10160,10720,11290,12460,14790,17300,17530,15760,13550,13020,13080,15330,19360,24190,26090,27760,29110,31340,28200,27700,28090,30400,31400,31100,31310,31600,29710,29130,32690,39690,45690,49090,52180,55370,52390,54380,56450,58840,61530,61350,57910,53980,52330,55090,56230,54670,60530,62630,60480
Eswatini,SWZ,,,,,,,,,,,,,290,360,460,,,,,,,,,,,,,,,,1220,1260,1440,1450,1470,1740,1840,1870,1670,1670,1610,1640,1510,1630,2070,2950,3150,3330,3220,3180,3320,3700,4140,4180,3880,3500,3260,3250,3460,3650,3400,3570,3590,3690
Sint Maarten (Dutch part),SXM,,,,,,,,,,,,,,,,,,,,,,,,,,,,,,,,,,,,,,,,,,,,,,,,,,,,26550,26910,27400,29620,31890,35260,32950,31140,34060,29440,31430,35620,36890
Seychelles,SYC,,,290,310,330,320,360,350,350,330,350,410,480,630,770,870,910,870,1170,1760,2150,2460,2460,2340,2380,2640,2930,3440,4250,4820,5370,5550,6400,6850,6900,6910,7430,7940,7520,7630,7920,7860,7330,8000,9870,11850,13380,12890,11520,10310,10160,11150,12540,12350,13340,14750,15630,16180,17620,18700,15400,14950,15000,16940
Syrian Arab Republic,SYR,,,230,210,230,250,230,260,280,340,340,380,470,460,660,890,1010,980,1090,1180,1470,1630,1630,1610,1510,1600,1370,1170,1130,800,810,900,1010,990,890,830,810,820,860,820,890,980,1060,1150,1280,1390,1520,1670,1950,2250,2480,2600,1980,1270,1070,900,750,720,810,970,790,700,710,
Turks and Caicos Islands,TCA,,,,,,,,,,,,,,,,,,,,,,,,,,,,,,,,,,,,,,,,,,,,,,,,,,,,,,,22010,23370,24940,24860,26550,26920,19010,21460,24230,26490
Chad,TCD,,,110,110,110,120,120,130,130,140,140,130,140,160,180,220,220,230,240,220,240,230,210,190,180,210,200,210,270,270,270,290,320,240,220,200,200,210,210,190,180,180,190,210,330,460,520,620,680,810,880,860,930,940,940,850,710,620,650,670,640,630,660,670
East Asia & Pacific (IDA & IBRD countries),TEA,,,73.41600222,79.65982096,88.07712219,99.61580118,107.6443311,101.6774875,98.72367613,110.6872183,123.7773762,127.2231138,134.316697,162.173956,190.0768192,221.3049066,216.894306,230.4360372,244.5341098,270.0329678,298.6137523,316.0478661,315.6680907,311.299658,329.2164155,351.6561899,373.4634173,390.3675859,410.5110417,412.6266408,428.2994285,458.7694293,509.4547035,553.2652745,620.4872788,713.7898611,830.2964535,898.6483228,841.8888084,864.516404,920.9399445,992.2708601,1073.451735,1219.898533,1434.713023,1652.351606,1911.617562,2292.839701,2792.463617,3243.527405,3791.216299,4381.538785,5119.73306,5749.853971,6250.549308,6502.180535,6710.333592,7052.380745,7739.553921,8332.873719,8407.788179,9427.265346,10142.8896,10542.71045
Europe & Central Asia (IDA & IBRD countries),TEC,,,,,,,,,,,,,,,,,,,,,,,,,,,,,,,,2312.196641,2177.955052,2143.514189,1965.360283,2049.19407,2115.420745,2218.104338,2089.697961,1973.348683,2064.265172,1994.590437,2154.352621,2522.062033,3231.362301,4091.165276,5002.780635,6172.828547,7522.034811,7488.290152,7955.979268,8558.38723,9665.023938,10524.46862,10454.24083,9251.827181,8178.779414,7924.661531,8455.318899,8918.190768,8623.73602,9497.799254,10324.05979,11397.09554
Togo,TGO,,,110,120,130,140,160,160,170,180,170,170,190,230,300,350,350,380,440,460,560,520,420,330,310,310,340,410,530,540,540,530,550,460,430,420,420,480,440,430,420,400,410,470,530,550,560,570,640,710,740,800,790,830,850,840,800,770,830,860,860,920,970,1000
Thailand,THA,,,120,120,130,140,160,170,190,200,210,220,220,270,340,400,430,470,550,630,740,790,790,790,820,820,860,990,1200,1370,1540,1710,1930,2170,2420,2750,2960,2680,2080,1980,1980,1960,1980,2170,2520,2770,3070,3480,3900,4060,4490,4840,5400,5580,5620,5560,5550,5800,6430,7060,6900,7090,7230,7200
Tajikistan,TJK,,,,,,,,,,,,,,,,,,,,,,,,,,,,,,,,,340,290,210,210,170,160,170,170,170,160,170,210,260,370,460,570,730,790,910,1000,1130,1300,1320,1230,1090,1000,1000,1050,1030,1130,1360,1400
Turkmenistan,TKM,,,,,,,,,,,,,,,,,,,,,,,,,,,,,,,1040,900,750,800,680,610,610,550,560,620,590,630,720,940,1240,1500,1770,2160,2800,3260,3720,4300,5040,5880,6480,6300,6080,5650,5930,6450,6740,7200,7780,8250
Latin America & the Caribbean (IDA & IBRD countries),TLA,,,396.4517682,409.3322276,436.449063,455.0454632,479.239582,492.8637518,526.4101892,559.023604,594.0091915,651.1676557,715.4605953,866.399075,1108.024345,1285.093595,1367.729295,1406.437482,1557.635067,1836.016584,2140.021459,2302.883219,2180.812173,1912.108398,1847.180862,1782.737317,1848.129586,1966.585577,2102.503261,2149.050795,2256.827655,2455.907468,2723.83813,2962.917693,3333.220929,3607.69227,4001.712121,4345.794747,4354.043032,4128.094738,4185.127066,4061.176269,3806.787546,3789.92657,4094.432003,4589.483683,5294.577491,6190.924101,7148.467611,7310.467111,8123.756911,8960.943919,9909.877077,10333.01232,10219.54811,9217.159194,8452.535417,8330.71266,8663.547572,8762.291477,7668.470355,8161.792937,8782.896144,9523.398083
Timor-Leste,TLS,,,,,,,,,,,,,,,,,,,,,,,,,,,,,,,,,450,510,570,620,670,690,660,500,660,710,790,690,820,970,1360,1900,3040,2370,2870,3740,3570,3190,2700,2180,1730,1780,1790,2180,2040,2050,1820,2020
Middle East & North Africa (IDA & IBRD countries),TMN,,,,,,229.7439315,239.8330339,250.8660804,281.2909761,310.6193265,331.0816775,357.6819946,437.7924765,529.4997018,726.4727317,953.2273324,1182.699115,1231.708721,1316.117698,1536.515638,1729.632269,1770.388778,1893.862533,1851.629375,1828.981402,1962.991674,2043.04135,2103.543667,2008.930355,1837.709959,2076.302113,1510.869445,1475.065838,1276.148312,1233.395864,1219.609921,1332.184963,1416.120669,1447.240321,1483.471482,1573.049655,1619.549962,1578.752885,1637.157717,1846.606834,2086.897413,2367.98135,2769.30009,3252.966547,3551.727213,3868.996774,4041.241433,4527.682825,4622.638267,4482.457007,4038.308015,3933.747475,3770.04229,3753.665793,3642.809731,3281.360226,3473.366744,3771.245892,3887.830453
Tonga,TON,,,,,,,,,,,,,,,,,,,,,,,,660,660,690,740,830,1020,1100,1170,1280,1380,1460,1740,1980,2240,2200,2130,2050,2010,1920,1890,1870,2050,2290,2560,2720,3130,3090,3270,3660,4130,4330,4360,4220,4280,4450,4650,4940,5130,5240,5260,
South Asia (IDA & IBRD),TSA,,,87.46604136,94.55800896,104.9893559,109.6200132,105.3834539,106.5460742,103.9396694,111.492169,118.0710169,122.0722738,126.0151888,142.148564,164.5554416,187.4601411,181.3983682,184.2185586,202.9506629,221.5518004,266.0227708,292.1255896,286.214131,280.0217132,277.9524285,287.3273803,306.5421768,341.1199923,378.5385083,375.6558263,371.992966,344.6370639,346.1166749,331.6272232,345.0914772,370.0163979,400.7928583,408.3437303,409.2416221,428.8743349,440.4773731,453.4926665,465.3307266,517.4100405,603.5351692,692.6389496,764.9680199,872.2909105,950.1642471,1050.976483,1138.877328,1262.393423,1373.014333,1420.711385,1465.251329,1509.68911,1606.257268,1732.495023,1915.43434,2000.791071,1853.996844,2084.176162,2272.801495,2381.897842
Sub-Saharan Africa (IDA & IBRD countries),TSS,,,,,,,,,,,,,,,,,,,,,,,,,,639.395986,611.5442128,655.8865889,732.1644888,753.0908688,749.7094535,780.2372919,748.1506993,735.7374893,704.6571937,728.8360886,734.6204457,745.4950941,697.3813754,676.4532583,661.3103864,635.296008,622.0834494,678.141649,821.1827376,1014.133734,1137.035261,1249.34357,1360.040976,1396.247347,1458.11078,1544.542802,1674.224745,1752.995371,1807.363944,1704.629367,1536.024331,1446.248083,1496.934663,1563.569588,1500.276874,1564.360306,1630.146793,1620.725868
Trinidad and Tobago,TTO,,,640,740,800,800,740,750,760,770,790,830,960,1150,1440,2080,2430,2700,3240,3800,4970,5880,6540,6000,5940,5810,5000,4200,3840,3540,3610,3790,4290,3960,3760,3850,4090,4340,4450,4700,5180,5830,6480,7740,9300,11200,13320,15060,17420,16330,16590,15060,18090,20260,20800,20740,17960,17050,17090,17540,15180,16370,17930,21000
Tunisia,TUN,,,,190,200,210,220,220,240,260,270,310,390,450,590,740,790,820,900,1090,1320,1370,1240,1160,1150,1130,1130,1260,1320,1280,1400,1450,1660,1640,1700,1780,1960,2110,2140,2250,2260,2220,2150,2420,2860,3120,3290,3490,3820,4020,4140,4060,4250,4300,4310,4130,3930,3700,3700,3590,3270,3630,3880,3840
Turkiye,TUR,,,,,,,,450,490,540,540,520,540,620,820,1080,1270,1370,1480,1770,1810,1810,1520,1360,1270,1270,1400,1680,1800,1850,2220,2490,2830,3030,2570,2730,2800,3060,3310,3460,4170,3460,3490,3850,5150,6680,7740,8880,9770,9550,10380,11190,11880,12570,12630,12080,11340,11090,10650,9800,9160,10010,10640,11730
Tuvalu,TUV,,,,,,,,,,,,,1000,1160,1370,1440,1350,1180,1140,1180,1240,1290,1050,1080,1120,1020,1210,1320,1660,1720,2130,2300,2410,2220,2520,2450,2350,2860,2940,2710,2330,2780,3430,2620,3380,3750,3920,4670,4780,4870,4480,4720,4440,5610,4750,5650,5450,5330,6230,6880,6880,7510,8100,8770
Tanzania,TZA,,,300,320,340,350,380,390,410,420,220,230,250,290,340,390,400,420,490,570,650,670,670,660,650,650,600,500,400,320,280,270,260,250,230,240,280,310,350,380,400,400,410,430,460,490,510,530,590,660,720,760,810,880,970,970,960,960,1010,1050,1060,1130,1210,1220
Uganda,UGA,,,,,,,,,,,,,,,,,,,,,,,,,170,190,240,310,390,400,320,240,190,180,180,230,270,300,290,280,270,240,250,250,280,310,350,380,430,550,680,860,830,810,830,850,810,760,770,810,820,860,930,970
Ukraine,UKR,,,,,,,,,,,,,,,,,,,,,,,,,,,,,,1620,1600,1510,1410,1220,1000,920,860,880,840,760,680,710,780,970,1250,1530,1930,2560,3170,2810,2990,3100,3600,3900,3500,2760,2330,2330,2720,3270,3530,4060,3930,4950
Upper middle income,UMC,,,144.0600216,154.3465443,170.6755506,187.0586136,200.2171149,199.7936393,208.0295731,227.1256618,246.278196,261.3133071,286.0321969,347.4582434,438.711063,527.8956542,564.3463409,588.2400155,638.1763858,740.9091484,842.3463675,894.2399448,879.7518242,820.027981,824.6979758,841.4938917,881.7723632,937.4146778,984.7280137,997.0390666,1070.489797,1079.277548,1171.065918,1228.421781,1325.555522,1447.775791,1623.556531,1755.821528,1720.33704,1694.952126,1769.061814,1779.845911,1799.388626,1946.995384,2250.757975,2616.036041,3036.133903,3593.257483,4242.479725,4616.474039,5244.367254,5920.838576,6758.22064,7358.093418,7647.651177,7541.079807,7452.124116,7648.775202,8218.317369,8654.487544,8427.44637,9333.253297,10025.72348,10563.32333
Uruguay,URY,,,580,610,670,680,730,640,620,670,820,860,870,1050,1350,1600,1460,1400,1600,2120,2830,3610,3270,2180,1730,1500,1780,2210,2600,2730,2850,3190,3850,4380,5080,5590,6240,7080,7360,7400,7180,6610,5210,4300,4180,4770,5470,6510,7930,9140,10930,12730,14230,16480,17140,17070,16490,16720,17700,18390,16140,16200,17830,19700
United States,USA,,,3260,3390,3580,3850,4160,4340,4710,5030,5240,5630,6280,7290,7980,8510,8960,9590,10760,12200,13390,14360,14220,14570,16210,17460,19110,21390,23490,23770,24060,24270,25680,26390,27660,29040,30270,31280,32040,33680,35960,36710,37320,39770,43520,46190,47850,48530,49110,47910,49190,50670,52690,53860,55670,56510,57060,59130,63360,66220,64620,71500,77460,80450
Uzbekistan,UZB,,,,,,,,,,,,,,,,,,,,,,,,,,,,,,,630,650,600,590,570,580,590,610,610,650,620,550,450,420,460,520,600,760,970,1150,1420,1760,2200,2470,2650,2790,2840,2630,2340,2150,2000,2250,2490,2700
St. Vincent and the Grenadines,VCT,,,170,160,160,170,170,160,180,180,200,210,280,290,330,350,380,440,540,680,800,930,990,1050,1160,1280,1400,1600,1880,1960,2030,2140,2440,2570,2530,2760,2860,2930,3040,3140,3390,3660,4010,4430,4800,5060,5580,6030,6380,6530,6310,6390,6720,6980,6860,7110,7480,7720,8370,8700,8410,8620,9620,10300
"Venezuela, RB",VEN,,,940,970,950,890,820,840,900,910,980,1020,1120,1340,1710,2130,2470,2590,2780,3170,3590,4080,4020,3750,3610,3480,3580,3330,3370,2540,2640,2670,2840,2820,2710,3010,3060,3430,3380,3520,4070,4540,3940,3450,4060,4910,6050,7520,9260,10230,11660,11860,12620,11920,12990,,,,,,,,,
British Virgin Islands,VGB,,,,,,,,,,,,,,,,,,,,,,,,,,,,,,,,,,,,,,,,,,,,,,,,,,,,,,,,,,,,,,,,
Virgin Islands (U.S.),VIR,,,,,,,,,,,,,,,,,,,,,,,,,,,,,,,,,,,,,,,,,,,,,,,,,,,,,,,,,,,,,,,,
Viet Nam,VNM,,,,,,,,,,,,,,,,,,,,,,,,,,,,,,220,130,110,140,170,200,260,310,350,360,370,390,410,430,480,550,650,740,860,1000,1120,1370,1630,1980,2200,2390,2460,2560,2680,3020,3290,3400,3540,3960,4110
Vanuatu,VUT,,,,,,,,,,,,,,,,,,,,,,940,840,800,900,930,970,890,980,1100,1220,1110,1140,1160,1210,1250,1340,1400,1450,1430,1420,1360,1210,1350,1580,1770,1980,2080,2430,2500,2580,2790,2840,3030,3040,2880,2890,2980,3250,3740,3390,3500,3730,3820
World,WLD,,,492.2422116,518.6524874,555.0650375,595.3478801,636.1968164,662.8201956,709.6569112,762.7283827,806.059858,869.9605546,983.0739482,1188.763461,1395.920661,1568.854079,1653.323038,1750.181472,1966.206818,2323.974728,2660.692282,2761.819441,2620.288422,2480.864446,2532.443451,2612.188465,2871.376715,3343.795603,3948.093343,4100.845704,4255.68854,4361.659717,4664.383686,4742.040559,4940.286214,5241.887477,5496.597931,5545.733429,5307.660007,5308.166015,5491.641954,5465.948983,5419.094597,5812.905799,6623.769471,7334.153031,7811.090175,8315.691394,8900.30957,8930.688364,9362.733335,9843.198578,10420.24955,10786.25876,10899.30086,10542.12488,10287.61296,10364.2004,11060.1116,11479.36616,11021.65477,12094.31689,12850.20804,13179.37065
Samoa,WSM,,,,,,,,,,,,,440,550,620,680,690,660,710,870,870,790,770,730,670,650,680,710,920,1040,1050,1000,1010,1060,820,990,1320,1330,1360,1380,1410,1410,1420,1570,1850,2240,2470,2660,2970,3160,3430,3570,3590,3750,3830,3970,4120,4100,4100,4270,4060,3910,3780,4200
Kosovo,XKX,,,,,,,,,,,,,,,,,,,,,,,,,,,,,,,,,,,,,,,,,,,,,,,,,,,3120,3390,3540,3800,3900,3930,3930,3950,4300,4640,4440,5130,5600,6020
"Yemen, Rep.",YEM,,,,,,,,,,,,,,,,,,,,,,,,,,,,,,,,,1100,1240,1470,1160,620,420,350,340,380,430,460,480,540,620,710,780,880,960,1040,930,1080,1230,1250,1030,970,880,740,,,,,
South Africa,ZAF,,,550,580,620,660,700,750,800,850,920,990,1040,1260,1570,1790,1730,1650,1760,2090,2650,3020,2890,2630,2550,2190,2020,2220,2660,2810,2830,2960,3230,3380,3550,3730,3790,3750,3390,3300,3260,3060,2870,3160,4040,5430,6120,6440,6490,6350,6730,7620,8220,7930,7230,6450,5880,5850,6250,6570,5930,6330,6530,6480
Zambia,ZMB,,,180,180,200,250,260,310,350,380,430,410,420,450,560,570,540,490,490,520,620,720,620,520,430,350,260,270,340,420,450,410,380,390,370,390,420,420,370,370,350,360,370,420,470,570,720,900,1170,1260,1310,1380,1640,1710,1740,1530,1320,1260,1390,1380,1120,1040,1160,1290
Zimbabwe,ZWE,,,210,210,180,230,250,280,280,320,380,390,430,510,640,690,660,620,630,720,830,990,910,840,760,660,590,590,690,740,730,700,550,510,490,470,560,520,410,400,350,390,370,340,320,320,280,240,120,420,630,910,1080,1160,1180,1200,1190,1670,2140,2170,1690,1740,1960,2060