"country","year","region","sub_region","distribution","treatment","dalys_averted","doses","daly","dalys_averted_country","dalys_monetized_1","doses_country","mode_sub_region_t","mini_t_price_sub_region","maxi_t_price_sub_region","mode_region_t","mini_t_price_region","maxi_t_price_region","mode_country_t","mini_t_price_country","maxi_t_price_country","mode_global_t","mini_t_price_global","maxi_t_price_global","n_t_cost","n_rdt","mode_country_rdt","mini_rdt_price_country","maxi_rdt_price_country","mode_sub_region_rdt","mini_rdt_price_sub_region","maxi_rdt_price_sub_region","mode_region_rdt","mini_rdt_price_region","maxi_rdt_price_region","mode_global_rdt","mini_rdt_price_global","maxi_rdt_price_global","average_model_prediction","average_mean_value_from_sample","average_high_95_unc_interval","average_low_95_unc_interval","average_sd","mode_country_rdt_imputed","mini_rdt_price_country_imputed","maxi_rdt_price_country_imputed","mode_country_t_imputed","mini_t_price_country_imputed","maxi_t_price_country_imputed"
"Afghanistan",2020,"Asia","Southern Asia",0.0287430613296201,"AS-PYR",234097.174106481,1150000,2100,6728.66943243334,14130205.80811,33054.5205290631,NA,NA,NA,0.25528116774996,0.25528116774996,0.25528116774996,0.25528116774996,0.25528116774996,0.25528116774996,NA,NA,NA,NA,5,0.359709263232,0.359709263232,0.4957243283916,0.3068769651948,0.24100520636544,0.4957243283916,0.37274872402416,0.24100520636544,0.8857840607088,0.16861371714,0.0089927315808,0.8857840607088,2.17788607468796,2.10588984081398,6.40766481478442,0.431977403243893,1.56591808675911,0.359709263232,0.359709263232,0.4957243283916,0.25528116774996,0.25528116774996,0.25528116774996
"Afghanistan",2011,"Asia","Southern Asia",0.0142427501697503,"AS-PYR",0,0,1750,0,0,0,NA,NA,NA,NA,NA,NA,NA,NA,NA,NA,NA,NA,NA,NA,1.18677378863064,0.824549788796419,1.46196771063195,NA,NA,NA,1.18677378863064,0.824549788796419,1.46196771063195,1.7887604930085,0.564147540102682,2.93821110596772,2.17788607468796,2.10588984081398,6.40766481478442,0.431977403243893,1.56591808675911,1.18677378863064,0.824549788796419,1.46196771063195,NA,NA,NA
"Afghanistan",2015,"Asia","Southern Asia",0.0219216754997899,"AS-PYR",0,0,2150,0,0,0,NA,NA,NA,NA,NA,NA,NA,NA,NA,NA,NA,NA,NA,1,1.00894185574668,1.00894185574668,1.00894185574668,0.421916025542241,0.337532820433793,1.00894185574668,0.576618568241062,0.309405085397643,2.1095801277112,0.267213482843419,0.236554251654016,2.1095801277112,2.17788607468796,2.10588984081398,6.40766481478442,0.431977403243893,1.56591808675911,1.00894185574668,1.00894185574668,1.00894185574668,NA,NA,NA
"Afghanistan",2021,"Asia","Southern Asia",0.0214534170455366,"AS-PYR",122137.656055556,600000,1690,2620.27007232414,4428256.42222779,12872.0502273219,NA,NA,NA,0.244906911,0.244906911,0.244906911,0.244906911,0.244906911,0.244906911,NA,NA,NA,NA,NA,0.3558753,0.2480343,0.7009665,NA,NA,NA,0.3558753,0.2480343,0.7009665,0.1617615,0.1617615,0.9058644,2.17788607468796,2.10588984081398,6.40766481478442,0.431977403243893,1.56591808675911,0.3558753,0.2480343,0.7009665,0.244906911,0.244906911,0.244906911
"Afghanistan",2018,"Asia","Southern Asia",0.051576276020272,"AS-PYR",10178.1380046296,50000,2130,524.950455099198,1118144.46936129,2578.8138010136,NA,NA,NA,NA,NA,NA,NA,NA,NA,NA,NA,NA,NA,2,0.570854865574237,0.570854865574237,0.570854865574237,0.298356201519636,0.261061676329682,0.745890503799091,0.4102397770895,0.261061676329682,1.30928646433534,0.472397319072757,0.161858239324403,1.66184404246437,2.17788607468796,2.10588984081398,6.40766481478442,0.431977403243893,1.56591808675911,0.570854865574237,0.570854865574237,0.570854865574237,NA,NA,NA
"Afghanistan",2019,"Asia","Southern Asia",0.0391877776744725,"AS-PYR",118066.400853704,580000,2200,4626.75986748008,10178871.7084562,22728.911051194,NA,NA,NA,0.268261843055776,0.268261843055776,0.268261843055776,0.268261843055776,0.268261843055776,0.268261843055776,NA,NA,NA,NA,3,0.412529196263276,0.412529196263276,0.590506078079718,0.247517517757966,0.247517517757966,0.590506078079718,0.447888841657271,0.247517517757966,1.28190501101697,0.447888841657271,0.00942923877173203,1.28190501101697,2.17788607468796,2.10588984081398,6.40766481478442,0.431977403243893,1.56591808675911,0.412529196263276,0.412529196263276,0.590506078079718,0.268261843055776,0.268261843055776,0.268261843055776
"Afghanistan",2016,"Asia","Southern Asia",0.040374898086016,"AS-PYR",0,0,2040,0,0,0,NA,NA,NA,NA,NA,NA,NA,NA,NA,NA,NA,NA,NA,3,0.626376338641931,0.626376338641931,0.626376338641931,0.626376338641931,0.192059643904146,0.818435982546077,0.463780390109443,0.192059643904146,1.43226296945563,0.463780390109443,0.192059643904146,1.43226296945563,2.17788607468796,2.10588984081398,6.40766481478442,0.431977403243893,1.56591808675911,0.626376338641931,0.626376338641931,0.626376338641931,NA,NA,NA
"Afghanistan",2012,"Asia","Southern Asia",0.00980653587730037,"AS-PYR",0,0,1960,0,0,0,NA,NA,NA,NA,NA,NA,NA,NA,NA,NA,NA,NA,NA,1,1.19722274879092,1.19722274879092,1.19722274879092,1.13266106791951,0.485426171965505,1.55870343818124,1.03557583352641,0.477659353214057,2.31337932686361,1.03557583352641,0.0118120368511606,2.91255703179303,2.17788607468796,2.10588984081398,6.40766481478442,0.431977403243893,1.56591808675911,1.19722274879092,1.19722274879092,1.19722274879092,NA,NA,NA
"Afghanistan",2013,"Asia","Southern Asia",0.01584441273303,"AS-PYR",0,0,2070,0,0,0,NA,NA,NA,NA,NA,NA,NA,NA,NA,NA,NA,NA,NA,NA,0.615458760166604,0.538526415145779,1.19398999472321,NA,NA,NA,0.615458760166604,0.538526415145779,1.19398999472321,0.538526415145779,0.153864690041651,1.78329175758274,2.17788607468796,2.10588984081398,6.40766481478442,0.431977403243893,1.56591808675911,0.615458760166604,0.538526415145779,1.19398999472321,NA,NA,NA
"Afghanistan",2017,"Asia","Southern Asia",0.0531712097232101,"AS-PYR",0,0,2120,0,0,0,NA,NA,NA,NA,NA,NA,NA,NA,NA,NA,NA,NA,NA,2,0.638502276035333,0.600328102283835,0.638502276035333,0.286959970494995,0.286959970494995,0.784400830510238,0.549080581357166,0.286959970494995,1.50604959457966,0.228783575565486,0.0117660124576536,1.50604959457966,2.17788607468796,2.10588984081398,6.40766481478442,0.431977403243893,1.56591808675911,0.638502276035333,0.600328102283835,0.638502276035333,NA,NA,NA
"Afghanistan",2014,"Asia","Southern Asia",0.0187405780945307,"AS-PYR",0,0,2110,0,0,0,NA,NA,NA,NA,NA,NA,NA,NA,NA,NA,NA,NA,NA,2,1.05421854203295,1.00800541594076,1.05421854203295,0.441526682409444,0.441526682409444,1.05421854203295,0.441526682409444,0.223706852420785,1.90548198571836,0.529832018891333,0.156006094451337,1.90548198571836,2.17788607468796,2.10588984081398,6.40766481478442,0.431977403243893,1.56591808675911,1.05421854203295,1.00800541594076,1.05421854203295,NA,NA,NA
"Afghanistan",2022,"Asia","Southern Asia",0.0319749529535197,"AS-PYR",656460.588261158,3224856,11670,20990.2964254904,244956759.285473,103114.618881876,NA,NA,NA,0.2271,0.2271,0.2271,0.2271,0.2271,0.2271,NA,NA,NA,NA,NA,0.33,0.23,0.8278,NA,NA,NA,0.33,0.23,0.8278,0.3,0.032,0.9,2.17788607468796,2.10588984081398,6.40766481478442,0.431977403243893,1.56591808675911,0.33,0.23,0.8278,0.2271,0.2271,0.2271
"Bangladesh",2016,"Asia","Southern Asia",0.00174125197233777,"AS-PYR",0,0,4770,0,0,0,NA,NA,NA,NA,NA,NA,NA,NA,NA,NA,NA,NA,NA,1,0.286452593891127,0.286452593891127,0.286452593891127,0.626376338641931,0.192059643904146,0.818435982546077,0.463780390109443,0.192059643904146,1.43226296945563,0.463780390109443,0.192059643904146,1.43226296945563,5.21972695586371,5.09373354658424,15.2812006397527,1.07994350810973,4.06778721388,0.286452593891127,0.286452593891127,0.286452593891127,NA,NA,NA
"Bangladesh",2019,"Asia","Southern Asia",0.00200943035274781,"AS-PYR",118066.400853704,580000,5930,237.246209515122,1406870.02242467,1165.46960459373,NA,NA,NA,0.268261843055776,0.268261843055776,0.268261843055776,0.268261843055776,0.268261843055776,0.268261843055776,NA,NA,NA,NA,NA,0.447888841657271,0.247517517757966,1.28190501101697,NA,NA,NA,0.447888841657271,0.247517517757966,1.28190501101697,0.447888841657271,0.00942923877173203,1.28190501101697,5.21972695586371,5.09373354658424,15.2812006397527,1.07994350810973,4.06778721388,0.447888841657271,0.247517517757966,1.28190501101697,0.268261843055776,0.268261843055776,0.268261843055776
"Bangladesh",2015,"Asia","Southern Asia",0.00270738511651376,"AS-PYR",0,0,4450,0,0,0,NA,NA,NA,NA,NA,NA,NA,NA,NA,NA,NA,NA,NA,1,0.492235363132614,0.492235363132614,0.492235363132614,0.421916025542241,0.337532820433793,1.00894185574668,0.576618568241062,0.309405085397643,2.1095801277112,0.267213482843419,0.236554251654016,2.1095801277112,5.21972695586371,5.09373354658424,15.2812006397527,1.07994350810973,4.06778721388,0.492235363132614,0.492235363132614,0.492235363132614,NA,NA,NA
"Bangladesh",2011,"Asia","Southern Asia",0.00249351021825408,"AS-PYR",0,0,3330,0,0,0,NA,NA,NA,NA,NA,NA,NA,NA,NA,NA,NA,NA,NA,NA,1.18677378863064,0.824549788796419,1.46196771063195,NA,NA,NA,1.18677378863064,0.824549788796419,1.46196771063195,1.7887604930085,0.564147540102682,2.93821110596772,5.21972695586371,5.09373354658424,15.2812006397527,1.07994350810973,4.06778721388,1.18677378863064,0.824549788796419,1.46196771063195,NA,NA,NA
"Bangladesh",2014,"Asia","Southern Asia",0.00389172554109748,"AS-PYR",0,0,4220,0,0,0,NA,NA,NA,NA,NA,NA,NA,NA,NA,NA,NA,NA,NA,2,0.441526682409444,0.441526682409444,0.441526682409444,0.441526682409444,0.441526682409444,1.05421854203295,0.441526682409444,0.223706852420785,1.90548198571836,0.529832018891333,0.156006094451337,1.90548198571836,5.21972695586371,5.09373354658424,15.2812006397527,1.07994350810973,4.06778721388,0.441526682409444,0.441526682409444,0.441526682409444,NA,NA,NA
"Bangladesh",2017,"Asia","Southern Asia",0.00221844276645956,"AS-PYR",0,0,5000,0,0,0,NA,NA,NA,NA,NA,NA,NA,NA,NA,NA,NA,NA,NA,1,0.300686985028924,0.300686985028924,0.300686985028924,0.286959970494995,0.286959970494995,0.784400830510238,0.549080581357166,0.286959970494995,1.50604959457966,0.228783575565486,0.0117660124576536,1.50604959457966,5.21972695586371,5.09373354658424,15.2812006397527,1.07994350810973,4.06778721388,0.300686985028924,0.300686985028924,0.300686985028924,NA,NA,NA
"Brazil",2013,"Americas","Latin America and the Caribbean",0.011200739769315,"AS-PYR",0,0,15320,0,0,0,NA,NA,NA,NA,NA,NA,NA,NA,NA,NA,NA,NA,NA,NA,0.769323450208255,0.153864690041651,1.78329175758274,NA,NA,NA,0.769323450208255,0.153864690041651,1.78329175758274,0.538526415145779,0.153864690041651,1.78329175758274,5.79569682685557,5.88569211919805,18.413036813271,1.16993880045221,4.64375708487186,0.769323450208255,0.153864690041651,1.78329175758274,NA,NA,NA
"Brazil",2022,"Americas","Latin America and the Caribbean",0.0166536213299582,"AS-PYR",656460.588261158,3224856,17260,10932.4460549429,188694018.908315,53705.5306676437,NA,NA,NA,NA,NA,NA,NA,NA,NA,NA,NA,NA,NA,NA,0.7,0.65,0.9,NA,NA,NA,0.7,0.65,0.9,0.3,0.032,0.9,5.79569682685557,5.88569211919805,18.413036813271,1.16993880045221,4.64375708487186,0.7,0.65,0.9,NA,NA,NA
"Brazil",2016,"Americas","Latin America and the Caribbean",0.00726996514632607,"AS-PYR",0,0,13910,0,0,0,NA,NA,NA,NA,NA,NA,NA,NA,NA,NA,NA,NA,NA,NA,0.477420989818545,0.300093193600228,0.477420989818545,NA,NA,NA,0.477420989818545,0.300093193600228,0.477420989818545,0.463780390109443,0.192059643904146,1.43226296945563,5.79569682685557,5.88569211919805,18.413036813271,1.16993880045221,4.64375708487186,0.477420989818545,0.300093193600228,0.477420989818545,NA,NA,NA
"Brazil",2020,"Americas","Latin America and the Caribbean",0.0189742808926597,"AS-PYR",234097.174106481,1150000,14590,4441.82553767424,64806234.5946671,21820.4230265586,NA,NA,NA,NA,NA,NA,NA,NA,NA,NA,NA,NA,NA,NA,0.3979283724504,0.19514227530336,0.8430685857,NA,NA,NA,0.3979283724504,0.19514227530336,0.8430685857,0.16861371714,0.0089927315808,0.8857840607088,5.79569682685557,5.88569211919805,18.413036813271,1.16993880045221,4.64375708487186,0.3979283724504,0.19514227530336,0.8430685857,NA,NA,NA
"Brazil",2017,"Americas","Latin America and the Caribbean",0.0147035146520321,"AS-PYR",0,0,14210,0,0,0,NA,NA,NA,NA,NA,NA,NA,NA,NA,NA,NA,NA,NA,NA,0.274540290678583,0.274540290678583,0.522933887006825,NA,NA,NA,0.274540290678583,0.274540290678583,0.522933887006825,0.228783575565486,0.0117660124576536,1.50604959457966,5.79569682685557,5.88569211919805,18.413036813271,1.16993880045221,4.64375708487186,0.274540290678583,0.274540290678583,0.522933887006825,NA,NA,NA
"Brazil",2018,"Americas","Latin America and the Caribbean",0.0178146167084827,"AS-PYR",10178.1380046296,50000,14550,181.319627358517,2638200.57806643,890.730835424133,NA,NA,NA,NA,NA,NA,NA,NA,NA,NA,NA,NA,NA,NA,0.472397319072757,0.261061676329682,1.21828782287185,NA,NA,NA,0.472397319072757,0.261061676329682,1.21828782287185,0.472397319072757,0.161858239324403,1.66184404246437,5.79569682685557,5.88569211919805,18.413036813271,1.16993880045221,4.64375708487186,0.472397319072757,0.261061676329682,1.21828782287185,NA,NA,NA
"Brazil",2015,"Americas","Latin America and the Caribbean",0.00979827188842702,"AS-PYR",0,0,14420,0,0,0,NA,NA,NA,NA,NA,NA,NA,NA,NA,NA,NA,NA,NA,NA,1.01259846130138,1.01259846130138,1.01259846130138,NA,NA,NA,1.01259846130138,1.01259846130138,1.01259846130138,0.267213482843419,0.236554251654016,2.1095801277112,5.79569682685557,5.88569211919805,18.413036813271,1.16993880045221,4.64375708487186,1.01259846130138,1.01259846130138,1.01259846130138,NA,NA,NA
"Brazil",2014,"Americas","Latin America and the Caribbean",0.00860855045114749,"AS-PYR",0,0,15370,0,0,0,NA,NA,NA,NA,NA,NA,NA,NA,NA,NA,NA,NA,NA,NA,1.03022892562204,0.156006094451337,1.6317354426245,NA,NA,NA,1.03022892562204,0.156006094451337,1.6317354426245,0.529832018891333,0.156006094451337,1.90548198571836,5.79569682685557,5.88569211919805,18.413036813271,1.16993880045221,4.64375708487186,1.03022892562204,0.156006094451337,1.6317354426245,NA,NA,NA
"Brazil",2011,"Americas","Latin America and the Caribbean",0.011164975820239,"AS-PYR",0,0,14600,0,0,0,NA,NA,NA,NA,NA,NA,NA,NA,NA,NA,NA,NA,NA,NA,1.10077568800523,1.10077568800523,2.93821110596772,NA,NA,NA,1.10077568800523,1.10077568800523,2.93821110596772,1.7887604930085,0.564147540102682,2.93821110596772,5.79569682685557,5.88569211919805,18.413036813271,1.16993880045221,4.64375708487186,1.10077568800523,1.10077568800523,2.93821110596772,NA,NA,NA
"Brazil",2012,"Americas","Latin America and the Caribbean",0.0114705799479356,"AS-PYR",0,0,14620,0,0,0,NA,NA,NA,NA,NA,NA,NA,NA,NA,NA,NA,NA,NA,2,1.29446979190801,1.29446979190801,1.29446979190801,1.29446979190801,1.19738455751491,2.91255703179303,1.29446979190801,1.19738455751491,2.91255703179303,1.03557583352641,0.0118120368511606,2.91255703179303,5.79569682685557,5.88569211919805,18.413036813271,1.16993880045221,4.64375708487186,1.29446979190801,1.29446979190801,1.29446979190801,NA,NA,NA
"Brazil",2019,"Americas","Latin America and the Caribbean",0.0169316447749456,"AS-PYR",118066.400853704,580000,14900,1999.05835911124,29785969.5507575,9820.35396946845,NA,NA,NA,NA,NA,NA,NA,NA,NA,NA,NA,NA,NA,NA,0.259304066222631,0.259304066222631,0.707192907879902,NA,NA,NA,0.259304066222631,0.259304066222631,0.707192907879902,0.447888841657271,0.00942923877173203,1.28190501101697,5.79569682685557,5.88569211919805,18.413036813271,1.16993880045221,4.64375708487186,0.259304066222631,0.259304066222631,0.707192907879902,NA,NA,NA
"Brazil",2021,"Americas","Latin America and the Caribbean",0.01798768742263,"AS-PYR",122137.656055556,600000,15830,2196.97397966003,34778098.0980183,10792.612453578,NA,NA,NA,NA,NA,NA,NA,NA,NA,NA,NA,NA,NA,NA,0.7009665,0.323523,0.7009665,NA,NA,NA,0.7009665,0.323523,0.7009665,0.1617615,0.1617615,0.9058644,5.79569682685557,5.88569211919805,18.413036813271,1.16993880045221,4.64375708487186,0.7009665,0.323523,0.7009665,NA,NA,NA
"Cambodia",2016,"Asia","South-Eastern Asia",0.00683576724613685,"AS-PYR",0,0,3510,0,0,0,NA,NA,NA,NA,NA,NA,NA,NA,NA,NA,NA,NA,NA,3,0.559264588073152,0.559264588073152,0.559264588073152,0.463780390109443,0.238710494909272,1.43226296945563,0.463780390109443,0.192059643904146,1.43226296945563,0.463780390109443,0.192059643904146,1.43226296945563,6.64165257487486,6.78564504262283,20.9329049988603,1.31393126820018,5.48971283289115,0.559264588073152,0.559264588073152,0.559264588073152,NA,NA,NA
"Cambodia",2017,"Asia","South-Eastern Asia",0.0134910286217121,"AS-PYR",0,0,3770,0,0,0,NA,NA,NA,NA,NA,NA,NA,NA,NA,NA,NA,NA,NA,3,0.496787192656484,0.496787192656484,0.536007234181996,0.496787192656484,0.339907026554436,1.50604959457966,0.549080581357166,0.286959970494995,1.50604959457966,0.228783575565486,0.0117660124576536,1.50604959457966,6.64165257487486,6.78564504262283,20.9329049988603,1.31393126820018,5.48971283289115,0.496787192656484,0.496787192656484,0.536007234181996,NA,NA,NA
"Cambodia",2019,"Asia","South-Eastern Asia",0.0132754899443658,"AS-PYR",118066.400853704,580000,4380,1567.38931730081,6865165.20977754,7699.78416773218,0.268261843055776,0.268261843055776,0.268261843055776,0.268261843055776,0.268261843055776,0.268261843055776,0.268261843055776,0.268261843055776,0.268261843055776,NA,NA,NA,NA,NA,0.447888841657271,0.247517517757966,1.28190501101697,NA,NA,NA,0.447888841657271,0.247517517757966,1.28190501101697,0.447888841657271,0.00942923877173203,1.28190501101697,6.64165257487486,6.78564504262283,20.9329049988603,1.31393126820018,5.48971283289115,0.447888841657271,0.247517517757966,1.28190501101697,0.268261843055776,0.268261843055776,0.268261843055776
"Cambodia",2020,"Asia","South-Eastern Asia",0.0049210073912189,"AS-PYR",234097.174106481,1150000,4330,1151.99392404145,4988133.69109948,5659.15849990173,0.25528116774996,0.25528116774996,0.25528116774996,0.25528116774996,0.25528116774996,0.25528116774996,0.25528116774996,0.25528116774996,0.25528116774996,NA,NA,NA,NA,NA,0.37274872402416,0.24100520636544,0.8857840607088,NA,NA,NA,0.37274872402416,0.24100520636544,0.8857840607088,0.16861371714,0.0089927315808,0.8857840607088,6.64165257487486,6.78564504262283,20.9329049988603,1.31393126820018,5.48971283289115,0.37274872402416,0.24100520636544,0.8857840607088,0.25528116774996,0.25528116774996,0.25528116774996
"Cambodia",2015,"Asia","South-Eastern Asia",0.0130277504890831,"AS-PYR",0,0,3220,0,0,0,NA,NA,NA,NA,NA,NA,NA,NA,NA,NA,NA,NA,NA,1,0.576618568241062,0.576618568241062,0.576618568241062,0.576618568241062,0.464107628096465,2.1095801277112,0.576618568241062,0.309405085397643,2.1095801277112,0.267213482843419,0.236554251654016,2.1095801277112,6.64165257487486,6.78564504262283,20.9329049988603,1.31393126820018,5.48971283289115,0.576618568241062,0.576618568241062,0.576618568241062,NA,NA,NA
"Cambodia",2011,"Asia","South-Eastern Asia",0.0144676818362412,"AS-PYR",0,0,2500,0,0,0,NA,NA,NA,NA,NA,NA,NA,NA,NA,NA,NA,NA,NA,3,1.18677378863064,1.08357606788015,1.18677378863064,0.825581766003924,0.824549788796419,1.35481407725269,1.18677378863064,0.824549788796419,1.46196771063195,1.7887604930085,0.564147540102682,2.93821110596772,6.64165257487486,6.78564504262283,20.9329049988603,1.31393126820018,5.48971283289115,1.18677378863064,1.08357606788015,1.18677378863064,NA,NA,NA
"Cambodia",2014,"Asia","South-Eastern Asia",0.0141195870874151,"AS-PYR",0,0,3020,0,0,0,NA,NA,NA,NA,NA,NA,NA,NA,NA,NA,NA,NA,NA,4,0.559267131051962,0.223706852420785,0.559267131051962,0.559267131051962,0.223706852420785,1.90548198571836,0.441526682409444,0.223706852420785,1.90548198571836,0.529832018891333,0.156006094451337,1.90548198571836,6.64165257487486,6.78564504262283,20.9329049988603,1.31393126820018,5.48971283289115,0.559267131051962,0.223706852420785,0.559267131051962,NA,NA,NA
"Cambodia",2012,"Asia","South-Eastern Asia",0.0115559554262672,"AS-PYR",0,0,2730,0,0,0,NA,NA,NA,NA,NA,NA,NA,NA,NA,NA,NA,NA,NA,1,0.477659353214057,0.477659353214057,0.477659353214057,0.647234895954006,0.477659353214057,2.31337932686361,1.03557583352641,0.477659353214057,2.31337932686361,1.03557583352641,0.0118120368511606,2.91255703179303,6.64165257487486,6.78564504262283,20.9329049988603,1.31393126820018,5.48971283289115,0.477659353214057,0.477659353214057,0.477659353214057,NA,NA,NA
"Cambodia",2013,"Asia","South-Eastern Asia",0.0095647594205707,"AS-PYR",0,0,2890,0,0,0,NA,NA,NA,NA,NA,NA,NA,NA,NA,NA,NA,NA,NA,1,0.769323450208255,0.769323450208255,0.769323450208255,0.584685822158274,0.538526415145779,1.19398999472321,0.615458760166604,0.538526415145779,1.19398999472321,0.538526415145779,0.153864690041651,1.78329175758274,6.64165257487486,6.78564504262283,20.9329049988603,1.31393126820018,5.48971283289115,0.769323450208255,0.769323450208255,0.769323450208255,NA,NA,NA
"Cambodia",2018,"Asia","South-Eastern Asia",0.0221669705202707,"AS-PYR",10178.1380046296,50000,4090,225.618485099872,922779.604058475,1108.34852601353,NA,NA,NA,NA,NA,NA,NA,NA,NA,NA,NA,NA,NA,NA,0.4102397770895,0.261061676329682,1.30928646433534,NA,NA,NA,0.4102397770895,0.261061676329682,1.30928646433534,0.472397319072757,0.161858239324403,1.66184404246437,6.64165257487486,6.78564504262283,20.9329049988603,1.31393126820018,5.48971283289115,0.4102397770895,0.261061676329682,1.30928646433534,NA,NA,NA
"Colombia",2022,"Americas","Latin America and the Caribbean",0.0113244625043716,"AS-PYR",656460.588261158,3224856,19490,7434.06331736119,144889894.05537,36519.7608539977,NA,NA,NA,NA,NA,NA,NA,NA,NA,NA,NA,NA,NA,NA,0.7,0.65,0.9,NA,NA,NA,0.7,0.65,0.9,0.3,0.032,0.9,44.5476697095265,43.9357017215977,132.599063737407,9.35951040361769,33.8922270961771,0.7,0.65,0.9,NA,NA,NA
"Colombia",2017,"Americas","Latin America and the Caribbean",0.00538873066217232,"AS-PYR",0,0,14090,0,0,0,NA,NA,NA,NA,NA,NA,NA,NA,NA,NA,NA,NA,NA,NA,0.274540290678583,0.274540290678583,0.522933887006825,NA,NA,NA,0.274540290678583,0.274540290678583,0.522933887006825,0.228783575565486,0.0117660124576536,1.50604959457966,44.5476697095265,43.9357017215977,132.599063737407,9.35951040361769,33.8922270961771,0.274540290678583,0.274540290678583,0.522933887006825,NA,NA,NA
"Colombia",2011,"Americas","Latin America and the Caribbean",0.00354300788200341,"AS-PYR",0,0,11200,0,0,0,NA,NA,NA,NA,NA,NA,NA,NA,NA,NA,NA,NA,NA,4,1.10077568800523,1.10077568800523,1.10077568800523,1.10077568800523,1.10077568800523,2.93821110596772,1.10077568800523,1.10077568800523,2.93821110596772,1.7887604930085,0.564147540102682,2.93821110596772,44.5476697095265,43.9357017215977,132.599063737407,9.35951040361769,33.8922270961771,1.10077568800523,1.10077568800523,1.10077568800523,NA,NA,NA
"Colombia",2021,"Americas","Latin America and the Caribbean",0.0113708705958111,"AS-PYR",122137.656055556,600000,16810,1388.8114818834,23345921.01046,6822.52235748663,NA,NA,NA,NA,NA,NA,NA,NA,NA,NA,NA,NA,NA,NA,0.7009665,0.323523,0.7009665,NA,NA,NA,0.7009665,0.323523,0.7009665,0.1617615,0.1617615,0.9058644,44.5476697095265,43.9357017215977,132.599063737407,9.35951040361769,33.8922270961771,0.7009665,0.323523,0.7009665,NA,NA,NA
"Colombia",2014,"Americas","Latin America and the Caribbean",0.00334854931429433,"AS-PYR",0,0,13010,0,0,0,NA,NA,NA,NA,NA,NA,NA,NA,NA,NA,NA,NA,NA,6,1.03022892562204,1.03022892562204,1.03022892562204,1.03022892562204,0.156006094451337,1.6317354426245,1.03022892562204,0.156006094451337,1.6317354426245,0.529832018891333,0.156006094451337,1.90548198571836,44.5476697095265,43.9357017215977,132.599063737407,9.35951040361769,33.8922270961771,1.03022892562204,1.03022892562204,1.03022892562204,NA,NA,NA
"Colombia",2016,"Americas","Latin America and the Caribbean",0.00636291279224657,"AS-PYR",0,0,13820,0,0,0,NA,NA,NA,NA,NA,NA,NA,NA,NA,NA,NA,NA,NA,NA,0.477420989818545,0.300093193600228,0.477420989818545,NA,NA,NA,0.477420989818545,0.300093193600228,0.477420989818545,0.463780390109443,0.192059643904146,1.43226296945563,44.5476697095265,43.9357017215977,132.599063737407,9.35951040361769,33.8922270961771,0.477420989818545,0.300093193600228,0.477420989818545,NA,NA,NA
"Colombia",2012,"Americas","Latin America and the Caribbean",0.0037410547964797,"AS-PYR",0,0,11630,0,0,0,NA,NA,NA,NA,NA,NA,NA,NA,NA,NA,NA,NA,NA,NA,1.29446979190801,1.19738455751491,2.91255703179303,NA,NA,NA,1.29446979190801,1.19738455751491,2.91255703179303,1.03557583352641,0.0118120368511606,2.91255703179303,44.5476697095265,43.9357017215977,132.599063737407,9.35951040361769,33.8922270961771,1.29446979190801,1.19738455751491,2.91255703179303,NA,NA,NA
"Colombia",2020,"Americas","Latin America and the Caribbean",0.0120349576484077,"AS-PYR",234097.174106481,1150000,14940,2817.34957598343,42091202.6651924,13840.2012956689,NA,NA,NA,NA,NA,NA,NA,NA,NA,NA,NA,NA,NA,NA,0.3979283724504,0.19514227530336,0.8430685857,NA,NA,NA,0.3979283724504,0.19514227530336,0.8430685857,0.16861371714,0.0089927315808,0.8857840607088,44.5476697095265,43.9357017215977,132.599063737407,9.35951040361769,33.8922270961771,0.3979283724504,0.19514227530336,0.8430685857,NA,NA,NA
"Colombia",2019,"Americas","Latin America and the Caribbean",0.0113504097950868,"AS-PYR",118066.400853704,580000,15530,1340.10203272052,20811784.5681497,6583.23768115035,NA,NA,NA,NA,NA,NA,NA,NA,NA,NA,NA,NA,NA,NA,0.259304066222631,0.259304066222631,0.707192907879902,NA,NA,NA,0.259304066222631,0.259304066222631,0.707192907879902,0.447888841657271,0.00942923877173203,1.28190501101697,44.5476697095265,43.9357017215977,132.599063737407,9.35951040361769,33.8922270961771,0.259304066222631,0.259304066222631,0.707192907879902,NA,NA,NA
"Colombia",2013,"Americas","Latin America and the Caribbean",0.00409921498667469,"AS-PYR",0,0,12360,0,0,0,NA,NA,NA,NA,NA,NA,NA,NA,NA,NA,NA,NA,NA,NA,0.769323450208255,0.153864690041651,1.78329175758274,NA,NA,NA,0.769323450208255,0.153864690041651,1.78329175758274,0.538526415145779,0.153864690041651,1.78329175758274,44.5476697095265,43.9357017215977,132.599063737407,9.35951040361769,33.8922270961771,0.769323450208255,0.153864690041651,1.78329175758274,NA,NA,NA
"Colombia",2015,"Americas","Latin America and the Caribbean",0.00505073355622816,"AS-PYR",0,0,13200,0,0,0,NA,NA,NA,NA,NA,NA,NA,NA,NA,NA,NA,NA,NA,NA,1.01259846130138,1.01259846130138,1.01259846130138,NA,NA,NA,1.01259846130138,1.01259846130138,1.01259846130138,0.267213482843419,0.236554251654016,2.1095801277112,44.5476697095265,43.9357017215977,132.599063737407,9.35951040361769,33.8922270961771,1.01259846130138,1.01259846130138,1.01259846130138,NA,NA,NA
"Colombia",2018,"Americas","Latin America and the Caribbean",0.00763890647222424,"AS-PYR",10178.1380046296,50000,14790,77.7498442787568,1149920.19688281,381.945323611212,NA,NA,NA,NA,NA,NA,NA,NA,NA,NA,NA,NA,NA,NA,0.472397319072757,0.261061676329682,1.21828782287185,NA,NA,NA,0.472397319072757,0.261061676329682,1.21828782287185,0.472397319072757,0.161858239324403,1.66184404246437,44.5476697095265,43.9357017215977,132.599063737407,9.35951040361769,33.8922270961771,0.472397319072757,0.261061676329682,1.21828782287185,NA,NA,NA
"Djibouti",2022,"Africa","Sub-Saharan Africa",0.00455198983018857,"AS-PYR",656460.588261158,3224856,5780,2988.2019216844,17271807.1073358,14679.5117158226,NA,NA,NA,NA,NA,NA,NA,NA,NA,NA,NA,NA,NA,NA,0.25,0.032,0.65,NA,NA,NA,0.25,0.032,0.65,0.3,0.032,0.9,7.19962338739822,7.3076177382092,21.7068645130057,1.43992467747965,5.36371942361168,0.25,0.032,0.65,NA,NA,NA
"Guyana",2019,"Americas","Latin America and the Caribbean",0.00249325932882448,"AS-PYR",118066.400853704,580000,13240,294.370155349227,3897460.85682377,1446.0904107182,NA,NA,NA,NA,NA,NA,NA,NA,NA,NA,NA,NA,NA,NA,0.259304066222631,0.259304066222631,0.707192907879902,NA,NA,NA,0.259304066222631,0.259304066222631,0.707192907879902,0.447888841657271,0.00942923877173203,1.28190501101697,8.80153959109433,8.85553676649982,28.6365020233764,1.72790961297557,7.16362527046123,0.259304066222631,0.259304066222631,0.707192907879902,NA,NA,NA
"Guyana",2018,"Americas","Latin America and the Caribbean",0.00250505199189858,"AS-PYR",10178.1380046296,50000,12600,25.496764882316,321259.237517182,125.252599594929,NA,NA,NA,NA,NA,NA,NA,NA,NA,NA,NA,NA,NA,2,0.372945251899545,0.372945251899545,0.397808268692848,0.472397319072757,0.261061676329682,1.21828782287185,0.472397319072757,0.261061676329682,1.21828782287185,0.472397319072757,0.161858239324403,1.66184404246437,8.80153959109433,8.85553676649982,28.6365020233764,1.72790961297557,7.16362527046123,0.372945251899545,0.372945251899545,0.397808268692848,NA,NA,NA
"Guyana",2011,"Americas","Latin America and the Caribbean",0.0015277034873882,"AS-PYR",0,0,10070,0,0,0,NA,NA,NA,NA,NA,NA,NA,NA,NA,NA,NA,NA,NA,NA,1.10077568800523,1.10077568800523,2.93821110596772,NA,NA,NA,1.10077568800523,1.10077568800523,2.93821110596772,1.7887604930085,0.564147540102682,2.93821110596772,8.80153959109433,8.85553676649982,28.6365020233764,1.72790961297557,7.16362527046123,1.10077568800523,1.10077568800523,2.93821110596772,NA,NA,NA
"Guyana",2013,"Americas","Latin America and the Caribbean",0.00325569891796839,"AS-PYR",0,0,11270,0,0,0,NA,NA,NA,NA,NA,NA,NA,NA,NA,NA,NA,NA,NA,NA,0.769323450208255,0.153864690041651,1.78329175758274,NA,NA,NA,0.769323450208255,0.153864690041651,1.78329175758274,0.538526415145779,0.153864690041651,1.78329175758274,8.80153959109433,8.85553676649982,28.6365020233764,1.72790961297557,7.16362527046123,0.769323450208255,0.153864690041651,1.78329175758274,NA,NA,NA
"Guyana",2021,"Americas","Latin America and the Caribbean",0.00286353467561521,"AS-PYR",122137.656055556,600000,23020,349.745413313448,8051139.41447556,1718.12080536913,NA,NA,NA,NA,NA,NA,NA,NA,NA,NA,NA,NA,NA,2,0.7009665,0.7009665,0.7009665,0.7009665,0.323523,0.7009665,0.7009665,0.323523,0.7009665,0.1617615,0.1617615,0.9058644,8.80153959109433,8.85553676649982,28.6365020233764,1.72790961297557,7.16362527046123,0.7009665,0.7009665,0.7009665,NA,NA,NA
"Guyana",2022,"Americas","Latin America and the Caribbean",0.00288662769719275,"AS-PYR",656460.588261158,3224856,37710,1894.95731619011,71458840.3935289,9308.95864905824,NA,NA,NA,NA,NA,NA,NA,NA,NA,NA,NA,NA,NA,1,0.65,0.65,0.65,0.7,0.65,0.9,0.7,0.65,0.9,0.3,0.032,0.9,8.80153959109433,8.85553676649982,28.6365020233764,1.72790961297557,7.16362527046123,0.65,0.65,0.65,NA,NA,NA
"Haiti",2011,"Americas","Latin America and the Caribbean",0.00320309454398407,"AS-PYR",0,0,2860,0,0,0,NA,NA,NA,NA,NA,NA,NA,NA,NA,NA,NA,NA,NA,NA,1.10077568800523,1.10077568800523,2.93821110596772,NA,NA,NA,1.10077568800523,1.10077568800523,2.93821110596772,1.7887604930085,0.564147540102682,2.93821110596772,3.76180321991557,3.83379945378955,11.5373964783057,0.737961397208318,2.89784841342779,1.10077568800523,1.10077568800523,2.93821110596772,NA,NA,NA
"Haiti",2012,"Americas","Latin America and the Caribbean",0.00291303265343165,"AS-PYR",0,0,2810,0,0,0,NA,NA,NA,NA,NA,NA,NA,NA,NA,NA,NA,NA,NA,NA,1.29446979190801,1.19738455751491,2.91255703179303,NA,NA,NA,1.29446979190801,1.19738455751491,2.91255703179303,1.03557583352641,0.0118120368511606,2.91255703179303,3.76180321991557,3.83379945378955,11.5373964783057,0.737961397208318,2.89784841342779,1.29446979190801,1.19738455751491,2.91255703179303,NA,NA,NA
"Haiti",2020,"Americas","Latin America and the Caribbean",0.00464112729571223,"AS-PYR",234097.174106481,1150000,3140,1086.47478459469,3411530.82362732,5337.29639006906,NA,NA,NA,NA,NA,NA,NA,NA,NA,NA,NA,NA,NA,1,0.19514227530336,0.19514227530336,0.19514227530336,0.3979283724504,0.19514227530336,0.8430685857,0.3979283724504,0.19514227530336,0.8430685857,0.16861371714,0.0089927315808,0.8857840607088,3.76180321991557,3.83379945378955,11.5373964783057,0.737961397208318,2.89784841342779,0.19514227530336,0.19514227530336,0.19514227530336,NA,NA,NA
"Haiti",2021,"Americas","Latin America and the Caribbean",0.00250315031003492,"AS-PYR",122137.656055556,600000,3180,305.728911622402,972217.938959238,1501.89018602095,NA,NA,NA,NA,NA,NA,NA,NA,NA,NA,NA,NA,NA,NA,0.7009665,0.323523,0.7009665,NA,NA,NA,0.7009665,0.323523,0.7009665,0.1617615,0.1617615,0.9058644,3.76180321991557,3.83379945378955,11.5373964783057,0.737961397208318,2.89784841342779,0.7009665,0.323523,0.7009665,NA,NA,NA
"Haiti",2016,"Americas","Latin America and the Caribbean",0.00199775087139691,"AS-PYR",0,0,3150,0,0,0,NA,NA,NA,NA,NA,NA,NA,NA,NA,NA,NA,NA,NA,2,0.33405828687589,0.300093193600228,0.33405828687589,0.477420989818545,0.300093193600228,0.477420989818545,0.477420989818545,0.300093193600228,0.477420989818545,0.463780390109443,0.192059643904146,1.43226296945563,3.76180321991557,3.83379945378955,11.5373964783057,0.737961397208318,2.89784841342779,0.33405828687589,0.300093193600228,0.33405828687589,NA,NA,NA
"Haiti",2022,"Americas","Latin America and the Caribbean",0.00388584497699025,"AS-PYR",656460.588261158,3224856,3310,2550.90407948668,8443492.50310091,12531.2904891169,NA,NA,NA,NA,NA,NA,NA,NA,NA,NA,NA,NA,NA,NA,0.7,0.65,0.9,NA,NA,NA,0.7,0.65,0.9,0.3,0.032,0.9,3.76180321991557,3.83379945378955,11.5373964783057,0.737961397208318,2.89784841342779,0.7,0.65,0.9,NA,NA,NA
"Haiti",2017,"Americas","Latin America and the Caribbean",0.00220453215657117,"AS-PYR",0,0,3210,0,0,0,NA,NA,NA,NA,NA,NA,NA,NA,NA,NA,NA,NA,NA,2,0.274540290678583,0.274540290678583,0.274540290678583,0.274540290678583,0.274540290678583,0.522933887006825,0.274540290678583,0.274540290678583,0.522933887006825,0.228783575565486,0.0117660124576536,1.50604959457966,3.76180321991557,3.83379945378955,11.5373964783057,0.737961397208318,2.89784841342779,0.274540290678583,0.274540290678583,0.274540290678583,NA,NA,NA
"Haiti",2013,"Americas","Latin America and the Caribbean",0.00354421801663518,"AS-PYR",0,0,3000,0,0,0,NA,NA,NA,NA,NA,NA,NA,NA,NA,NA,NA,NA,NA,1,0.584685822158274,0.584685822158274,0.584685822158274,0.769323450208255,0.153864690041651,1.78329175758274,0.769323450208255,0.153864690041651,1.78329175758274,0.538526415145779,0.153864690041651,1.78329175758274,3.76180321991557,3.83379945378955,11.5373964783057,0.737961397208318,2.89784841342779,0.584685822158274,0.584685822158274,0.584685822158274,NA,NA,NA
"India",2011,"Asia","Southern Asia",0.679998539241397,"AS-PYR",0,0,4430,0,0,0,NA,NA,NA,NA,NA,NA,NA,NA,NA,NA,NA,NA,NA,NA,1.18677378863064,0.824549788796419,1.46196771063195,NA,NA,NA,1.18677378863064,0.824549788796419,1.46196771063195,1.7887604930085,0.564147540102682,2.93821110596772,10.0434746254205,10.0434746254205,29.9864314085136,2.06989172387699,7.59560267370513,1.18677378863064,0.824549788796419,1.46196771063195,NA,NA,NA
"India",2013,"Asia","Southern Asia",0.620091173621694,"AS-PYR",0,0,4950,0,0,0,NA,NA,NA,NA,NA,NA,NA,NA,NA,NA,NA,NA,NA,NA,0.615458760166604,0.538526415145779,1.19398999472321,NA,NA,NA,0.615458760166604,0.538526415145779,1.19398999472321,0.538526415145779,0.153864690041651,1.78329175758274,10.0434746254205,10.0434746254205,29.9864314085136,2.06989172387699,7.59560267370513,0.615458760166604,0.538526415145779,1.19398999472321,NA,NA,NA
"India",2014,"Asia","Southern Asia",0.654068149179563,"AS-PYR",0,0,5130,0,0,0,NA,NA,NA,NA,NA,NA,NA,NA,NA,NA,NA,NA,NA,NA,0.441526682409444,0.223706852420785,1.90548198571836,NA,NA,NA,0.441526682409444,0.223706852420785,1.90548198571836,0.529832018891333,0.156006094451337,1.90548198571836,10.0434746254205,10.0434746254205,29.9864314085136,2.06989172387699,7.59560267370513,0.441526682409444,0.223706852420785,1.90548198571836,NA,NA,NA
"India",2015,"Asia","Southern Asia",0.705867592568008,"AS-PYR",0,0,5350,0,0,0,NA,NA,NA,NA,NA,NA,NA,NA,NA,NA,NA,NA,NA,NA,0.576618568241062,0.309405085397643,2.1095801277112,NA,NA,NA,0.576618568241062,0.309405085397643,2.1095801277112,0.267213482843419,0.236554251654016,2.1095801277112,10.0434746254205,10.0434746254205,29.9864314085136,2.06989172387699,7.59560267370513,0.576618568241062,0.309405085397643,2.1095801277112,NA,NA,NA
"India",2019,"Asia","Southern Asia",0.525994221158083,"AS-PYR",118066.400853704,580000,6830,62102.2445619818,424158330.358336,305076.648271688,NA,NA,NA,0.268261843055776,0.268261843055776,0.268261843055776,0.268261843055776,0.268261843055776,0.268261843055776,NA,NA,NA,NA,NA,0.447888841657271,0.247517517757966,1.28190501101697,NA,NA,NA,0.447888841657271,0.247517517757966,1.28190501101697,0.447888841657271,0.00942923877173203,1.28190501101697,10.0434746254205,10.0434746254205,29.9864314085136,2.06989172387699,7.59560267370513,0.447888841657271,0.247517517757966,1.28190501101697,0.268261843055776,0.268261843055776,0.268261843055776
"India",2022,"Asia","Southern Asia",0.376260817914856,"AS-PYR",656460.588261158,3224856,8210,247000.39786801,2027873266.49637,1213386.95621763,NA,NA,NA,0.2271,0.2271,0.2271,0.2271,0.2271,0.2271,NA,NA,NA,NA,NA,0.33,0.23,0.8278,NA,NA,NA,0.33,0.23,0.8278,0.3,0.032,0.9,10.0434746254205,10.0434746254205,29.9864314085136,2.06989172387699,7.59560267370513,0.33,0.23,0.8278,0.2271,0.2271,0.2271
"India",2018,"Asia","Southern Asia",0.549027382158386,"AS-PYR",10178.1380046296,50000,6520,5588.07646392858,36434258.5448144,27451.3691079193,NA,NA,NA,NA,NA,NA,NA,NA,NA,NA,NA,NA,NA,NA,0.4102397770895,0.261061676329682,1.30928646433534,NA,NA,NA,0.4102397770895,0.261061676329682,1.30928646433534,0.472397319072757,0.161858239324403,1.66184404246437,10.0434746254205,10.0434746254205,29.9864314085136,2.06989172387699,7.59560267370513,0.4102397770895,0.261061676329682,1.30928646433534,NA,NA,NA
"India",2016,"Asia","Southern Asia",0.683447869434681,"AS-PYR",0,0,5660,0,0,0,NA,NA,NA,NA,NA,NA,NA,NA,NA,NA,NA,NA,NA,NA,0.463780390109443,0.192059643904146,1.43226296945563,NA,NA,NA,0.463780390109443,0.192059643904146,1.43226296945563,0.463780390109443,0.192059643904146,1.43226296945563,10.0434746254205,10.0434746254205,29.9864314085136,2.06989172387699,7.59560267370513,0.463780390109443,0.192059643904146,1.43226296945563,NA,NA,NA
"India",2020,"Asia","Southern Asia",0.469379017031584,"AS-PYR",234097.174106481,1150000,6430,109880.301471972,706530338.464778,539785.869586321,NA,NA,NA,0.25528116774996,0.25528116774996,0.25528116774996,0.25528116774996,0.25528116774996,0.25528116774996,NA,NA,NA,NA,NA,0.37274872402416,0.24100520636544,0.8857840607088,NA,NA,NA,0.37274872402416,0.24100520636544,0.8857840607088,0.16861371714,0.0089927315808,0.8857840607088,10.0434746254205,10.0434746254205,29.9864314085136,2.06989172387699,7.59560267370513,0.37274872402416,0.24100520636544,0.8857840607088,0.25528116774996,0.25528116774996,0.25528116774996
"India",2012,"Asia","Southern Asia",0.624724240760449,"AS-PYR",0,0,4770,0,0,0,NA,NA,NA,NA,NA,NA,NA,NA,NA,NA,NA,NA,NA,NA,1.03557583352641,0.477659353214057,2.31337932686361,NA,NA,NA,1.03557583352641,0.477659353214057,2.31337932686361,1.03557583352641,0.0118120368511606,2.91255703179303,10.0434746254205,10.0434746254205,29.9864314085136,2.06989172387699,7.59560267370513,1.03557583352641,0.477659353214057,2.31337932686361,NA,NA,NA
"India",2021,"Asia","Southern Asia",0.473520964133651,"AS-PYR",122137.656055556,600000,7220,57834.7406524509,417566827.510695,284112.578480191,NA,NA,NA,0.244906911,0.244906911,0.244906911,0.244906911,0.244906911,0.244906911,NA,NA,NA,NA,NA,0.3558753,0.2480343,0.7009665,NA,NA,NA,0.3558753,0.2480343,0.7009665,0.1617615,0.1617615,0.9058644,10.0434746254205,10.0434746254205,29.9864314085136,2.06989172387699,7.59560267370513,0.3558753,0.2480343,0.7009665,0.244906911,0.244906911,0.244906911
"India",2017,"Asia","Southern Asia",0.621206505133647,"AS-PYR",0,0,6050,0,0,0,NA,NA,NA,NA,NA,NA,NA,NA,NA,NA,NA,NA,NA,NA,0.549080581357166,0.286959970494995,1.50604959457966,NA,NA,NA,0.549080581357166,0.286959970494995,1.50604959457966,0.228783575565486,0.0117660124576536,1.50604959457966,10.0434746254205,10.0434746254205,29.9864314085136,2.06989172387699,7.59560267370513,0.549080581357166,0.286959970494995,1.50604959457966,NA,NA,NA
"Indonesia",2022,"Asia","South-Eastern Asia",0.128343908382878,"AS-PYR",656460.588261158,3224856,14250,84252.7175967601,1200601225.75383,413890.623011974,0.2271,0.2271,0.2271,0.2271,0.2271,0.2271,0.2271,0.2271,0.2271,NA,NA,NA,NA,NA,0.33,0.23,0.8278,NA,NA,NA,0.33,0.23,0.8278,0.3,0.032,0.9,12.095367290829,12.3293550509195,38.0140114854626,2.35787665937292,9.88148309920406,0.33,0.23,0.8278,0.2271,0.2271,0.2271
"Indonesia",2020,"Asia","South-Eastern Asia",0.0873473418714361,"AS-PYR",234097.174106481,1150000,11830,20447.7658978159,241897070.571162,100449.443152152,0.25528116774996,0.25528116774996,0.25528116774996,0.25528116774996,0.25528116774996,0.25528116774996,0.25528116774996,0.25528116774996,0.25528116774996,NA,NA,NA,NA,2,0.2810228619,0.2810228619,0.2810228619,0.37274872402416,0.24100520636544,0.8857840607088,0.37274872402416,0.24100520636544,0.8857840607088,0.16861371714,0.0089927315808,0.8857840607088,12.095367290829,12.3293550509195,38.0140114854626,2.35787665937292,9.88148309920406,0.2810228619,0.2810228619,0.2810228619,0.25528116774996,0.25528116774996,0.25528116774996
"Indonesia",2021,"Asia","South-Eastern Asia",0.090111190678413,"AS-PYR",122137.656055556,600000,12730,11005.9696138366,140105993.18414,54066.7144070478,0.244906911,0.244906911,0.244906911,0.244906911,0.244906911,0.244906911,0.244906911,0.244906911,0.244906911,NA,NA,NA,NA,1,0.7009665,0.7009665,0.7009665,0.3558753,0.2480343,0.7009665,0.3558753,0.2480343,0.7009665,0.1617615,0.1617615,0.9058644,12.095367290829,12.3293550509195,38.0140114854626,2.35787665937292,9.88148309920406,0.7009665,0.7009665,0.7009665,0.244906911,0.244906911,0.244906911
"Indonesia",2016,"Asia","South-Eastern Asia",0.0598763034334619,"AS-PYR",0,0,10150,0,0,0,NA,NA,NA,NA,NA,NA,NA,NA,NA,NA,NA,NA,NA,NA,0.463780390109443,0.192059643904146,1.43226296945563,NA,NA,NA,0.463780390109443,0.192059643904146,1.43226296945563,0.463780390109443,0.192059643904146,1.43226296945563,12.095367290829,12.3293550509195,38.0140114854626,2.35787665937292,9.88148309920406,0.463780390109443,0.192059643904146,1.43226296945563,NA,NA,NA
"Indonesia",2018,"Asia","South-Eastern Asia",0.0539370609859544,"AS-PYR",10178.1380046296,50000,11320,548.978850279168,6214440.58516019,2696.85304929772,NA,NA,NA,NA,NA,NA,NA,NA,NA,NA,NA,NA,NA,NA,0.4102397770895,0.261061676329682,1.30928646433534,NA,NA,NA,0.4102397770895,0.261061676329682,1.30928646433534,0.472397319072757,0.161858239324403,1.66184404246437,12.095367290829,12.3293550509195,38.0140114854626,2.35787665937292,9.88148309920406,0.4102397770895,0.261061676329682,1.30928646433534,NA,NA,NA
"Indonesia",2014,"Asia","South-Eastern Asia",0.068297921766651,"AS-PYR",0,0,9890,0,0,0,NA,NA,NA,NA,NA,NA,NA,NA,NA,NA,NA,NA,NA,2,0.513642707202986,0.513642707202986,0.513642707202986,0.559267131051962,0.223706852420785,1.90548198571836,0.441526682409444,0.223706852420785,1.90548198571836,0.529832018891333,0.156006094451337,1.90548198571836,12.095367290829,12.3293550509195,38.0140114854626,2.35787665937292,9.88148309920406,0.513642707202986,0.513642707202986,0.513642707202986,NA,NA,NA
"Indonesia",2013,"Asia","South-Eastern Asia",0.086665765752749,"AS-PYR",0,0,9710,0,0,0,NA,NA,NA,NA,NA,NA,NA,NA,NA,NA,NA,NA,NA,3,0.584685822158274,0.584685822158274,0.868412310595079,0.584685822158274,0.538526415145779,1.19398999472321,0.615458760166604,0.538526415145779,1.19398999472321,0.538526415145779,0.153864690041651,1.78329175758274,12.095367290829,12.3293550509195,38.0140114854626,2.35787665937292,9.88148309920406,0.584685822158274,0.584685822158274,0.868412310595079,NA,NA,NA
"Indonesia",2015,"Asia","South-Eastern Asia",0.0618769481022408,"AS-PYR",0,0,9880,0,0,0,NA,NA,NA,NA,NA,NA,NA,NA,NA,NA,NA,NA,NA,NA,0.576618568241062,0.309405085397643,2.1095801277112,NA,NA,NA,0.576618568241062,0.309405085397643,2.1095801277112,0.267213482843419,0.236554251654016,2.1095801277112,12.095367290829,12.3293550509195,38.0140114854626,2.35787665937292,9.88148309920406,0.576618568241062,0.309405085397643,2.1095801277112,NA,NA,NA
"Indonesia",2019,"Asia","South-Eastern Asia",0.0733884680382389,"AS-PYR",118066.400853704,580000,11980,8664.71228544193,103803253.179594,42565.3114621785,0.268261843055776,0.268261843055776,0.268261843055776,0.268261843055776,0.268261843055776,0.268261843055776,0.268261843055776,0.268261843055776,0.268261843055776,NA,NA,NA,NA,1,0.412529196263276,0.412529196263276,0.412529196263276,0.447888841657271,0.412529196263276,1.28190501101697,0.447888841657271,0.247517517757966,1.28190501101697,0.447888841657271,0.00942923877173203,1.28190501101697,12.095367290829,12.3293550509195,38.0140114854626,2.35787665937292,9.88148309920406,0.412529196263276,0.412529196263276,0.412529196263276,0.268261843055776,0.268261843055776,0.268261843055776
"Indonesia",2012,"Asia","South-Eastern Asia",0.0798654934004889,"AS-PYR",0,0,9370,0,0,0,NA,NA,NA,NA,NA,NA,NA,NA,NA,NA,NA,NA,NA,1,0.913248438191103,0.913248438191103,0.913248438191103,0.647234895954006,0.477659353214057,2.31337932686361,1.03557583352641,0.477659353214057,2.31337932686361,1.03557583352641,0.0118120368511606,2.91255703179303,12.095367290829,12.3293550509195,38.0140114854626,2.35787665937292,9.88148309920406,0.913248438191103,0.913248438191103,0.913248438191103,NA,NA,NA
"Indonesia",2017,"Asia","South-Eastern Asia",0.0495348831172652,"AS-PYR",0,0,10600,0,0,0,NA,NA,NA,NA,NA,NA,NA,NA,NA,NA,NA,NA,NA,1,0.339907026554436,0.339907026554436,0.339907026554436,0.496787192656484,0.339907026554436,1.50604959457966,0.549080581357166,0.286959970494995,1.50604959457966,0.228783575565486,0.0117660124576536,1.50604959457966,12.095367290829,12.3293550509195,38.0140114854626,2.35787665937292,9.88148309920406,0.339907026554436,0.339907026554436,0.339907026554436,NA,NA,NA
"Indonesia",2011,"Asia","South-Eastern Asia",0.0712126108595295,"AS-PYR",0,0,8770,0,0,0,NA,NA,NA,NA,NA,NA,NA,NA,NA,NA,NA,NA,NA,2,0.945979106879497,0.91295583623934,0.945979106879497,0.825581766003924,0.824549788796419,1.35481407725269,1.18677378863064,0.824549788796419,1.46196771063195,1.7887604930085,0.564147540102682,2.93821110596772,12.095367290829,12.3293550509195,38.0140114854626,2.35787665937292,9.88148309920406,0.945979106879497,0.91295583623934,0.945979106879497,NA,NA,NA
"Lao People's Democratic Republic",2012,"Asia","South-Eastern Asia",0.00355274875707792,"AS-PYR",0,0,4510,0,0,0,NA,NA,NA,NA,NA,NA,NA,NA,NA,NA,NA,NA,NA,1,1.05175670592526,1.05175670592526,1.05175670592526,0.647234895954006,0.477659353214057,2.31337932686361,1.03557583352641,0.477659353214057,2.31337932686361,1.03557583352641,0.0118120368511606,2.91255703179303,7.54160549829964,7.54160549829964,23.3627778921072,1.58391714522761,5.59770718370212,1.05175670592526,1.05175670592526,1.05175670592526,NA,NA,NA
"Lao People's Democratic Republic",2014,"Asia","South-Eastern Asia",0.00515400837043374,"AS-PYR",0,0,5570,0,0,0,NA,NA,NA,NA,NA,NA,NA,NA,NA,NA,NA,NA,NA,1,0.956641145220462,0.956641145220462,0.956641145220462,0.559267131051962,0.223706852420785,1.90548198571836,0.441526682409444,0.223706852420785,1.90548198571836,0.529832018891333,0.156006094451337,1.90548198571836,7.54160549829964,7.54160549829964,23.3627778921072,1.58391714522761,5.59770718370212,0.956641145220462,0.956641145220462,0.956641145220462,NA,NA,NA
"Lao People's Democratic Republic",2015,"Asia","South-Eastern Asia",0.00372007978683822,"AS-PYR",0,0,5850,0,0,0,NA,NA,NA,NA,NA,NA,NA,NA,NA,NA,NA,NA,NA,NA,0.576618568241062,0.309405085397643,2.1095801277112,NA,NA,NA,0.576618568241062,0.309405085397643,2.1095801277112,0.267213482843419,0.236554251654016,2.1095801277112,7.54160549829964,7.54160549829964,23.3627778921072,1.58391714522761,5.59770718370212,0.576618568241062,0.309405085397643,2.1095801277112,NA,NA,NA
"Lao People's Democratic Republic",2013,"Asia","South-Eastern Asia",0.00388526209654001,"AS-PYR",0,0,4960,0,0,0,NA,NA,NA,NA,NA,NA,NA,NA,NA,NA,NA,NA,NA,3,1.00012048527073,0.977348511144567,1.00012048527073,0.584685822158274,0.538526415145779,1.19398999472321,0.615458760166604,0.538526415145779,1.19398999472321,0.538526415145779,0.153864690041651,1.78329175758274,7.54160549829964,7.54160549829964,23.3627778921072,1.58391714522761,5.59770718370212,1.00012048527073,0.977348511144567,1.00012048527073,NA,NA,NA
"Myanmar",2012,"Asia","South-Eastern Asia",0.0779683000537852,"AS-PYR",0,0,3500,0,0,0,NA,NA,NA,NA,NA,NA,NA,NA,NA,NA,NA,NA,NA,3,0.647234895954006,0.647234895954006,0.809043619942508,0.647234895954006,0.477659353214057,2.31337932686361,1.03557583352641,0.477659353214057,2.31337932686361,1.03557583352641,0.0118120368511606,2.91255703179303,3.97779192153752,3.86979757072655,11.6093927121796,0.845955748019291,3.09583805658124,0.647234895954006,0.647234895954006,0.809043619942508,NA,NA,NA
"Myanmar",2016,"Asia","South-Eastern Asia",0.00892250528388833,"AS-PYR",0,0,3990,0,0,0,NA,NA,NA,NA,NA,NA,NA,NA,NA,NA,NA,NA,NA,7,0.600186387200456,0.238710494909272,0.600186387200456,0.463780390109443,0.238710494909272,1.43226296945563,0.463780390109443,0.192059643904146,1.43226296945563,0.463780390109443,0.192059643904146,1.43226296945563,3.97779192153752,3.86979757072655,11.6093927121796,0.845955748019291,3.09583805658124,0.600186387200456,0.238710494909272,0.600186387200456,NA,NA,NA
"Myanmar",2020,"Asia","South-Eastern Asia",0.00932676290681537,"AS-PYR",234097.174106481,1150000,5080,2183.36884004663,11091513.7074369,10725.7773428377,0.25528116774996,0.25528116774996,0.25528116774996,0.25528116774996,0.25528116774996,0.25528116774996,0.25528116774996,0.25528116774996,0.25528116774996,NA,NA,NA,NA,NA,0.37274872402416,0.24100520636544,0.8857840607088,NA,NA,NA,0.37274872402416,0.24100520636544,0.8857840607088,0.16861371714,0.0089927315808,0.8857840607088,3.97779192153752,3.86979757072655,11.6093927121796,0.845955748019291,3.09583805658124,0.37274872402416,0.24100520636544,0.8857840607088,0.25528116774996,0.25528116774996,0.25528116774996
"Myanmar",2014,"Asia","South-Eastern Asia",0.0225318307141082,"AS-PYR",0,0,3940,0,0,0,NA,NA,NA,NA,NA,NA,NA,NA,NA,NA,NA,NA,NA,5,0.662290023614166,0.483766068359947,0.662290023614166,0.559267131051962,0.223706852420785,1.90548198571836,0.441526682409444,0.223706852420785,1.90548198571836,0.529832018891333,0.156006094451337,1.90548198571836,3.97779192153752,3.86979757072655,11.6093927121796,0.845955748019291,3.09583805658124,0.662290023614166,0.483766068359947,0.662290023614166,NA,NA,NA
"Myanmar",2017,"Asia","South-Eastern Asia",0.00803720429221519,"AS-PYR",0,0,4200,0,0,0,NA,NA,NA,NA,NA,NA,NA,NA,NA,NA,NA,NA,NA,5,0.549080581357166,0.431028256365376,0.594837296470264,0.496787192656484,0.339907026554436,1.50604959457966,0.549080581357166,0.286959970494995,1.50604959457966,0.228783575565486,0.0117660124576536,1.50604959457966,3.97779192153752,3.86979757072655,11.6093927121796,0.845955748019291,3.09583805658124,0.549080581357166,0.431028256365376,0.594837296470264,NA,NA,NA
"Myanmar",2013,"Asia","South-Eastern Asia",0.0346675075196565,"AS-PYR",0,0,3740,0,0,0,NA,NA,NA,NA,NA,NA,NA,NA,NA,NA,NA,NA,NA,4,0.923188140249906,0.553912884149944,0.923188140249906,0.584685822158274,0.538526415145779,1.19398999472321,0.615458760166604,0.538526415145779,1.19398999472321,0.538526415145779,0.153864690041651,1.78329175758274,3.97779192153752,3.86979757072655,11.6093927121796,0.845955748019291,3.09583805658124,0.923188140249906,0.553912884149944,0.923188140249906,NA,NA,NA
"Myanmar",2015,"Asia","South-Eastern Asia",0.016171920086002,"AS-PYR",0,0,4030,0,0,0,NA,NA,NA,NA,NA,NA,NA,NA,NA,NA,NA,NA,NA,6,0.632874038313361,0.478030856939359,0.632874038313361,0.576618568241062,0.464107628096465,2.1095801277112,0.576618568241062,0.309405085397643,2.1095801277112,0.267213482843419,0.236554251654016,2.1095801277112,3.97779192153752,3.86979757072655,11.6093927121796,0.845955748019291,3.09583805658124,0.632874038313361,0.478030856939359,0.632874038313361,NA,NA,NA
"Myanmar",2022,"Asia","South-Eastern Asia",0.0648380990446373,"AS-PYR",656460.588261158,3224856,4760,42563.6566405778,202603005.60915,209093.532732693,0.2271,0.2271,0.2271,0.2271,0.2271,0.2271,0.2271,0.2271,0.2271,NA,NA,NA,NA,1,0.64,0.64,0.64,0.33,0.23,0.7,0.33,0.23,0.8278,0.3,0.032,0.9,3.97779192153752,3.86979757072655,11.6093927121796,0.845955748019291,3.09583805658124,0.64,0.64,0.64,0.2271,0.2271,0.2271
"Myanmar",2018,"Asia","South-Eastern Asia",0.00884824191658907,"AS-PYR",10178.1380046296,50000,4530,90.0586273253921,407965.581784026,442.412095829454,NA,NA,NA,NA,NA,NA,NA,NA,NA,NA,NA,NA,NA,NA,0.4102397770895,0.261061676329682,1.30928646433534,NA,NA,NA,0.4102397770895,0.261061676329682,1.30928646433534,0.472397319072757,0.161858239324403,1.66184404246437,3.97779192153752,3.86979757072655,11.6093927121796,0.845955748019291,3.09583805658124,0.4102397770895,0.261061676329682,1.30928646433534,NA,NA,NA
"Myanmar",2011,"Asia","South-Eastern Asia",0.0521487283400574,"AS-PYR",0,0,3200,0,0,0,NA,NA,NA,NA,NA,NA,NA,NA,NA,NA,NA,NA,NA,4,0.825581766003924,0.824549788796419,0.825581766003924,0.825581766003924,0.824549788796419,1.35481407725269,1.18677378863064,0.824549788796419,1.46196771063195,1.7887604930085,0.564147540102682,2.93821110596772,3.97779192153752,3.86979757072655,11.6093927121796,0.845955748019291,3.09583805658124,0.825581766003924,0.824549788796419,0.825581766003924,NA,NA,NA
"Myanmar",2021,"Asia","South-Eastern Asia",0.0325141972121838,"AS-PYR",122137.656055556,600000,4330,3971.2078360242,17195329.9299848,19508.5183273103,0.244906911,0.244906911,0.244906911,0.244906911,0.244906911,0.244906911,0.244906911,0.244906911,0.244906911,NA,NA,NA,NA,NA,0.3558753,0.2480343,0.7009665,NA,NA,NA,0.3558753,0.2480343,0.7009665,0.1617615,0.1617615,0.9058644,3.97779192153752,3.86979757072655,11.6093927121796,0.845955748019291,3.09583805658124,0.3558753,0.2480343,0.7009665,0.244906911,0.244906911,0.244906911
"Myanmar",2019,"Asia","South-Eastern Asia",0.00742338655831172,"AS-PYR",118066.400853704,580000,4870,876.452533085627,4268323.836127,4305.5642038208,0.268261843055776,0.268261843055776,0.268261843055776,0.268261843055776,0.268261843055776,0.268261843055776,0.268261843055776,0.268261843055776,0.268261843055776,NA,NA,NA,NA,NA,0.447888841657271,0.247517517757966,1.28190501101697,NA,NA,NA,0.447888841657271,0.247517517757966,1.28190501101697,0.447888841657271,0.00942923877173203,1.28190501101697,3.97779192153752,3.86979757072655,11.6093927121796,0.845955748019291,3.09583805658124,0.447888841657271,0.247517517757966,1.28190501101697,0.268261843055776,0.268261843055776,0.268261843055776
"Nicaragua",2021,"Americas","Latin America and the Caribbean",0.00327043815677719,"AS-PYR",122137.656055556,600000,5880,399.443650743417,2348728.66637129,1962.26289406631,NA,NA,NA,NA,NA,NA,NA,NA,NA,NA,NA,NA,NA,NA,0.7009665,0.323523,0.7009665,NA,NA,NA,0.7009665,0.323523,0.7009665,0.1617615,0.1617615,0.9058644,10.4214548532589,10.6734416718179,32.7042892372564,1.99789549000301,8.78354053262583,0.7009665,0.323523,0.7009665,NA,NA,NA
"Nicaragua",2018,"Americas","Latin America and the Caribbean",0.00164115954540906,"AS-PYR",10178.1380046296,50000,5480,16.7039483407887,91537.6369075219,82.0579772704532,NA,NA,NA,NA,NA,NA,NA,NA,NA,NA,NA,NA,NA,NA,0.472397319072757,0.261061676329682,1.21828782287185,NA,NA,NA,0.472397319072757,0.261061676329682,1.21828782287185,0.472397319072757,0.161858239324403,1.66184404246437,10.4214548532589,10.6734416718179,32.7042892372564,1.99789549000301,8.78354053262583,0.472397319072757,0.261061676329682,1.21828782287185,NA,NA,NA
"Nicaragua",2020,"Americas","Latin America and the Caribbean",0.00368658288884627,"AS-PYR",234097.174106481,1150000,5160,863.018636388221,4453176.16376322,4239.57032217321,NA,NA,NA,NA,NA,NA,NA,NA,NA,NA,NA,NA,NA,1,0.8430685857,0.8430685857,0.8430685857,0.3979283724504,0.19514227530336,0.8430685857,0.3979283724504,0.19514227530336,0.8430685857,0.16861371714,0.0089927315808,0.8857840607088,10.4214548532589,10.6734416718179,32.7042892372564,1.99789549000301,8.78354053262583,0.8430685857,0.8430685857,0.8430685857,NA,NA,NA
"Pakistan",2020,"Asia","Southern Asia",0.0616280074478762,"AS-PYR",234097.174106481,1150000,5190,14426.942389361,74875831.0007835,70872.2085650576,NA,NA,NA,0.25528116774996,0.25528116774996,0.25528116774996,0.25528116774996,0.25528116774996,0.25528116774996,NA,NA,NA,NA,2,0.258541032948,0.258541032948,0.39343200666,0.3068769651948,0.24100520636544,0.4957243283916,0.37274872402416,0.24100520636544,0.8857840607088,0.16861371714,0.0089927315808,0.8857840607088,7.99158196001203,8.08157725235451,24.0467421139101,1.69191149603858,5.99368647000902,0.258541032948,0.258541032948,0.39343200666,0.25528116774996,0.25528116774996,0.25528116774996
"Pakistan",2016,"Asia","Southern Asia",0.0560154938991478,"AS-PYR",0,0,4650,0,0,0,NA,NA,NA,NA,NA,NA,NA,NA,NA,NA,NA,NA,NA,1,0.326692363032975,0.326692363032975,0.326692363032975,0.626376338641931,0.192059643904146,0.818435982546077,0.463780390109443,0.192059643904146,1.43226296945563,0.463780390109443,0.192059643904146,1.43226296945563,7.99158196001203,8.08157725235451,24.0467421139101,1.69191149603858,5.99368647000902,0.326692363032975,0.326692363032975,0.326692363032975,NA,NA,NA
"Pakistan",2018,"Asia","Southern Asia",0.0574405026745169,"AS-PYR",10178.1380046296,50000,5160,584.63736327653,3016728.7945069,2872.02513372585,NA,NA,NA,NA,NA,NA,NA,NA,NA,NA,NA,NA,NA,1,0.261061676329682,0.261061676329682,0.261061676329682,0.298356201519636,0.261061676329682,0.745890503799091,0.4102397770895,0.261061676329682,1.30928646433534,0.472397319072757,0.161858239324403,1.66184404246437,7.99158196001203,8.08157725235451,24.0467421139101,1.69191149603858,5.99368647000902,0.261061676329682,0.261061676329682,0.261061676329682,NA,NA,NA
"Pakistan",2015,"Asia","Southern Asia",0.0595519354428133,"AS-PYR",0,0,4580,0,0,0,NA,NA,NA,NA,NA,NA,NA,NA,NA,NA,NA,NA,NA,3,0.421916025542241,0.337532820433793,0.421916025542241,0.421916025542241,0.337532820433793,1.00894185574668,0.576618568241062,0.309405085397643,2.1095801277112,0.267213482843419,0.236554251654016,2.1095801277112,7.99158196001203,8.08157725235451,24.0467421139101,1.69191149603858,5.99368647000902,0.421916025542241,0.337532820433793,0.421916025542241,NA,NA,NA
"Pakistan",2014,"Asia","Southern Asia",0.0584046567760442,"AS-PYR",0,0,4410,0,0,0,NA,NA,NA,NA,NA,NA,NA,NA,NA,NA,NA,NA,NA,1,0.485679350650388,0.485679350650388,0.485679350650388,0.441526682409444,0.441526682409444,1.05421854203295,0.441526682409444,0.223706852420785,1.90548198571836,0.529832018891333,0.156006094451337,1.90548198571836,7.99158196001203,8.08157725235451,24.0467421139101,1.69191149603858,5.99368647000902,0.485679350650388,0.485679350650388,0.485679350650388,NA,NA,NA
"Pakistan",2021,"Asia","Southern Asia",0.0561360267790231,"AS-PYR",122137.656055556,600000,5700,6856.32273106178,39081039.5670521,33681.6160674139,NA,NA,NA,0.244906911,0.244906911,0.244906911,0.244906911,0.244906911,0.244906911,NA,NA,NA,NA,1,0.323523,0.323523,0.323523,0.323523,0.29440593,0.3774435,0.3558753,0.2480343,0.7009665,0.1617615,0.1617615,0.9058644,7.99158196001203,8.08157725235451,24.0467421139101,1.69191149603858,5.99368647000902,0.323523,0.323523,0.323523,0.244906911,0.244906911,0.244906911
"Pakistan",2013,"Asia","Southern Asia",0.0782496999078405,"AS-PYR",0,0,4240,0,0,0,NA,NA,NA,NA,NA,NA,NA,NA,NA,NA,NA,NA,NA,1,0.6616181671791,0.6616181671791,0.6616181671791,0.615458760166604,0.538526415145779,1.07705283029156,0.615458760166604,0.538526415145779,1.19398999472321,0.538526415145779,0.153864690041651,1.78329175758274,7.99158196001203,8.08157725235451,24.0467421139101,1.69191149603858,5.99368647000902,0.6616181671791,0.6616181671791,0.6616181671791,NA,NA,NA
"Pakistan",2011,"Asia","Southern Asia",0.074922371647729,"AS-PYR",0,0,4100,0,0,0,NA,NA,NA,NA,NA,NA,NA,NA,NA,NA,NA,NA,NA,NA,1.18677378863064,0.824549788796419,1.46196771063195,NA,NA,NA,1.18677378863064,0.824549788796419,1.46196771063195,1.7887604930085,0.564147540102682,2.93821110596772,7.99158196001203,8.08157725235451,24.0467421139101,1.69191149603858,5.99368647000902,1.18677378863064,0.824549788796419,1.46196771063195,NA,NA,NA
"Pakistan",2022,"Asia","Southern Asia",0.29476909754026,"AS-PYR",656460.588261158,3224856,6350,193504.29517249,1228752274.34531,950587.892817293,NA,NA,NA,0.2271,0.2271,0.2271,0.2271,0.2271,0.2271,NA,NA,NA,NA,4,0.28,0.28,0.35,0.35,0.28,0.8278,0.33,0.23,0.8278,0.3,0.032,0.9,7.99158196001203,8.08157725235451,24.0467421139101,1.69191149603858,5.99368647000902,0.28,0.28,0.35,0.2271,0.2271,0.2271
"Pakistan",2017,"Asia","Southern Asia",0.0545737852360241,"AS-PYR",0,0,4820,0,0,0,NA,NA,NA,NA,NA,NA,NA,NA,NA,NA,NA,NA,NA,3,0.286959970494995,0.286959970494995,0.313106664845337,0.286959970494995,0.286959970494995,0.784400830510238,0.549080581357166,0.286959970494995,1.50604959457966,0.228783575565486,0.0117660124576536,1.50604959457966,7.99158196001203,8.08157725235451,24.0467421139101,1.69191149603858,5.99368647000902,0.286959970494995,0.286959970494995,0.313106664845337,NA,NA,NA
"Pakistan",2012,"Asia","Southern Asia",0.0734458440808217,"AS-PYR",0,0,4140,0,0,0,NA,NA,NA,NA,NA,NA,NA,NA,NA,NA,NA,NA,NA,1,0.679596640751706,0.679596640751706,0.679596640751706,1.13266106791951,0.485426171965505,1.55870343818124,1.03557583352641,0.477659353214057,2.31337932686361,1.03557583352641,0.0118120368511606,2.91255703179303,7.99158196001203,8.08157725235451,24.0467421139101,1.69191149603858,5.99368647000902,0.679596640751706,0.679596640751706,0.679596640751706,NA,NA,NA
"Pakistan",2019,"Asia","Southern Asia",0.0606923407835414,"AS-PYR",118066.400853704,580000,5280,7165.72623569918,37835034.5244917,35201.557654454,NA,NA,NA,0.268261843055776,0.268261843055776,0.268261843055776,0.268261843055776,0.268261843055776,0.268261843055776,NA,NA,NA,NA,2,0.247517517757966,0.247517517757966,0.247517517757966,0.247517517757966,0.247517517757966,0.590506078079718,0.447888841657271,0.247517517757966,1.28190501101697,0.447888841657271,0.00942923877173203,1.28190501101697,7.99158196001203,8.08157725235451,24.0467421139101,1.69191149603858,5.99368647000902,0.247517517757966,0.247517517757966,0.247517517757966,0.268261843055776,0.268261843055776,0.268261843055776
"Papua New Guinea",2017,"Oceania","Melanesia",0.0818811111422454,"AS-PYR",0,0,3890,0,0,0,NA,NA,NA,NA,NA,NA,NA,NA,NA,NA,NA,NA,NA,1,0.287613637853754,0.287613637853754,0.287613637853754,0.300686985028924,0.287613637853754,0.300686985028924,0.300686985028924,0.287613637853754,0.300686985028924,0.228783575565486,0.0117660124576536,1.50604959457966,7.46960926442566,7.36161491361468,22.444825910214,1.51192091135363,5.70570153451309,0.287613637853754,0.287613637853754,0.287613637853754,NA,NA,NA
"Papua New Guinea",2019,"Oceania","Melanesia",0.106613539307053,"AS-PYR",118066.400853704,580000,3940,12587.4768682586,49594658.8609388,61835.8527980905,NA,NA,NA,NA,NA,NA,NA,NA,NA,NA,NA,NA,NA,3,0.318236808545956,0.318236808545956,0.318236808545956,0.318236808545956,0.318236808545956,0.318236808545956,0.318236808545956,0.318236808545956,0.318236808545956,0.447888841657271,0.00942923877173203,1.28190501101697,7.46960926442566,7.36161491361468,22.444825910214,1.51192091135363,5.70570153451309,0.318236808545956,0.318236808545956,0.318236808545956,NA,NA,NA
"Papua New Guinea",2014,"Oceania","Melanesia",0.0947692188080611,"AS-PYR",0,0,3470,0,0,0,NA,NA,NA,NA,NA,NA,NA,NA,NA,NA,NA,NA,NA,4,0.632854911453536,0.632854911453536,0.632854911453536,0.632854911453536,0.632854911453536,0.632854911453536,0.632854911453536,0.632854911453536,0.632854911453536,0.529832018891333,0.156006094451337,1.90548198571836,7.46960926442566,7.36161491361468,22.444825910214,1.51192091135363,5.70570153451309,0.632854911453536,0.632854911453536,0.632854911453536,NA,NA,NA
"Papua New Guinea",2020,"Oceania","Melanesia",0.166919807710453,"AS-PYR",234097.174106481,1150000,3910,39075.4552874142,152785030.173789,191957.77886702,NA,NA,NA,NA,NA,NA,NA,NA,NA,NA,NA,NA,NA,3,0.292263776376,0.202336460568,0.33722743428,0.292263776376,0.202336460568,0.33722743428,0.292263776376,0.202336460568,0.33722743428,0.16861371714,0.0089927315808,0.8857840607088,7.46960926442566,7.36161491361468,22.444825910214,1.51192091135363,5.70570153451309,0.292263776376,0.202336460568,0.33722743428,NA,NA,NA
"Papua New Guinea",2011,"Oceania","Melanesia",0.0353417886202895,"AS-PYR",0,0,2660,0,0,0,NA,NA,NA,NA,NA,NA,NA,NA,NA,NA,NA,NA,NA,1,1.30717112950621,1.30717112950621,1.30717112950621,1.30717112950621,1.30717112950621,1.30717112950621,1.30717112950621,1.30717112950621,1.30717112950621,1.7887604930085,0.564147540102682,2.93821110596772,7.46960926442566,7.36161491361468,22.444825910214,1.51192091135363,5.70570153451309,1.30717112950621,1.30717112950621,1.30717112950621,NA,NA,NA
"Papua New Guinea",2016,"Oceania","Melanesia",0.0665733035637488,"AS-PYR",0,0,3810,0,0,0,NA,NA,NA,NA,NA,NA,NA,NA,NA,NA,NA,NA,NA,NA,0.341014992727532,0.341014992727532,0.341014992727532,NA,NA,NA,0.341014992727532,0.341014992727532,0.341014992727532,0.463780390109443,0.192059643904146,1.43226296945563,7.46960926442566,7.36161491361468,22.444825910214,1.51192091135363,5.70570153451309,0.341014992727532,0.341014992727532,0.341014992727532,NA,NA,NA
"Papua New Guinea",2022,"Oceania","Melanesia",0.184300076051537,"AS-PYR",656460.588261158,3224856,4270,120985.736341368,516609094.177643,594341.206055257,NA,NA,NA,NA,NA,NA,NA,NA,NA,NA,NA,NA,NA,4,0.2952,0.2952,0.35,0.2952,0.2952,0.35,0.2952,0.2952,0.35,0.3,0.032,0.9,7.46960926442566,7.36161491361468,22.444825910214,1.51192091135363,5.70570153451309,0.2952,0.2952,0.35,NA,NA,NA
"Papua New Guinea",2012,"Oceania","Melanesia",0.0555384152764597,"AS-PYR",0,0,2890,0,0,0,NA,NA,NA,NA,NA,NA,NA,NA,NA,NA,NA,NA,NA,3,1.22974630231261,0.728139257948257,1.22974630231261,1.22974630231261,0.728139257948257,1.22974630231261,1.22974630231261,0.728139257948257,1.22974630231261,1.03557583352641,0.0118120368511606,2.91255703179303,7.46960926442566,7.36161491361468,22.444825910214,1.51192091135363,5.70570153451309,1.22974630231261,0.728139257948257,1.22974630231261,NA,NA,NA
"Papua New Guinea",2015,"Oceania","Melanesia",0.0526693502787693,"AS-PYR",0,0,3640,0,0,0,NA,NA,NA,NA,NA,NA,NA,NA,NA,NA,NA,NA,NA,4,0.435979893060315,0.435979893060315,0.435979893060315,0.435979893060315,0.435979893060315,0.435979893060315,0.435979893060315,0.435979893060315,0.435979893060315,0.267213482843419,0.236554251654016,2.1095801277112,7.46960926442566,7.36161491361468,22.444825910214,1.51192091135363,5.70570153451309,0.435979893060315,0.435979893060315,0.435979893060315,NA,NA,NA
"Papua New Guinea",2013,"Oceania","Melanesia",0.0804714442868317,"AS-PYR",0,0,2880,0,0,0,NA,NA,NA,NA,NA,NA,NA,NA,NA,NA,NA,NA,NA,5,0.69239110518743,0.688390623246347,0.69239110518743,0.69239110518743,0.688390623246347,0.69239110518743,0.69239110518743,0.688390623246347,0.69239110518743,0.538526415145779,0.153864690041651,1.78329175758274,7.46960926442566,7.36161491361468,22.444825910214,1.51192091135363,5.70570153451309,0.69239110518743,0.688390623246347,0.69239110518743,NA,NA,NA
"Papua New Guinea",2018,"Oceania","Melanesia",0.105983588893035,"AS-PYR",10178.1380046296,50000,3860,1078.71559397924,4163842.19275986,5299.17944465174,NA,NA,NA,NA,NA,NA,NA,NA,NA,NA,NA,NA,NA,2,0.348082235106242,0.348082235106242,0.348082235106242,0.348082235106242,0.348082235106242,0.348082235106242,0.348082235106242,0.348082235106242,0.348082235106242,0.472397319072757,0.161858239324403,1.66184404246437,7.46960926442566,7.36161491361468,22.444825910214,1.51192091135363,5.70570153451309,0.348082235106242,0.348082235106242,0.348082235106242,NA,NA,NA
"Papua New Guinea",2021,"Oceania","Melanesia",0.137349298604982,"AS-PYR",122137.656055556,600000,3880,16775.521392487,65089023.0028497,82409.579162989,NA,NA,NA,NA,NA,NA,NA,NA,NA,NA,NA,NA,NA,2,0.3774435,0.282112056,0.3774435,0.282112056,0.282112056,0.3774435,0.282112056,0.282112056,0.3774435,0.1617615,0.1617615,0.9058644,7.46960926442566,7.36161491361468,22.444825910214,1.51192091135363,5.70570153451309,0.3774435,0.282112056,0.3774435,NA,NA,NA
"Peru",2015,"Americas","Latin America and the Caribbean",0.00517307131106425,"AS-PYR",0,0,11090,0,0,0,NA,NA,NA,NA,NA,NA,NA,NA,NA,NA,NA,NA,NA,NA,1.01259846130138,1.01259846130138,1.01259846130138,NA,NA,NA,1.01259846130138,1.01259846130138,1.01259846130138,0.267213482843419,0.236554251654016,2.1095801277112,23.9207487046306,24.0647411723786,72.6262009203796,5.11173260505274,17.9990584684956,1.01259846130138,1.01259846130138,1.01259846130138,NA,NA,NA
"Peru",2020,"Americas","Latin America and the Caribbean",0.00337729551352775,"AS-PYR",234097.174106481,1150000,11500,790.615335839343,9092076.36215244,3883.88984055691,NA,NA,NA,NA,NA,NA,NA,NA,NA,NA,NA,NA,NA,NA,0.3979283724504,0.19514227530336,0.8430685857,NA,NA,NA,0.3979283724504,0.19514227530336,0.8430685857,0.16861371714,0.0089927315808,0.8857840607088,23.9207487046306,24.0647411723786,72.6262009203796,5.11173260505274,17.9990584684956,0.3979283724504,0.19514227530336,0.8430685857,NA,NA,NA
"Peru",2016,"Americas","Latin America and the Caribbean",0.00401081017858997,"AS-PYR",0,0,11440,0,0,0,NA,NA,NA,NA,NA,NA,NA,NA,NA,NA,NA,NA,NA,NA,0.477420989818545,0.300093193600228,0.477420989818545,NA,NA,NA,0.477420989818545,0.300093193600228,0.477420989818545,0.463780390109443,0.192059643904146,1.43226296945563,23.9207487046306,24.0647411723786,72.6262009203796,5.11173260505274,17.9990584684956,0.477420989818545,0.300093193600228,0.477420989818545,NA,NA,NA
"Peru",2019,"Americas","Latin America and the Caribbean",0.00433398927463469,"AS-PYR",118066.400853704,580000,12800,511.698514994671,6549740.99193179,2513.71377928812,NA,NA,NA,NA,NA,NA,NA,NA,NA,NA,NA,NA,NA,NA,0.259304066222631,0.259304066222631,0.707192907879902,NA,NA,NA,0.259304066222631,0.259304066222631,0.707192907879902,0.447888841657271,0.00942923877173203,1.28190501101697,23.9207487046306,24.0647411723786,72.6262009203796,5.11173260505274,17.9990584684956,0.259304066222631,0.259304066222631,0.707192907879902,NA,NA,NA
"Peru",2017,"Americas","Latin America and the Caribbean",0.00484222340000198,"AS-PYR",0,0,11870,0,0,0,NA,NA,NA,NA,NA,NA,NA,NA,NA,NA,NA,NA,NA,NA,0.274540290678583,0.274540290678583,0.522933887006825,NA,NA,NA,0.274540290678583,0.274540290678583,0.522933887006825,0.228783575565486,0.0117660124576536,1.50604959457966,23.9207487046306,24.0647411723786,72.6262009203796,5.11173260505274,17.9990584684956,0.274540290678583,0.274540290678583,0.522933887006825,NA,NA,NA
"Peru",2013,"Americas","Latin America and the Caribbean",0.00355090404445189,"AS-PYR",0,0,10620,0,0,0,NA,NA,NA,NA,NA,NA,NA,NA,NA,NA,NA,NA,NA,NA,0.769323450208255,0.153864690041651,1.78329175758274,NA,NA,NA,0.769323450208255,0.153864690041651,1.78329175758274,0.538526415145779,0.153864690041651,1.78329175758274,23.9207487046306,24.0647411723786,72.6262009203796,5.11173260505274,17.9990584684956,0.769323450208255,0.153864690041651,1.78329175758274,NA,NA,NA
"Peru",2021,"Americas","Latin America and the Caribbean",0.00258131130614352,"AS-PYR",122137.656055556,600000,12750,315.275312482074,4019760.23414644,1548.78678368611,NA,NA,NA,NA,NA,NA,NA,NA,NA,NA,NA,NA,NA,NA,0.7009665,0.323523,0.7009665,NA,NA,NA,0.7009665,0.323523,0.7009665,0.1617615,0.1617615,0.9058644,23.9207487046306,24.0647411723786,72.6262009203796,5.11173260505274,17.9990584684956,0.7009665,0.323523,0.7009665,NA,NA,NA
"Peru",2018,"Americas","Latin America and the Caribbean",0.00475910215432517,"AS-PYR",10178.1380046296,50000,12360,48.4387985048518,598703.549519968,237.955107716259,NA,NA,NA,NA,NA,NA,NA,NA,NA,NA,NA,NA,NA,NA,0.472397319072757,0.261061676329682,1.21828782287185,NA,NA,NA,0.472397319072757,0.261061676329682,1.21828782287185,0.472397319072757,0.161858239324403,1.66184404246437,23.9207487046306,24.0647411723786,72.6262009203796,5.11173260505274,17.9990584684956,0.472397319072757,0.261061676329682,1.21828782287185,NA,NA,NA
"Peru",2022,"Americas","Latin America and the Caribbean",0.00399686911918997,"AS-PYR",656460.588261158,3224856,14080,2623.7870531863,36942921.7088631,12889.3273602345,NA,NA,NA,NA,NA,NA,NA,NA,NA,NA,NA,NA,NA,NA,0.7,0.65,0.9,NA,NA,NA,0.7,0.65,0.9,0.3,0.032,0.9,23.9207487046306,24.0647411723786,72.6262009203796,5.11173260505274,17.9990584684956,0.7,0.65,0.9,NA,NA,NA
"Peru",2014,"Americas","Latin America and the Caribbean",0.00492886916464311,"AS-PYR",0,0,10890,0,0,0,NA,NA,NA,NA,NA,NA,NA,NA,NA,NA,NA,NA,NA,NA,1.03022892562204,0.156006094451337,1.6317354426245,NA,NA,NA,1.03022892562204,0.156006094451337,1.6317354426245,0.529832018891333,0.156006094451337,1.90548198571836,23.9207487046306,24.0647411723786,72.6262009203796,5.11173260505274,17.9990584684956,1.03022892562204,0.156006094451337,1.6317354426245,NA,NA,NA
"Solomon Islands",2012,"Oceania","Melanesia",0.00232087082454579,"AS-PYR",0,0,2230,0,0,0,NA,NA,NA,NA,NA,NA,NA,NA,NA,NA,NA,NA,NA,NA,1.22974630231261,0.728139257948257,1.22974630231261,NA,NA,NA,1.22974630231261,0.728139257948257,1.22974630231261,1.03557583352641,0.0118120368511606,2.91255703179303,8.24356877857097,8.35156312938194,24.5687148094964,1.85390302225504,6.13767893775699,1.22974630231261,0.728139257948257,1.22974630231261,NA,NA,NA
"Solomon Islands",2015,"Oceania","Melanesia",0.0023700186655862,"AS-PYR",0,0,2420,0,0,0,NA,NA,NA,NA,NA,NA,NA,NA,NA,NA,NA,NA,NA,NA,0.435979893060315,0.435979893060315,0.435979893060315,NA,NA,NA,0.435979893060315,0.435979893060315,0.435979893060315,0.267213482843419,0.236554251654016,2.1095801277112,8.24356877857097,8.35156312938194,24.5687148094964,1.85390302225504,6.13767893775699,0.435979893060315,0.435979893060315,0.435979893060315,NA,NA,NA
"Solomon Islands",2020,"Oceania","Melanesia",0.01280386150511,"AS-PYR",234097.174106481,1150000,2670,2997.34779599701,8002918.61531201,14724.4407308765,NA,NA,NA,NA,NA,NA,NA,NA,NA,NA,NA,NA,NA,NA,0.292263776376,0.202336460568,0.33722743428,NA,NA,NA,0.292263776376,0.202336460568,0.33722743428,0.16861371714,0.0089927315808,0.8857840607088,8.24356877857097,8.35156312938194,24.5687148094964,1.85390302225504,6.13767893775699,0.292263776376,0.202336460568,0.33722743428,NA,NA,NA
"Solomon Islands",2011,"Oceania","Melanesia",0.00246379187853596,"AS-PYR",0,0,2140,0,0,0,NA,NA,NA,NA,NA,NA,NA,NA,NA,NA,NA,NA,NA,NA,1.30717112950621,1.30717112950621,1.30717112950621,NA,NA,NA,1.30717112950621,1.30717112950621,1.30717112950621,1.7887604930085,0.564147540102682,2.93821110596772,8.24356877857097,8.35156312938194,24.5687148094964,1.85390302225504,6.13767893775699,1.30717112950621,1.30717112950621,1.30717112950621,NA,NA,NA
"Solomon Islands",2022,"Oceania","Melanesia",0.0177638627519554,"AS-PYR",656460.588261158,3224856,2670,11661.2757919391,31135606.3644774,57285.8993788199,NA,NA,NA,NA,NA,NA,NA,NA,NA,NA,NA,NA,NA,NA,0.2952,0.2952,0.35,NA,NA,NA,0.2952,0.2952,0.35,0.3,0.032,0.9,8.24356877857097,8.35156312938194,24.5687148094964,1.85390302225504,6.13767893775699,0.2952,0.2952,0.35,NA,NA,NA
"Solomon Islands",2018,"Oceania","Melanesia",0.00705703489413918,"AS-PYR",10178.1380046296,50000,2660,71.8274750560354,191061.083649054,352.851744706959,NA,NA,NA,NA,NA,NA,NA,NA,NA,NA,NA,NA,NA,NA,0.348082235106242,0.348082235106242,0.348082235106242,NA,NA,NA,0.348082235106242,0.348082235106242,0.348082235106242,0.472397319072757,0.161858239324403,1.66184404246437,8.24356877857097,8.35156312938194,24.5687148094964,1.85390302225504,6.13767893775699,0.348082235106242,0.348082235106242,0.348082235106242,NA,NA,NA
"Solomon Islands",2019,"Oceania","Melanesia",0.013197015822487,"AS-PYR",118066.400853704,580000,2700,1558.12416017042,4206935.23246013,7654.26917704245,NA,NA,NA,NA,NA,NA,NA,NA,NA,NA,NA,NA,NA,NA,0.318236808545956,0.318236808545956,0.318236808545956,NA,NA,NA,0.318236808545956,0.318236808545956,0.318236808545956,0.447888841657271,0.00942923877173203,1.28190501101697,8.24356877857097,8.35156312938194,24.5687148094964,1.85390302225504,6.13767893775699,0.318236808545956,0.318236808545956,0.318236808545956,NA,NA,NA
"Solomon Islands",2017,"Oceania","Melanesia",0.00689453754310542,"AS-PYR",0,0,2570,0,0,0,NA,NA,NA,NA,NA,NA,NA,NA,NA,NA,NA,NA,NA,2,0.300686985028924,0.300686985028924,0.300686985028924,0.300686985028924,0.287613637853754,0.300686985028924,0.300686985028924,0.287613637853754,0.300686985028924,0.228783575565486,0.0117660124576536,1.50604959457966,8.24356877857097,8.35156312938194,24.5687148094964,1.85390302225504,6.13767893775699,0.300686985028924,0.300686985028924,0.300686985028924,NA,NA,NA
"Solomon Islands",2016,"Oceania","Melanesia",0.00463542739886218,"AS-PYR",0,0,2480,0,0,0,NA,NA,NA,NA,NA,NA,NA,NA,NA,NA,NA,NA,NA,6,0.341014992727532,0.341014992727532,0.341014992727532,0.341014992727532,0.341014992727532,0.341014992727532,0.341014992727532,0.341014992727532,0.341014992727532,0.463780390109443,0.192059643904146,1.43226296945563,8.24356877857097,8.35156312938194,24.5687148094964,1.85390302225504,6.13767893775699,0.341014992727532,0.341014992727532,0.341014992727532,NA,NA,NA
"Solomon Islands",2021,"Oceania","Melanesia",0.0168131630222992,"AS-PYR",122137.656055556,600000,2680,2053.52032242356,5503434.46409515,10087.8978133795,NA,NA,NA,NA,NA,NA,NA,NA,NA,NA,NA,NA,NA,2,0.282112056,0.282112056,0.282112056,0.282112056,0.282112056,0.3774435,0.282112056,0.282112056,0.3774435,0.1617615,0.1617615,0.9058644,8.24356877857097,8.35156312938194,24.5687148094964,1.85390302225504,6.13767893775699,0.282112056,0.282112056,0.282112056,NA,NA,NA
"Thailand",2014,"Asia","South-Eastern Asia",0.00242039326663482,"AS-PYR",0,0,14360,0,0,0,NA,NA,NA,NA,NA,NA,NA,NA,NA,NA,NA,NA,NA,1,1.90548198571836,1.90548198571836,1.90548198571836,0.559267131051962,0.223706852420785,1.90548198571836,0.441526682409444,0.223706852420785,1.90548198571836,0.529832018891333,0.156006094451337,1.90548198571836,22.6428155533674,22.6248164948989,69.4403675714559,4.4817655586554,17.1711017789448,1.90548198571836,1.90548198571836,1.90548198571836,NA,NA,NA
"Thailand",2012,"Asia","South-Eastern Asia",0.00208416608868223,"AS-PYR",0,0,13920,0,0,0,NA,NA,NA,NA,NA,NA,NA,NA,NA,NA,NA,NA,NA,2,2.31337932686361,2.23360762593728,2.31337932686361,0.647234895954006,0.477659353214057,2.31337932686361,1.03557583352641,0.477659353214057,2.31337932686361,1.03557583352641,0.0118120368511606,2.91255703179303,22.6428155533674,22.6248164948989,69.4403675714559,4.4817655586554,17.1711017789448,2.31337932686361,2.23360762593728,2.31337932686361,NA,NA,NA
"Venezuela (Bolivarian Republic of)",2011,"Americas","Latin America and the Caribbean",0.00210563871296475,"AS-PYR",0,0,16960,0,0,0,NA,NA,NA,NA,NA,NA,NA,NA,NA,NA,NA,NA,NA,NA,1.10077568800523,1.10077568800523,2.93821110596772,NA,NA,NA,1.10077568800523,1.10077568800523,2.93821110596772,1.7887604930085,0.564147540102682,2.93821110596772,29.6264502391437,29.8784370577026,92.7851464050946,6.33566858091044,23.6507628276032,1.10077568800523,1.10077568800523,2.93821110596772,NA,NA,NA
"Venezuela (Bolivarian Republic of)",2013,"Americas","Latin America and the Caribbean",0.00522184438610224,"AS-PYR",0,0,13847.8125,0,0,0,NA,NA,NA,NA,NA,NA,NA,NA,NA,NA,NA,NA,NA,NA,0.769323450208255,0.153864690041651,1.78329175758274,NA,NA,NA,0.769323450208255,0.153864690041651,1.78329175758274,0.538526415145779,0.153864690041651,1.78329175758274,29.6264502391437,29.8784370577026,92.7851464050946,6.33566858091044,23.6507628276032,0.769323450208255,0.153864690041651,1.78329175758274,NA,NA,NA
"Venezuela (Bolivarian Republic of)",2016,"Americas","Latin America and the Caribbean",0.01552302922887,"AS-PYR",0,0,14923.125,0,0,0,NA,NA,NA,NA,NA,NA,NA,NA,NA,NA,NA,NA,NA,NA,0.477420989818545,0.300093193600228,0.477420989818545,NA,NA,NA,0.477420989818545,0.300093193600228,0.477420989818545,0.463780390109443,0.192059643904146,1.43226296945563,29.6264502391437,29.8784370577026,92.7851464050946,6.33566858091044,23.6507628276032,0.477420989818545,0.300093193600228,0.477420989818545,NA,NA,NA
"Venezuela (Bolivarian Republic of)",2021,"Americas","Latin America and the Caribbean",0.0227247544978656,"AS-PYR",122137.656055556,600000,16754.6875,2775.54824880724,46503443.5499376,13634.8526987193,NA,NA,NA,NA,NA,NA,NA,NA,NA,NA,NA,NA,NA,NA,0.7009665,0.323523,0.7009665,NA,NA,NA,0.7009665,0.323523,0.7009665,0.1617615,0.1617615,0.9058644,29.6264502391437,29.8784370577026,92.7851464050946,6.33566858091044,23.6507628276032,0.7009665,0.323523,0.7009665,NA,NA,NA
"Venezuela (Bolivarian Republic of)",2012,"Americas","Latin America and the Caribbean",0.00274881485414215,"AS-PYR",0,0,13313.4375,0,0,0,NA,NA,NA,NA,NA,NA,NA,NA,NA,NA,NA,NA,NA,NA,1.29446979190801,1.19738455751491,2.91255703179303,NA,NA,NA,1.29446979190801,1.19738455751491,2.91255703179303,1.03557583352641,0.0118120368511606,2.91255703179303,29.6264502391437,29.8784370577026,92.7851464050946,6.33566858091044,23.6507628276032,1.29446979190801,1.19738455751491,2.91255703179303,NA,NA,NA
"Venezuela (Bolivarian Republic of)",2020,"Americas","Latin America and the Caribbean",0.0253594074853222,"AS-PYR",234097.174106481,1150000,15200.9375,5936.56562932867,90241363.0960733,29163.3186081205,NA,NA,NA,NA,NA,NA,NA,NA,NA,NA,NA,NA,NA,NA,0.3979283724504,0.19514227530336,0.8430685857,NA,NA,NA,0.3979283724504,0.19514227530336,0.8430685857,0.16861371714,0.0089927315808,0.8857840607088,29.6264502391437,29.8784370577026,92.7851464050946,6.33566858091044,23.6507628276032,0.3979283724504,0.19514227530336,0.8430685857,NA,NA,NA
"Venezuela (Bolivarian Republic of)",2018,"Americas","Latin America and the Caribbean",0.0386892901028342,"AS-PYR",10178.1380046296,50000,16129.6875,393.784933967798,6351627.92710871,1934.46450514171,NA,NA,NA,NA,NA,NA,NA,NA,NA,NA,NA,NA,NA,NA,0.472397319072757,0.261061676329682,1.21828782287185,NA,NA,NA,0.472397319072757,0.261061676329682,1.21828782287185,0.472397319072757,0.161858239324403,1.66184404246437,29.6264502391437,29.8784370577026,92.7851464050946,6.33566858091044,23.6507628276032,0.472397319072757,0.261061676329682,1.21828782287185,NA,NA,NA
"Venezuela (Bolivarian Republic of)",2022,"Americas","Latin America and the Caribbean",0.0170977178987571,"AS-PYR",656460.588261158,3224856,19243.4375,11223.9779497414,215987918.177227,55137.6781521142,NA,NA,NA,NA,NA,NA,NA,NA,NA,NA,NA,NA,NA,6,0.7,0.7,0.9,0.7,0.65,0.9,0.7,0.65,0.9,0.3,0.032,0.9,29.6264502391437,29.8784370577026,92.7851464050946,6.33566858091044,23.6507628276032,0.7,0.7,0.9,NA,NA,NA
"Venezuela (Bolivarian Republic of)",2017,"Americas","Latin America and the Caribbean",0.0321219943182147,"AS-PYR",0,0,15612.5,0,0,0,NA,NA,NA,NA,NA,NA,NA,NA,NA,NA,NA,NA,NA,NA,0.274540290678583,0.274540290678583,0.522933887006825,NA,NA,NA,0.274540290678583,0.274540290678583,0.522933887006825,0.228783575565486,0.0117660124576536,1.50604959457966,29.6264502391437,29.8784370577026,92.7851464050946,6.33566858091044,23.6507628276032,0.274540290678583,0.274540290678583,0.522933887006825,NA,NA,NA
"Venezuela (Bolivarian Republic of)",2014,"Americas","Latin America and the Caribbean",0.00622914496897847,"AS-PYR",0,0,14224.375,0,0,0,NA,NA,NA,NA,NA,NA,NA,NA,NA,NA,NA,NA,NA,NA,1.03022892562204,0.156006094451337,1.6317354426245,NA,NA,NA,1.03022892562204,0.156006094451337,1.6317354426245,0.529832018891333,0.156006094451337,1.90548198571836,29.6264502391437,29.8784370577026,92.7851464050946,6.33566858091044,23.6507628276032,1.03022892562204,0.156006094451337,1.6317354426245,NA,NA,NA
"Venezuela (Bolivarian Republic of)",2015,"Americas","Latin America and the Caribbean",0.00950489940383711,"AS-PYR",0,0,14509.6875,0,0,0,NA,NA,NA,NA,NA,NA,NA,NA,NA,NA,NA,NA,NA,NA,1.01259846130138,1.01259846130138,1.01259846130138,NA,NA,NA,1.01259846130138,1.01259846130138,1.01259846130138,0.267213482843419,0.236554251654016,2.1095801277112,29.6264502391437,29.8784370577026,92.7851464050946,6.33566858091044,23.6507628276032,1.01259846130138,1.01259846130138,1.01259846130138,NA,NA,NA
"Venezuela (Bolivarian Republic of)",2019,"Americas","Latin America and the Caribbean",0.0443000634332485,"AS-PYR",118066.400853704,580000,16600,5230.34904715442,86823794.1827633,25694.0367912841,NA,NA,NA,NA,NA,NA,NA,NA,NA,NA,NA,NA,NA,NA,0.259304066222631,0.259304066222631,0.707192907879902,NA,NA,NA,0.259304066222631,0.259304066222631,0.707192907879902,0.447888841657271,0.00942923877173203,1.28190501101697,29.6264502391437,29.8784370577026,92.7851464050946,6.33566858091044,23.6507628276032,0.259304066222631,0.259304066222631,0.707192907879902,NA,NA,NA
"Yemen",2018,"Asia","Western Asia",0.070914814961663,"AS-PYR",10178.1380046296,50000,35882.6666666667,721.78077325258,25899418.8930312,3545.74074808315,NA,NA,NA,NA,NA,NA,NA,NA,NA,NA,NA,NA,NA,NA,0.4102397770895,0.261061676329682,1.30928646433534,NA,NA,NA,0.4102397770895,0.261061676329682,1.30928646433534,0.472397319072757,0.161858239324403,1.66184404246437,7.59560267370513,7.52360643983114,22.4268268517455,1.6379143206331,5.72370059298159,0.4102397770895,0.261061676329682,1.30928646433534,NA,NA,NA
"Yemen",2016,"Asia","Western Asia",0.0364127114642893,"AS-PYR",0,0,32934.6666666667,0,0,0,NA,NA,NA,NA,NA,NA,NA,NA,NA,NA,NA,NA,NA,1,0.286452593891127,0.286452593891127,0.286452593891127,0.286452593891127,0.286452593891127,0.286452593891127,0.463780390109443,0.192059643904146,1.43226296945563,0.463780390109443,0.192059643904146,1.43226296945563,7.59560267370513,7.52360643983114,22.4268268517455,1.6379143206331,5.72370059298159,0.286452593891127,0.286452593891127,0.286452593891127,NA,NA,NA
"Yemen",2020,"Asia","Western Asia",0.0908574810814113,"AS-PYR",234097.174106481,1150000,35015.3333333333,21269.4795675915,744757916.885738,104486.103243623,NA,NA,NA,0.25528116774996,0.25528116774996,0.25528116774996,0.25528116774996,0.25528116774996,0.25528116774996,NA,NA,NA,NA,NA,0.37274872402416,0.24100520636544,0.8857840607088,NA,NA,NA,0.37274872402416,0.24100520636544,0.8857840607088,0.16861371714,0.0089927315808,0.8857840607088,7.59560267370513,7.52360643983114,22.4268268517455,1.6379143206331,5.72370059298159,0.37274872402416,0.24100520636544,0.8857840607088,0.25528116774996,0.25528116774996,0.25528116774996
"Yemen",2014,"Asia","Western Asia",0.0344868164963971,"AS-PYR",0,0,40155.3333333333,0,0,0,NA,NA,NA,NA,NA,NA,NA,NA,NA,NA,NA,NA,NA,2,0.441526682409444,0.33850378984724,0.441526682409444,0.441526682409444,0.33850378984724,0.441526682409444,0.441526682409444,0.223706852420785,1.90548198571836,0.529832018891333,0.156006094451337,1.90548198571836,7.59560267370513,7.52360643983114,22.4268268517455,1.6379143206331,5.72370059298159,0.441526682409444,0.33850378984724,0.441526682409444,NA,NA,NA
"Yemen",2011,"Asia","Western Asia",0.0311638067416368,"AS-PYR",0,0,3130,0,0,0,NA,NA,NA,NA,NA,NA,NA,NA,NA,NA,NA,NA,NA,NA,1.18677378863064,0.824549788796419,1.46196771063195,NA,NA,NA,1.18677378863064,0.824549788796419,1.46196771063195,1.7887604930085,0.564147540102682,2.93821110596772,7.59560267370513,7.52360643983114,22.4268268517455,1.6379143206331,5.72370059298159,1.18677378863064,0.824549788796419,1.46196771063195,NA,NA,NA
"Yemen",2021,"Asia","Western Asia",0.108799995559034,"AS-PYR",122137.656055556,600000,37874,13288.5764364353,503291543.953551,65279.9973354206,NA,NA,NA,0.244906911,0.244906911,0.244906911,0.244906911,0.244906911,0.244906911,NA,NA,NA,NA,NA,0.3558753,0.2480343,0.7009665,NA,NA,NA,0.3558753,0.2480343,0.7009665,0.1617615,0.1617615,0.9058644,7.59560267370513,7.52360643983114,22.4268268517455,1.6379143206331,5.72370059298159,0.3558753,0.2480343,0.7009665,0.244906911,0.244906911,0.244906911
"Yemen",2022,"Asia","Western Asia",0.0987004624155523,"AS-PYR",656460.588261158,3224856,44667.1428571429,64792.9636189617,2894116562.10582,318294.778423568,NA,NA,NA,0.2271,0.2271,0.2271,0.2271,0.2271,0.2271,NA,NA,NA,NA,NA,0.33,0.23,0.8278,NA,NA,NA,0.33,0.23,0.8278,0.3,0.032,0.9,7.59560267370513,7.52360643983114,22.4268268517455,1.6379143206331,5.72370059298159,0.33,0.23,0.8278,0.2271,0.2271,0.2271
"Yemen",2013,"Asia","Western Asia",0.0396873545399404,"AS-PYR",0,0,3280,0,0,0,NA,NA,NA,NA,NA,NA,NA,NA,NA,NA,NA,NA,NA,NA,0.615458760166604,0.538526415145779,1.19398999472321,NA,NA,NA,0.615458760166604,0.538526415145779,1.19398999472321,0.538526415145779,0.153864690041651,1.78329175758274,7.59560267370513,7.52360643983114,22.4268268517455,1.6379143206331,5.72370059298159,0.615458760166604,0.538526415145779,1.19398999472321,NA,NA,NA
"Yemen",2019,"Asia","Western Asia",0.0788089637539594,"AS-PYR",118066.400853704,580000,36486,9304.69070543997,339490945.078683,45709.1989772964,NA,NA,NA,0.268261843055776,0.268261843055776,0.268261843055776,0.268261843055776,0.268261843055776,0.268261843055776,NA,NA,NA,NA,NA,0.447888841657271,0.247517517757966,1.28190501101697,NA,NA,NA,0.447888841657271,0.247517517757966,1.28190501101697,0.447888841657271,0.00942923877173203,1.28190501101697,7.59560267370513,7.52360643983114,22.4268268517455,1.6379143206331,5.72370059298159,0.447888841657271,0.247517517757966,1.28190501101697,0.268261843055776,0.268261843055776,0.268261843055776
"Yemen",2015,"Asia","Western Asia",0.0305883678047987,"AS-PYR",0,0,33929.3333333333,0,0,0,NA,NA,NA,NA,NA,NA,NA,NA,NA,NA,NA,NA,NA,3,0.309405085397643,0.309405085397643,0.351596687951867,0.309405085397643,0.309405085397643,0.351596687951867,0.576618568241062,0.309405085397643,2.1095801277112,0.267213482843419,0.236554251654016,2.1095801277112,7.59560267370513,7.52360643983114,22.4268268517455,1.6379143206331,5.72370059298159,0.309405085397643,0.309405085397643,0.351596687951867,NA,NA,NA
"Yemen",2012,"Asia","Western Asia",0.0382639472021331,"AS-PYR",0,0,3110,0,0,0,NA,NA,NA,NA,NA,NA,NA,NA,NA,NA,NA,NA,NA,1,0.550149661560905,0.550149661560905,0.550149661560905,0.550149661560905,0.550149661560905,0.550149661560905,1.03557583352641,0.477659353214057,2.31337932686361,1.03557583352641,0.0118120368511606,2.91255703179303,7.59560267370513,7.52360643983114,22.4268268517455,1.6379143206331,5.72370059298159,0.550149661560905,0.550149661560905,0.550149661560905,NA,NA,NA
"Yemen",2017,"Asia","Western Asia",0.0497302972351232,"AS-PYR",0,0,35280.6666666667,0,0,0,NA,NA,NA,NA,NA,NA,NA,NA,NA,NA,NA,NA,NA,NA,0.549080581357166,0.286959970494995,1.50604959457966,NA,NA,NA,0.549080581357166,0.286959970494995,1.50604959457966,0.228783575565486,0.0117660124576536,1.50604959457966,7.59560267370513,7.52360643983114,22.4268268517455,1.6379143206331,5.72370059298159,0.549080581357166,0.286959970494995,1.50604959457966,NA,NA,NA
